time,_sum_consumption_active_power
2017-09-30 22:00:00+00:00,
2017-09-30 23:00:00+00:00,
2017-10-01 00:00:00+00:00,
2017-10-01 01:00:00+00:00,
2017-10-01 02:00:00+00:00,
2017-10-01 03:00:00+00:00,
2017-10-01 04:00:00+00:00,
2017-10-01 05:00:00+00:00,
2017-10-01 06:00:00+00:00,
2017-10-01 07:00:00+00:00,
2017-10-01 08:00:00+00:00,
2017-10-01 09:00:00+00:00,
2017-10-01 10:00:00+00:00,
2017-10-01 11:00:00+00:00,
2017-10-01 12:00:00+00:00,
2017-10-01 13:00:00+00:00,
2017-10-01 14:00:00+00:00,
2017-10-01 15:00:00+00:00,
2017-10-01 16:00:00+00:00,
2017-10-01 17:00:00+00:00,
2017-10-01 18:00:00+00:00,
2017-10-01 19:00:00+00:00,
2017-10-01 20:00:00+00:00,
2017-10-01 21:00:00+00:00,
2017-10-01 22:00:00+00:00,
2017-10-01 23:00:00+00:00,
2017-10-02 00:00:00+00:00,
2017-10-02 01:00:00+00:00,
2017-10-02 02:00:00+00:00,
2017-10-02 03:00:00+00:00,
2017-10-02 04:00:00+00:00,
2017-10-02 05:00:00+00:00,
2017-10-02 06:00:00+00:00,
2017-10-02 07:00:00+00:00,
2017-10-02 08:00:00+00:00,
2017-10-02 09:00:00+00:00,
2017-10-02 10:00:00+00:00,
2017-10-02 11:00:00+00:00,
2017-10-02 12:00:00+00:00,
2017-10-02 13:00:00+00:00,
2017-10-02 14:00:00+00:00,
2017-10-02 15:00:00+00:00,
2017-10-02 16:00:00+00:00,
2017-10-02 17:00:00+00:00,
2017-10-02 18:00:00+00:00,
2017-10-02 19:00:00+00:00,
2017-10-02 20:00:00+00:00,
2017-10-02 21:00:00+00:00,
2017-10-02 22:00:00+00:00,
2017-10-02 23:00:00+00:00,
2017-10-03 00:00:00+00:00,
2017-10-03 01:00:00+00:00,
2017-10-03 02:00:00+00:00,
2017-10-03 03:00:00+00:00,
2017-10-03 04:00:00+00:00,
2017-10-03 05:00:00+00:00,
2017-10-03 06:00:00+00:00,
2017-10-03 07:00:00+00:00,
2017-10-03 08:00:00+00:00,
2017-10-03 09:00:00+00:00,
2017-10-03 10:00:00+00:00,
2017-10-03 11:00:00+00:00,
2017-10-03 12:00:00+00:00,
2017-10-03 13:00:00+00:00,
2017-10-03 14:00:00+00:00,
2017-10-03 15:00:00+00:00,
2017-10-03 16:00:00+00:00,
2017-10-03 17:00:00+00:00,
2017-10-03 18:00:00+00:00,
2017-10-03 19:00:00+00:00,
2017-10-03 20:00:00+00:00,
2017-10-03 21:00:00+00:00,
2017-10-03 22:00:00+00:00,
2017-10-03 23:00:00+00:00,
2017-10-04 00:00:00+00:00,
2017-10-04 01:00:00+00:00,
2017-10-04 02:00:00+00:00,
2017-10-04 03:00:00+00:00,
2017-10-04 04:00:00+00:00,
2017-10-04 05:00:00+00:00,
2017-10-04 06:00:00+00:00,
2017-10-04 07:00:00+00:00,
2017-10-04 08:00:00+00:00,
2017-10-04 09:00:00+00:00,
2017-10-04 10:00:00+00:00,
2017-10-04 11:00:00+00:00,
2017-10-04 12:00:00+00:00,
2017-10-04 13:00:00+00:00,
2017-10-04 14:00:00+00:00,
2017-10-04 15:00:00+00:00,
2017-10-04 16:00:00+00:00,
2017-10-04 17:00:00+00:00,
2017-10-04 18:00:00+00:00,
2017-10-04 19:00:00+00:00,
2017-10-04 20:00:00+00:00,
2017-10-04 21:00:00+00:00,
2017-10-04 22:00:00+00:00,
2017-10-04 23:00:00+00:00,
2017-10-05 00:00:00+00:00,
2017-10-05 01:00:00+00:00,
2017-10-05 02:00:00+00:00,
2017-10-05 03:00:00+00:00,
2017-10-05 04:00:00+00:00,
2017-10-05 05:00:00+00:00,
2017-10-05 06:00:00+00:00,
2017-10-05 07:00:00+00:00,
2017-10-05 08:00:00+00:00,
2017-10-05 09:00:00+00:00,
2017-10-05 10:00:00+00:00,
2017-10-05 11:00:00+00:00,
2017-10-05 12:00:00+00:00,
2017-10-05 13:00:00+00:00,
2017-10-05 14:00:00+00:00,
2017-10-05 15:00:00+00:00,
2017-10-05 16:00:00+00:00,
2017-10-05 17:00:00+00:00,
2017-10-05 18:00:00+00:00,
2017-10-05 19:00:00+00:00,
2017-10-05 20:00:00+00:00,
2017-10-05 21:00:00+00:00,
2017-10-05 22:00:00+00:00,
2017-10-05 23:00:00+00:00,
2017-10-06 00:00:00+00:00,
2017-10-06 01:00:00+00:00,
2017-10-06 02:00:00+00:00,
2017-10-06 03:00:00+00:00,
2017-10-06 04:00:00+00:00,
2017-10-06 05:00:00+00:00,
2017-10-06 06:00:00+00:00,
2017-10-06 07:00:00+00:00,
2017-10-06 08:00:00+00:00,
2017-10-06 09:00:00+00:00,
2017-10-06 10:00:00+00:00,
2017-10-06 11:00:00+00:00,
2017-10-06 12:00:00+00:00,
2017-10-06 13:00:00+00:00,
2017-10-06 14:00:00+00:00,
2017-10-06 15:00:00+00:00,
2017-10-06 16:00:00+00:00,
2017-10-06 17:00:00+00:00,
2017-10-06 18:00:00+00:00,
2017-10-06 19:00:00+00:00,
2017-10-06 20:00:00+00:00,
2017-10-06 21:00:00+00:00,
2017-10-06 22:00:00+00:00,
2017-10-06 23:00:00+00:00,
2017-10-07 00:00:00+00:00,
2017-10-07 01:00:00+00:00,
2017-10-07 02:00:00+00:00,
2017-10-07 03:00:00+00:00,
2017-10-07 04:00:00+00:00,
2017-10-07 05:00:00+00:00,
2017-10-07 06:00:00+00:00,
2017-10-07 07:00:00+00:00,
2017-10-07 08:00:00+00:00,
2017-10-07 09:00:00+00:00,
2017-10-07 10:00:00+00:00,
2017-10-07 11:00:00+00:00,
2017-10-07 12:00:00+00:00,
2017-10-07 13:00:00+00:00,
2017-10-07 14:00:00+00:00,
2017-10-07 15:00:00+00:00,
2017-10-07 16:00:00+00:00,
2017-10-07 17:00:00+00:00,
2017-10-07 18:00:00+00:00,
2017-10-07 19:00:00+00:00,
2017-10-07 20:00:00+00:00,
2017-10-07 21:00:00+00:00,
2017-10-07 22:00:00+00:00,
2017-10-07 23:00:00+00:00,
2017-10-08 00:00:00+00:00,
2017-10-08 01:00:00+00:00,
2017-10-08 02:00:00+00:00,
2017-10-08 03:00:00+00:00,
2017-10-08 04:00:00+00:00,
2017-10-08 05:00:00+00:00,
2017-10-08 06:00:00+00:00,
2017-10-08 07:00:00+00:00,
2017-10-08 08:00:00+00:00,
2017-10-08 09:00:00+00:00,
2017-10-08 10:00:00+00:00,
2017-10-08 11:00:00+00:00,
2017-10-08 12:00:00+00:00,
2017-10-08 13:00:00+00:00,
2017-10-08 14:00:00+00:00,
2017-10-08 15:00:00+00:00,
2017-10-08 16:00:00+00:00,
2017-10-08 17:00:00+00:00,
2017-10-08 18:00:00+00:00,
2017-10-08 19:00:00+00:00,
2017-10-08 20:00:00+00:00,
2017-10-08 21:00:00+00:00,
2017-10-08 22:00:00+00:00,
2017-10-08 23:00:00+00:00,
2017-10-09 00:00:00+00:00,
2017-10-09 01:00:00+00:00,
2017-10-09 02:00:00+00:00,
2017-10-09 03:00:00+00:00,
2017-10-09 04:00:00+00:00,
2017-10-09 05:00:00+00:00,
2017-10-09 06:00:00+00:00,
2017-10-09 07:00:00+00:00,
2017-10-09 08:00:00+00:00,
2017-10-09 09:00:00+00:00,
2017-10-09 10:00:00+00:00,
2017-10-09 11:00:00+00:00,
2017-10-09 12:00:00+00:00,
2017-10-09 13:00:00+00:00,
2017-10-09 14:00:00+00:00,
2017-10-09 15:00:00+00:00,
2017-10-09 16:00:00+00:00,
2017-10-09 17:00:00+00:00,
2017-10-09 18:00:00+00:00,
2017-10-09 19:00:00+00:00,
2017-10-09 20:00:00+00:00,
2017-10-09 21:00:00+00:00,
2017-10-09 22:00:00+00:00,
2017-10-09 23:00:00+00:00,
2017-10-10 00:00:00+00:00,
2017-10-10 01:00:00+00:00,
2017-10-10 02:00:00+00:00,
2017-10-10 03:00:00+00:00,
2017-10-10 04:00:00+00:00,
2017-10-10 05:00:00+00:00,
2017-10-10 06:00:00+00:00,
2017-10-10 07:00:00+00:00,
2017-10-10 08:00:00+00:00,
2017-10-10 09:00:00+00:00,
2017-10-10 10:00:00+00:00,
2017-10-10 11:00:00+00:00,
2017-10-10 12:00:00+00:00,
2017-10-10 13:00:00+00:00,
2017-10-10 14:00:00+00:00,
2017-10-10 15:00:00+00:00,
2017-10-10 16:00:00+00:00,
2017-10-10 17:00:00+00:00,
2017-10-10 18:00:00+00:00,
2017-10-10 19:00:00+00:00,
2017-10-10 20:00:00+00:00,
2017-10-10 21:00:00+00:00,
2017-10-10 22:00:00+00:00,
2017-10-10 23:00:00+00:00,
2017-10-11 00:00:00+00:00,
2017-10-11 01:00:00+00:00,
2017-10-11 02:00:00+00:00,
2017-10-11 03:00:00+00:00,
2017-10-11 04:00:00+00:00,
2017-10-11 05:00:00+00:00,
2017-10-11 06:00:00+00:00,
2017-10-11 07:00:00+00:00,
2017-10-11 08:00:00+00:00,
2017-10-11 09:00:00+00:00,
2017-10-11 10:00:00+00:00,
2017-10-11 11:00:00+00:00,
2017-10-11 12:00:00+00:00,
2017-10-11 13:00:00+00:00,
2017-10-11 14:00:00+00:00,
2017-10-11 15:00:00+00:00,
2017-10-11 16:00:00+00:00,
2017-10-11 17:00:00+00:00,
2017-10-11 18:00:00+00:00,
2017-10-11 19:00:00+00:00,
2017-10-11 20:00:00+00:00,
2017-10-11 21:00:00+00:00,
2017-10-11 22:00:00+00:00,
2017-10-11 23:00:00+00:00,
2017-10-12 00:00:00+00:00,
2017-10-12 01:00:00+00:00,
2017-10-12 02:00:00+00:00,
2017-10-12 03:00:00+00:00,
2017-10-12 04:00:00+00:00,
2017-10-12 05:00:00+00:00,
2017-10-12 06:00:00+00:00,
2017-10-12 07:00:00+00:00,
2017-10-12 08:00:00+00:00,
2017-10-12 09:00:00+00:00,
2017-10-12 10:00:00+00:00,
2017-10-12 11:00:00+00:00,
2017-10-12 12:00:00+00:00,
2017-10-12 13:00:00+00:00,
2017-10-12 14:00:00+00:00,
2017-10-12 15:00:00+00:00,
2017-10-12 16:00:00+00:00,
2017-10-12 17:00:00+00:00,
2017-10-12 18:00:00+00:00,
2017-10-12 19:00:00+00:00,
2017-10-12 20:00:00+00:00,
2017-10-12 21:00:00+00:00,
2017-10-12 22:00:00+00:00,
2017-10-12 23:00:00+00:00,
2017-10-13 00:00:00+00:00,
2017-10-13 01:00:00+00:00,
2017-10-13 02:00:00+00:00,
2017-10-13 03:00:00+00:00,
2017-10-13 04:00:00+00:00,
2017-10-13 05:00:00+00:00,
2017-10-13 06:00:00+00:00,
2017-10-13 07:00:00+00:00,
2017-10-13 08:00:00+00:00,
2017-10-13 09:00:00+00:00,
2017-10-13 10:00:00+00:00,
2017-10-13 11:00:00+00:00,
2017-10-13 12:00:00+00:00,
2017-10-13 13:00:00+00:00,
2017-10-13 14:00:00+00:00,
2017-10-13 15:00:00+00:00,
2017-10-13 16:00:00+00:00,
2017-10-13 17:00:00+00:00,
2017-10-13 18:00:00+00:00,
2017-10-13 19:00:00+00:00,
2017-10-13 20:00:00+00:00,
2017-10-13 21:00:00+00:00,
2017-10-13 22:00:00+00:00,
2017-10-13 23:00:00+00:00,
2017-10-14 00:00:00+00:00,
2017-10-14 01:00:00+00:00,
2017-10-14 02:00:00+00:00,
2017-10-14 03:00:00+00:00,
2017-10-14 04:00:00+00:00,
2017-10-14 05:00:00+00:00,
2017-10-14 06:00:00+00:00,
2017-10-14 07:00:00+00:00,
2017-10-14 08:00:00+00:00,
2017-10-14 09:00:00+00:00,
2017-10-14 10:00:00+00:00,
2017-10-14 11:00:00+00:00,
2017-10-14 12:00:00+00:00,
2017-10-14 13:00:00+00:00,
2017-10-14 14:00:00+00:00,
2017-10-14 15:00:00+00:00,
2017-10-14 16:00:00+00:00,
2017-10-14 17:00:00+00:00,
2017-10-14 18:00:00+00:00,
2017-10-14 19:00:00+00:00,
2017-10-14 20:00:00+00:00,
2017-10-14 21:00:00+00:00,
2017-10-14 22:00:00+00:00,
2017-10-14 23:00:00+00:00,
2017-10-15 00:00:00+00:00,
2017-10-15 01:00:00+00:00,
2017-10-15 02:00:00+00:00,
2017-10-15 03:00:00+00:00,
2017-10-15 04:00:00+00:00,
2017-10-15 05:00:00+00:00,
2017-10-15 06:00:00+00:00,
2017-10-15 07:00:00+00:00,
2017-10-15 08:00:00+00:00,
2017-10-15 09:00:00+00:00,
2017-10-15 10:00:00+00:00,
2017-10-15 11:00:00+00:00,
2017-10-15 12:00:00+00:00,
2017-10-15 13:00:00+00:00,
2017-10-15 14:00:00+00:00,
2017-10-15 15:00:00+00:00,
2017-10-15 16:00:00+00:00,
2017-10-15 17:00:00+00:00,
2017-10-15 18:00:00+00:00,
2017-10-15 19:00:00+00:00,
2017-10-15 20:00:00+00:00,
2017-10-15 21:00:00+00:00,
2017-10-15 22:00:00+00:00,
2017-10-15 23:00:00+00:00,
2017-10-16 00:00:00+00:00,
2017-10-16 01:00:00+00:00,
2017-10-16 02:00:00+00:00,
2017-10-16 03:00:00+00:00,
2017-10-16 04:00:00+00:00,
2017-10-16 05:00:00+00:00,
2017-10-16 06:00:00+00:00,
2017-10-16 07:00:00+00:00,
2017-10-16 08:00:00+00:00,
2017-10-16 09:00:00+00:00,
2017-10-16 10:00:00+00:00,
2017-10-16 11:00:00+00:00,
2017-10-16 12:00:00+00:00,
2017-10-16 13:00:00+00:00,
2017-10-16 14:00:00+00:00,
2017-10-16 15:00:00+00:00,
2017-10-16 16:00:00+00:00,
2017-10-16 17:00:00+00:00,
2017-10-16 18:00:00+00:00,
2017-10-16 19:00:00+00:00,
2017-10-16 20:00:00+00:00,
2017-10-16 21:00:00+00:00,
2017-10-16 22:00:00+00:00,
2017-10-16 23:00:00+00:00,
2017-10-17 00:00:00+00:00,
2017-10-17 01:00:00+00:00,
2017-10-17 02:00:00+00:00,
2017-10-17 03:00:00+00:00,
2017-10-17 04:00:00+00:00,
2017-10-17 05:00:00+00:00,
2017-10-17 06:00:00+00:00,
2017-10-17 07:00:00+00:00,
2017-10-17 08:00:00+00:00,
2017-10-17 09:00:00+00:00,
2017-10-17 10:00:00+00:00,
2017-10-17 11:00:00+00:00,
2017-10-17 12:00:00+00:00,
2017-10-17 13:00:00+00:00,
2017-10-17 14:00:00+00:00,
2017-10-17 15:00:00+00:00,
2017-10-17 16:00:00+00:00,
2017-10-17 17:00:00+00:00,
2017-10-17 18:00:00+00:00,
2017-10-17 19:00:00+00:00,
2017-10-17 20:00:00+00:00,
2017-10-17 21:00:00+00:00,
2017-10-17 22:00:00+00:00,
2017-10-17 23:00:00+00:00,
2017-10-18 00:00:00+00:00,
2017-10-18 01:00:00+00:00,
2017-10-18 02:00:00+00:00,
2017-10-18 03:00:00+00:00,
2017-10-18 04:00:00+00:00,
2017-10-18 05:00:00+00:00,
2017-10-18 06:00:00+00:00,
2017-10-18 07:00:00+00:00,
2017-10-18 08:00:00+00:00,
2017-10-18 09:00:00+00:00,
2017-10-18 10:00:00+00:00,
2017-10-18 11:00:00+00:00,
2017-10-18 12:00:00+00:00,
2017-10-18 13:00:00+00:00,
2017-10-18 14:00:00+00:00,
2017-10-18 15:00:00+00:00,
2017-10-18 16:00:00+00:00,
2017-10-18 17:00:00+00:00,
2017-10-18 18:00:00+00:00,
2017-10-18 19:00:00+00:00,
2017-10-18 20:00:00+00:00,
2017-10-18 21:00:00+00:00,
2017-10-18 22:00:00+00:00,
2017-10-18 23:00:00+00:00,
2017-10-19 00:00:00+00:00,
2017-10-19 01:00:00+00:00,
2017-10-19 02:00:00+00:00,
2017-10-19 03:00:00+00:00,
2017-10-19 04:00:00+00:00,
2017-10-19 05:00:00+00:00,
2017-10-19 06:00:00+00:00,
2017-10-19 07:00:00+00:00,
2017-10-19 08:00:00+00:00,
2017-10-19 09:00:00+00:00,
2017-10-19 10:00:00+00:00,
2017-10-19 11:00:00+00:00,
2017-10-19 12:00:00+00:00,
2017-10-19 13:00:00+00:00,
2017-10-19 14:00:00+00:00,
2017-10-19 15:00:00+00:00,
2017-10-19 16:00:00+00:00,
2017-10-19 17:00:00+00:00,
2017-10-19 18:00:00+00:00,
2017-10-19 19:00:00+00:00,
2017-10-19 20:00:00+00:00,
2017-10-19 21:00:00+00:00,
2017-10-19 22:00:00+00:00,
2017-10-19 23:00:00+00:00,
2017-10-20 00:00:00+00:00,
2017-10-20 01:00:00+00:00,
2017-10-20 02:00:00+00:00,
2017-10-20 03:00:00+00:00,
2017-10-20 04:00:00+00:00,
2017-10-20 05:00:00+00:00,
2017-10-20 06:00:00+00:00,
2017-10-20 07:00:00+00:00,
2017-10-20 08:00:00+00:00,
2017-10-20 09:00:00+00:00,
2017-10-20 10:00:00+00:00,
2017-10-20 11:00:00+00:00,
2017-10-20 12:00:00+00:00,
2017-10-20 13:00:00+00:00,
2017-10-20 14:00:00+00:00,
2017-10-20 15:00:00+00:00,
2017-10-20 16:00:00+00:00,
2017-10-20 17:00:00+00:00,
2017-10-20 18:00:00+00:00,
2017-10-20 19:00:00+00:00,
2017-10-20 20:00:00+00:00,
2017-10-20 21:00:00+00:00,
2017-10-20 22:00:00+00:00,
2017-10-20 23:00:00+00:00,
2017-10-21 00:00:00+00:00,
2017-10-21 01:00:00+00:00,
2017-10-21 02:00:00+00:00,
2017-10-21 03:00:00+00:00,
2017-10-21 04:00:00+00:00,
2017-10-21 05:00:00+00:00,
2017-10-21 06:00:00+00:00,
2017-10-21 07:00:00+00:00,
2017-10-21 08:00:00+00:00,
2017-10-21 09:00:00+00:00,
2017-10-21 10:00:00+00:00,
2017-10-21 11:00:00+00:00,
2017-10-21 12:00:00+00:00,
2017-10-21 13:00:00+00:00,
2017-10-21 14:00:00+00:00,
2017-10-21 15:00:00+00:00,
2017-10-21 16:00:00+00:00,
2017-10-21 17:00:00+00:00,
2017-10-21 18:00:00+00:00,
2017-10-21 19:00:00+00:00,
2017-10-21 20:00:00+00:00,
2017-10-21 21:00:00+00:00,
2017-10-21 22:00:00+00:00,
2017-10-21 23:00:00+00:00,
2017-10-22 00:00:00+00:00,
2017-10-22 01:00:00+00:00,
2017-10-22 02:00:00+00:00,
2017-10-22 03:00:00+00:00,
2017-10-22 04:00:00+00:00,
2017-10-22 05:00:00+00:00,
2017-10-22 06:00:00+00:00,
2017-10-22 07:00:00+00:00,
2017-10-22 08:00:00+00:00,
2017-10-22 09:00:00+00:00,
2017-10-22 10:00:00+00:00,
2017-10-22 11:00:00+00:00,
2017-10-22 12:00:00+00:00,
2017-10-22 13:00:00+00:00,
2017-10-22 14:00:00+00:00,
2017-10-22 15:00:00+00:00,
2017-10-22 16:00:00+00:00,
2017-10-22 17:00:00+00:00,
2017-10-22 18:00:00+00:00,
2017-10-22 19:00:00+00:00,
2017-10-22 20:00:00+00:00,
2017-10-22 21:00:00+00:00,
2017-10-22 22:00:00+00:00,
2017-10-22 23:00:00+00:00,
2017-10-23 00:00:00+00:00,612.75
2017-10-23 01:00:00+00:00,372.25
2017-10-23 02:00:00+00:00,236.75
2017-10-23 03:00:00+00:00,2178.5
2017-10-23 04:00:00+00:00,1702.0
2017-10-23 05:00:00+00:00,560.5
2017-10-23 06:00:00+00:00,334.75
2017-10-23 07:00:00+00:00,110.0
2017-10-23 08:00:00+00:00,270.5
2017-10-23 09:00:00+00:00,516.25
2017-10-23 10:00:00+00:00,512.5
2017-10-23 11:00:00+00:00,820.5
2017-10-23 12:00:00+00:00,429.5
2017-10-23 13:00:00+00:00,418.0
2017-10-23 14:00:00+00:00,306.5
2017-10-23 15:00:00+00:00,486.75
2017-10-23 16:00:00+00:00,1231.75
2017-10-23 17:00:00+00:00,790.0
2017-10-23 18:00:00+00:00,749.5576923076923
2017-10-23 19:00:00+00:00,709.1153846153846
2017-10-23 20:00:00+00:00,668.6730769230769
2017-10-23 21:00:00+00:00,628.2307692307693
2017-10-23 22:00:00+00:00,
2017-10-23 23:00:00+00:00,
2017-10-24 00:00:00+00:00,
2017-10-24 01:00:00+00:00,
2017-10-24 02:00:00+00:00,
2017-10-24 03:00:00+00:00,
2017-10-24 04:00:00+00:00,
2017-10-24 05:00:00+00:00,
2017-10-24 06:00:00+00:00,264.25
2017-10-24 07:00:00+00:00,320.0
2017-10-24 08:00:00+00:00,375.75
2017-10-24 09:00:00+00:00,400.5
2017-10-24 10:00:00+00:00,393.25
2017-10-24 11:00:00+00:00,395.0
2017-10-24 12:00:00+00:00,394.75
2017-10-24 13:00:00+00:00,413.5
2017-10-24 14:00:00+00:00,315.5
2017-10-24 15:00:00+00:00,663.75
2017-10-24 16:00:00+00:00,1532.75
2017-10-24 17:00:00+00:00,806.75
2017-10-24 18:00:00+00:00,1002.75
2017-10-24 19:00:00+00:00,748.75
2017-10-24 20:00:00+00:00,830.0
2017-10-24 21:00:00+00:00,499.75
2017-10-24 22:00:00+00:00,504.75
2017-10-24 23:00:00+00:00,266.5
2017-10-25 00:00:00+00:00,288.5
2017-10-25 01:00:00+00:00,286.25
2017-10-25 02:00:00+00:00,645.5
2017-10-25 03:00:00+00:00,795.25
2017-10-25 04:00:00+00:00,432.75
2017-10-25 05:00:00+00:00,624.75
2017-10-25 06:00:00+00:00,436.75
2017-10-25 07:00:00+00:00,402.75
2017-10-25 08:00:00+00:00,420.0
2017-10-25 09:00:00+00:00,800.0
2017-10-25 10:00:00+00:00,1070.0
2017-10-25 11:00:00+00:00,456.75
2017-10-25 12:00:00+00:00,395.0
2017-10-25 13:00:00+00:00,414.5
2017-10-25 14:00:00+00:00,2352.25
2017-10-25 15:00:00+00:00,3346.25
2017-10-25 16:00:00+00:00,775.75
2017-10-25 17:00:00+00:00,803.0
2017-10-25 18:00:00+00:00,1021.0
2017-10-25 19:00:00+00:00,750.25
2017-10-25 20:00:00+00:00,663.75
2017-10-25 21:00:00+00:00,497.25
2017-10-25 22:00:00+00:00,565.25
2017-10-25 23:00:00+00:00,572.5
2017-10-26 00:00:00+00:00,443.5
2017-10-26 01:00:00+00:00,268.25
2017-10-26 02:00:00+00:00,678.5
2017-10-26 03:00:00+00:00,646.0
2017-10-26 04:00:00+00:00,371.0
2017-10-26 05:00:00+00:00,356.0
2017-10-26 06:00:00+00:00,295.5
2017-10-26 07:00:00+00:00,354.0
2017-10-26 08:00:00+00:00,364.75
2017-10-26 09:00:00+00:00,507.0
2017-10-26 10:00:00+00:00,393.25
2017-10-26 11:00:00+00:00,547.75
2017-10-26 12:00:00+00:00,402.25
2017-10-26 13:00:00+00:00,510.75
2017-10-26 14:00:00+00:00,764.75
2017-10-26 15:00:00+00:00,809.75
2017-10-26 16:00:00+00:00,566.75
2017-10-26 17:00:00+00:00,559.5
2017-10-26 18:00:00+00:00,589.5
2017-10-26 19:00:00+00:00,766.0
2017-10-26 20:00:00+00:00,889.75
2017-10-26 21:00:00+00:00,674.0
2017-10-26 22:00:00+00:00,627.5
2017-10-26 23:00:00+00:00,621.75
2017-10-27 00:00:00+00:00,658.25
2017-10-27 01:00:00+00:00,315.0
2017-10-27 02:00:00+00:00,231.25
2017-10-27 03:00:00+00:00,421.25
2017-10-27 04:00:00+00:00,702.0
2017-10-27 05:00:00+00:00,686.0
2017-10-27 06:00:00+00:00,521.5
2017-10-27 07:00:00+00:00,453.25
2017-10-27 08:00:00+00:00,907.5
2017-10-27 09:00:00+00:00,1738.25
2017-10-27 10:00:00+00:00,488.5
2017-10-27 11:00:00+00:00,409.5
2017-10-27 12:00:00+00:00,883.0
2017-10-27 13:00:00+00:00,3053.75
2017-10-27 14:00:00+00:00,1302.0
2017-10-27 15:00:00+00:00,1529.5
2017-10-27 16:00:00+00:00,1218.25
2017-10-27 17:00:00+00:00,663.75
2017-10-27 18:00:00+00:00,956.75
2017-10-27 19:00:00+00:00,644.25
2017-10-27 20:00:00+00:00,428.0
2017-10-27 21:00:00+00:00,312.5
2017-10-27 22:00:00+00:00,251.5
2017-10-27 23:00:00+00:00,267.75
2017-10-28 00:00:00+00:00,267.75
2017-10-28 01:00:00+00:00,251.25
2017-10-28 02:00:00+00:00,274.5
2017-10-28 03:00:00+00:00,338.25
2017-10-28 04:00:00+00:00,541.75
2017-10-28 05:00:00+00:00,707.0
2017-10-28 06:00:00+00:00,465.5
2017-10-28 07:00:00+00:00,316.75
2017-10-28 08:00:00+00:00,443.75
2017-10-28 09:00:00+00:00,388.75
2017-10-28 10:00:00+00:00,421.25
2017-10-28 11:00:00+00:00,370.25
2017-10-28 12:00:00+00:00,536.0
2017-10-28 13:00:00+00:00,2595.5
2017-10-28 14:00:00+00:00,807.25
2017-10-28 15:00:00+00:00,1414.25
2017-10-28 16:00:00+00:00,1112.0
2017-10-28 17:00:00+00:00,3678.25
2017-10-28 18:00:00+00:00,3164.75
2017-10-28 19:00:00+00:00,924.5
2017-10-28 20:00:00+00:00,650.5
2017-10-28 21:00:00+00:00,396.75
2017-10-28 22:00:00+00:00,279.5
2017-10-28 23:00:00+00:00,261.25
2017-10-29 00:00:00+00:00,266.5
2017-10-29 01:00:00+00:00,270.75
2017-10-29 02:00:00+00:00,289.5
2017-10-29 03:00:00+00:00,245.25
2017-10-29 04:00:00+00:00,353.25
2017-10-29 05:00:00+00:00,358.0
2017-10-29 06:00:00+00:00,885.0
2017-10-29 07:00:00+00:00,1119.0
2017-10-29 08:00:00+00:00,6151.75
2017-10-29 09:00:00+00:00,3089.0
2017-10-29 10:00:00+00:00,1366.0
2017-10-29 11:00:00+00:00,538.75
2017-10-29 12:00:00+00:00,1288.25
2017-10-29 13:00:00+00:00,1447.5
2017-10-29 14:00:00+00:00,1680.5
2017-10-29 15:00:00+00:00,966.5
2017-10-29 16:00:00+00:00,852.75
2017-10-29 17:00:00+00:00,986.75
2017-10-29 18:00:00+00:00,859.25
2017-10-29 19:00:00+00:00,897.0
2017-10-29 20:00:00+00:00,995.75
2017-10-29 21:00:00+00:00,672.5
2017-10-29 22:00:00+00:00,619.0
2017-10-29 23:00:00+00:00,353.75
2017-10-30 00:00:00+00:00,629.25
2017-10-30 01:00:00+00:00,336.5
2017-10-30 02:00:00+00:00,516.5
2017-10-30 03:00:00+00:00,423.5
2017-10-30 04:00:00+00:00,411.0
2017-10-30 05:00:00+00:00,341.0
2017-10-30 06:00:00+00:00,289.75
2017-10-30 07:00:00+00:00,288.0
2017-10-30 08:00:00+00:00,612.25
2017-10-30 09:00:00+00:00,468.5
2017-10-30 10:00:00+00:00,566.25
2017-10-30 11:00:00+00:00,481.0
2017-10-30 12:00:00+00:00,546.5
2017-10-30 13:00:00+00:00,2519.25
2017-10-30 14:00:00+00:00,3633.25
2017-10-30 15:00:00+00:00,1933.75
2017-10-30 16:00:00+00:00,5028.75
2017-10-30 17:00:00+00:00,1427.0
2017-10-30 18:00:00+00:00,1656.75
2017-10-30 19:00:00+00:00,1379.25
2017-10-30 20:00:00+00:00,1079.75
2017-10-30 21:00:00+00:00,1067.5
2017-10-30 22:00:00+00:00,855.0
2017-10-30 23:00:00+00:00,756.25
2017-10-31 00:00:00+00:00,705.25
2017-10-31 01:00:00+00:00,660.5
2017-10-31 02:00:00+00:00,453.75
2017-10-31 03:00:00+00:00,292.0
2017-10-31 04:00:00+00:00,426.25
2017-10-31 05:00:00+00:00,379.0
2017-10-31 06:00:00+00:00,302.75
2017-10-31 07:00:00+00:00,878.0
2017-10-31 08:00:00+00:00,1526.5
2017-10-31 09:00:00+00:00,2981.75
2017-10-31 10:00:00+00:00,2313.25
2017-10-31 11:00:00+00:00,2259.0
2017-10-31 12:00:00+00:00,1435.75
2017-10-31 13:00:00+00:00,676.0
2017-10-31 14:00:00+00:00,803.75
2017-10-31 15:00:00+00:00,899.5
2017-10-31 16:00:00+00:00,1318.5
2017-10-31 17:00:00+00:00,1828.5
2017-10-31 18:00:00+00:00,2149.75
2017-10-31 19:00:00+00:00,2266.25
2017-10-31 20:00:00+00:00,1646.0
2017-10-31 21:00:00+00:00,1223.5
2017-10-31 22:00:00+00:00,552.25
2017-10-31 23:00:00+00:00,380.0
2017-11-01 00:00:00+00:00,382.0
2017-11-01 01:00:00+00:00,384.5
2017-11-01 02:00:00+00:00,349.25
2017-11-01 03:00:00+00:00,323.5
2017-11-01 04:00:00+00:00,412.5
2017-11-01 05:00:00+00:00,318.0
2017-11-01 06:00:00+00:00,1428.5
2017-11-01 07:00:00+00:00,896.0
2017-11-01 08:00:00+00:00,1168.0
2017-11-01 09:00:00+00:00,1447.25
2017-11-01 10:00:00+00:00,1790.75
2017-11-01 11:00:00+00:00,1462.75
2017-11-01 12:00:00+00:00,1551.0
2017-11-01 13:00:00+00:00,1192.5
2017-11-01 14:00:00+00:00,577.5
2017-11-01 15:00:00+00:00,483.25
2017-11-01 16:00:00+00:00,1403.0
2017-11-01 17:00:00+00:00,1597.0
2017-11-01 18:00:00+00:00,887.75
2017-11-01 19:00:00+00:00,923.5
2017-11-01 20:00:00+00:00,735.0
2017-11-01 21:00:00+00:00,699.0
2017-11-01 22:00:00+00:00,588.75
2017-11-01 23:00:00+00:00,477.75
2017-11-02 00:00:00+00:00,435.25
2017-11-02 01:00:00+00:00,408.75
2017-11-02 02:00:00+00:00,292.25
2017-11-02 03:00:00+00:00,284.5
2017-11-02 04:00:00+00:00,545.25
2017-11-02 05:00:00+00:00,702.25
2017-11-02 06:00:00+00:00,540.25
2017-11-02 07:00:00+00:00,660.25
2017-11-02 08:00:00+00:00,1224.25
2017-11-02 09:00:00+00:00,2257.75
2017-11-02 10:00:00+00:00,1479.0
2017-11-02 11:00:00+00:00,687.5
2017-11-02 12:00:00+00:00,449.0
2017-11-02 13:00:00+00:00,270.25
2017-11-02 14:00:00+00:00,262.5
2017-11-02 15:00:00+00:00,558.5
2017-11-02 16:00:00+00:00,1009.0
2017-11-02 17:00:00+00:00,680.5
2017-11-02 18:00:00+00:00,4099.25
2017-11-02 19:00:00+00:00,3377.75
2017-11-02 20:00:00+00:00,656.0
2017-11-02 21:00:00+00:00,474.25
2017-11-02 22:00:00+00:00,363.0
2017-11-02 23:00:00+00:00,426.75
2017-11-03 00:00:00+00:00,400.0
2017-11-03 01:00:00+00:00,337.25
2017-11-03 02:00:00+00:00,297.5
2017-11-03 03:00:00+00:00,289.25
2017-11-03 04:00:00+00:00,538.25
2017-11-03 05:00:00+00:00,683.0
2017-11-03 06:00:00+00:00,365.25
2017-11-03 07:00:00+00:00,409.75
2017-11-03 08:00:00+00:00,349.0
2017-11-03 09:00:00+00:00,319.5
2017-11-03 10:00:00+00:00,552.75
2017-11-03 11:00:00+00:00,453.25
2017-11-03 12:00:00+00:00,388.25
2017-11-03 13:00:00+00:00,411.75
2017-11-03 14:00:00+00:00,383.0
2017-11-03 15:00:00+00:00,391.0
2017-11-03 16:00:00+00:00,681.25
2017-11-03 17:00:00+00:00,1172.25
2017-11-03 18:00:00+00:00,1207.5
2017-11-03 19:00:00+00:00,675.5
2017-11-03 20:00:00+00:00,735.0
2017-11-03 21:00:00+00:00,629.75
2017-11-03 22:00:00+00:00,483.0
2017-11-03 23:00:00+00:00,403.0
2017-11-04 00:00:00+00:00,427.5
2017-11-04 01:00:00+00:00,422.0
2017-11-04 02:00:00+00:00,375.5
2017-11-04 03:00:00+00:00,293.25
2017-11-04 04:00:00+00:00,367.25
2017-11-04 05:00:00+00:00,348.5
2017-11-04 06:00:00+00:00,526.75
2017-11-04 07:00:00+00:00,346.75
2017-11-04 08:00:00+00:00,388.25
2017-11-04 09:00:00+00:00,1098.25
2017-11-04 10:00:00+00:00,1568.0
2017-11-04 11:00:00+00:00,645.75
2017-11-04 12:00:00+00:00,3251.25
2017-11-04 13:00:00+00:00,1352.5
2017-11-04 14:00:00+00:00,3350.25
2017-11-04 15:00:00+00:00,2203.25
2017-11-04 16:00:00+00:00,2282.75
2017-11-04 17:00:00+00:00,919.0
2017-11-04 18:00:00+00:00,1619.5
2017-11-04 19:00:00+00:00,709.0
2017-11-04 20:00:00+00:00,735.0
2017-11-04 21:00:00+00:00,555.75
2017-11-04 22:00:00+00:00,601.0
2017-11-04 23:00:00+00:00,407.5
2017-11-05 00:00:00+00:00,394.25
2017-11-05 01:00:00+00:00,398.25
2017-11-05 02:00:00+00:00,299.5
2017-11-05 03:00:00+00:00,291.0
2017-11-05 04:00:00+00:00,353.25
2017-11-05 05:00:00+00:00,536.25
2017-11-05 06:00:00+00:00,560.75
2017-11-05 07:00:00+00:00,357.25
2017-11-05 08:00:00+00:00,1141.0
2017-11-05 09:00:00+00:00,1097.0
2017-11-05 10:00:00+00:00,1081.0
2017-11-05 11:00:00+00:00,2022.5
2017-11-05 12:00:00+00:00,2173.5
2017-11-05 13:00:00+00:00,5245.25
2017-11-05 14:00:00+00:00,7533.5
2017-11-05 15:00:00+00:00,5845.0
2017-11-05 16:00:00+00:00,4159.5
2017-11-05 17:00:00+00:00,3923.25
2017-11-05 18:00:00+00:00,3595.25
2017-11-05 19:00:00+00:00,3389.75
2017-11-05 20:00:00+00:00,3536.25
2017-11-05 21:00:00+00:00,3393.5
2017-11-05 22:00:00+00:00,3204.0
2017-11-05 23:00:00+00:00,3052.0
2017-11-06 00:00:00+00:00,3029.75
2017-11-06 01:00:00+00:00,2944.5
2017-11-06 02:00:00+00:00,858.0
2017-11-06 03:00:00+00:00,295.0
2017-11-06 04:00:00+00:00,748.25
2017-11-06 05:00:00+00:00,429.75
2017-11-06 06:00:00+00:00,468.72916666666663
2017-11-06 07:00:00+00:00,507.7083333333333
2017-11-06 08:00:00+00:00,546.6875
2017-11-06 09:00:00+00:00,585.6666666666666
2017-11-06 10:00:00+00:00,673.25
2017-11-06 11:00:00+00:00,604.5
2017-11-06 12:00:00+00:00,525.0
2017-11-06 13:00:00+00:00,495.25
2017-11-06 14:00:00+00:00,293.5
2017-11-06 15:00:00+00:00,417.0
2017-11-06 16:00:00+00:00,1450.75
2017-11-06 17:00:00+00:00,1050.75
2017-11-06 18:00:00+00:00,1197.25
2017-11-06 19:00:00+00:00,1119.25
2017-11-06 20:00:00+00:00,1053.5
2017-11-06 21:00:00+00:00,897.25
2017-11-06 22:00:00+00:00,516.5
2017-11-06 23:00:00+00:00,549.5
2017-11-07 00:00:00+00:00,549.5
2017-11-07 01:00:00+00:00,562.0
2017-11-07 02:00:00+00:00,336.5
2017-11-07 03:00:00+00:00,265.25
2017-11-07 04:00:00+00:00,765.5
2017-11-07 05:00:00+00:00,418.25
2017-11-07 06:00:00+00:00,323.75
2017-11-07 07:00:00+00:00,357.25
2017-11-07 08:00:00+00:00,408.75
2017-11-07 09:00:00+00:00,542.5
2017-11-07 10:00:00+00:00,1843.0
2017-11-07 11:00:00+00:00,1313.75
2017-11-07 12:00:00+00:00,513.75
2017-11-07 13:00:00+00:00,550.5
2017-11-07 14:00:00+00:00,337.75
2017-11-07 15:00:00+00:00,434.75
2017-11-07 16:00:00+00:00,622.25
2017-11-07 17:00:00+00:00,420.75
2017-11-07 18:00:00+00:00,734.25
2017-11-07 19:00:00+00:00,701.0
2017-11-07 20:00:00+00:00,567.75
2017-11-07 21:00:00+00:00,570.5
2017-11-07 22:00:00+00:00,391.5
2017-11-07 23:00:00+00:00,275.75
2017-11-08 00:00:00+00:00,284.5
2017-11-08 01:00:00+00:00,263.75
2017-11-08 02:00:00+00:00,263.0
2017-11-08 03:00:00+00:00,267.25
2017-11-08 04:00:00+00:00,917.75
2017-11-08 05:00:00+00:00,497.0
2017-11-08 06:00:00+00:00,400.25
2017-11-08 07:00:00+00:00,310.0
2017-11-08 08:00:00+00:00,457.5
2017-11-08 09:00:00+00:00,466.0
2017-11-08 10:00:00+00:00,721.75
2017-11-08 11:00:00+00:00,323.5
2017-11-08 12:00:00+00:00,470.75
2017-11-08 13:00:00+00:00,491.75
2017-11-08 14:00:00+00:00,689.5
2017-11-08 15:00:00+00:00,549.5
2017-11-08 16:00:00+00:00,1778.25
2017-11-08 17:00:00+00:00,1136.5
2017-11-08 18:00:00+00:00,448.75
2017-11-08 19:00:00+00:00,397.5
2017-11-08 20:00:00+00:00,494.75
2017-11-08 21:00:00+00:00,533.5
2017-11-08 22:00:00+00:00,407.25
2017-11-08 23:00:00+00:00,287.0
2017-11-09 00:00:00+00:00,431.0
2017-11-09 01:00:00+00:00,372.5
2017-11-09 02:00:00+00:00,365.75
2017-11-09 03:00:00+00:00,363.75
2017-11-09 04:00:00+00:00,928.25
2017-11-09 05:00:00+00:00,519.5
2017-11-09 06:00:00+00:00,407.25
2017-11-09 07:00:00+00:00,298.0
2017-11-09 08:00:00+00:00,289.5
2017-11-09 09:00:00+00:00,227.0
2017-11-09 10:00:00+00:00,304.75
2017-11-09 11:00:00+00:00,307.0
2017-11-09 12:00:00+00:00,181.5
2017-11-09 13:00:00+00:00,194.75
2017-11-09 14:00:00+00:00,255.25
2017-11-09 15:00:00+00:00,883.75
2017-11-09 16:00:00+00:00,521.25
2017-11-09 17:00:00+00:00,304.75
2017-11-09 18:00:00+00:00,475.0
2017-11-09 19:00:00+00:00,414.5
2017-11-09 20:00:00+00:00,522.0
2017-11-09 21:00:00+00:00,556.25
2017-11-09 22:00:00+00:00,367.25
2017-11-09 23:00:00+00:00,389.0
2017-11-10 00:00:00+00:00,421.0
2017-11-10 01:00:00+00:00,394.5
2017-11-10 02:00:00+00:00,384.0
2017-11-10 03:00:00+00:00,377.75
2017-11-10 04:00:00+00:00,871.75
2017-11-10 05:00:00+00:00,1503.75
2017-11-10 06:00:00+00:00,927.25
2017-11-10 07:00:00+00:00,333.0
2017-11-10 08:00:00+00:00,208.25
2017-11-10 09:00:00+00:00,234.0
2017-11-10 10:00:00+00:00,434.75
2017-11-10 11:00:00+00:00,291.0
2017-11-10 12:00:00+00:00,128.75
2017-11-10 13:00:00+00:00,297.75
2017-11-10 14:00:00+00:00,694.0
2017-11-10 15:00:00+00:00,615.0
2017-11-10 16:00:00+00:00,468.0
2017-11-10 17:00:00+00:00,669.75
2017-11-10 18:00:00+00:00,618.75
2017-11-10 19:00:00+00:00,3490.25
2017-11-10 20:00:00+00:00,4155.5
2017-11-10 21:00:00+00:00,1037.25
2017-11-10 22:00:00+00:00,703.75
2017-11-10 23:00:00+00:00,645.0
2017-11-11 00:00:00+00:00,560.75
2017-11-11 01:00:00+00:00,487.25
2017-11-11 02:00:00+00:00,472.5
2017-11-11 03:00:00+00:00,382.75
2017-11-11 04:00:00+00:00,380.25
2017-11-11 05:00:00+00:00,351.0
2017-11-11 06:00:00+00:00,377.5
2017-11-11 07:00:00+00:00,358.75
2017-11-11 08:00:00+00:00,284.25
2017-11-11 09:00:00+00:00,397.75
2017-11-11 10:00:00+00:00,1756.25
2017-11-11 11:00:00+00:00,535.5
2017-11-11 12:00:00+00:00,1102.8
2017-11-11 13:00:00+00:00,1670.1
2017-11-11 14:00:00+00:00,2237.3999999999996
2017-11-11 15:00:00+00:00,2804.7
2017-11-11 16:00:00+00:00,3372.0
2017-11-11 17:00:00+00:00,3158.1964285714284
2017-11-11 18:00:00+00:00,2944.3928571428573
2017-11-11 19:00:00+00:00,2730.589285714286
2017-11-11 20:00:00+00:00,2516.785714285714
2017-11-11 21:00:00+00:00,
2017-11-11 22:00:00+00:00,
2017-11-11 23:00:00+00:00,
2017-11-12 00:00:00+00:00,
2017-11-12 01:00:00+00:00,
2017-11-12 02:00:00+00:00,
2017-11-12 03:00:00+00:00,
2017-11-12 04:00:00+00:00,
2017-11-12 05:00:00+00:00,
2017-11-12 06:00:00+00:00,378.75
2017-11-12 07:00:00+00:00,400.5
2017-11-12 08:00:00+00:00,735.75
2017-11-12 09:00:00+00:00,1850.75
2017-11-12 10:00:00+00:00,1068.75
2017-11-12 11:00:00+00:00,311.75
2017-11-12 12:00:00+00:00,964.0
2017-11-12 13:00:00+00:00,656.25
2017-11-12 14:00:00+00:00,751.25
2017-11-12 15:00:00+00:00,1199.0
2017-11-12 16:00:00+00:00,636.0
2017-11-12 17:00:00+00:00,752.0
2017-11-12 18:00:00+00:00,1432.75
2017-11-12 19:00:00+00:00,1247.25
2017-11-12 20:00:00+00:00,968.0
2017-11-12 21:00:00+00:00,655.75
2017-11-12 22:00:00+00:00,351.0
2017-11-12 23:00:00+00:00,359.0
2017-11-13 00:00:00+00:00,281.25
2017-11-13 01:00:00+00:00,303.5
2017-11-13 02:00:00+00:00,351.25
2017-11-13 03:00:00+00:00,354.0
2017-11-13 04:00:00+00:00,844.0
2017-11-13 05:00:00+00:00,-383.25
2017-11-13 06:00:00+00:00,-1106.0
2017-11-13 07:00:00+00:00,-1028.5
2017-11-13 08:00:00+00:00,312.0
2017-11-13 09:00:00+00:00,494.75
2017-11-13 10:00:00+00:00,566.25
2017-11-13 11:00:00+00:00,693.5
2017-11-13 12:00:00+00:00,522.0
2017-11-13 13:00:00+00:00,456.5
2017-11-13 14:00:00+00:00,340.75
2017-11-13 15:00:00+00:00,401.25
2017-11-13 16:00:00+00:00,1161.0
2017-11-13 17:00:00+00:00,1455.0
2017-11-13 18:00:00+00:00,863.5
2017-11-13 19:00:00+00:00,843.0
2017-11-13 20:00:00+00:00,610.75
2017-11-13 21:00:00+00:00,464.0
2017-11-13 22:00:00+00:00,450.75
2017-11-13 23:00:00+00:00,297.75
2017-11-14 00:00:00+00:00,333.75
2017-11-14 01:00:00+00:00,552.5
2017-11-14 02:00:00+00:00,541.5
2017-11-14 03:00:00+00:00,893.0
2017-11-14 04:00:00+00:00,1183.0
2017-11-14 05:00:00+00:00,517.0
2017-11-14 06:00:00+00:00,384.5
2017-11-14 07:00:00+00:00,331.5
2017-11-14 08:00:00+00:00,403.75
2017-11-14 09:00:00+00:00,447.0
2017-11-14 10:00:00+00:00,706.5
2017-11-14 11:00:00+00:00,594.5
2017-11-14 12:00:00+00:00,436.5
2017-11-14 13:00:00+00:00,1011.25
2017-11-14 14:00:00+00:00,511.25
2017-11-14 15:00:00+00:00,274.25
2017-11-14 16:00:00+00:00,357.0
2017-11-14 17:00:00+00:00,333.75
2017-11-14 18:00:00+00:00,646.75
2017-11-14 19:00:00+00:00,911.5
2017-11-14 20:00:00+00:00,658.75
2017-11-14 21:00:00+00:00,435.0
2017-11-14 22:00:00+00:00,380.25
2017-11-14 23:00:00+00:00,368.5
2017-11-15 00:00:00+00:00,391.75
2017-11-15 01:00:00+00:00,386.0
2017-11-15 02:00:00+00:00,595.75
2017-11-15 03:00:00+00:00,417.25
2017-11-15 04:00:00+00:00,870.5
2017-11-15 05:00:00+00:00,489.5
2017-11-15 06:00:00+00:00,428.0
2017-11-15 07:00:00+00:00,294.25
2017-11-15 08:00:00+00:00,259.75
2017-11-15 09:00:00+00:00,298.25
2017-11-15 10:00:00+00:00,399.25
2017-11-15 11:00:00+00:00,362.0
2017-11-15 12:00:00+00:00,302.0
2017-11-15 13:00:00+00:00,319.25
2017-11-15 14:00:00+00:00,216.25
2017-11-15 15:00:00+00:00,683.5
2017-11-15 16:00:00+00:00,951.0
2017-11-15 17:00:00+00:00,1149.25
2017-11-15 18:00:00+00:00,3364.5
2017-11-15 19:00:00+00:00,4517.25
2017-11-15 20:00:00+00:00,2106.0
2017-11-15 21:00:00+00:00,413.0
2017-11-15 22:00:00+00:00,400.25
2017-11-15 23:00:00+00:00,378.75
2017-11-16 00:00:00+00:00,375.5
2017-11-16 01:00:00+00:00,391.75
2017-11-16 02:00:00+00:00,327.25
2017-11-16 03:00:00+00:00,306.75
2017-11-16 04:00:00+00:00,766.75
2017-11-16 05:00:00+00:00,413.75
2017-11-16 06:00:00+00:00,339.5
2017-11-16 07:00:00+00:00,184.0
2017-11-16 08:00:00+00:00,1204.25
2017-11-16 09:00:00+00:00,557.75
2017-11-16 10:00:00+00:00,1657.0
2017-11-16 11:00:00+00:00,535.5
2017-11-16 12:00:00+00:00,385.0
2017-11-16 13:00:00+00:00,387.25
2017-11-16 14:00:00+00:00,304.0
2017-11-16 15:00:00+00:00,2334.0
2017-11-16 16:00:00+00:00,2164.5
2017-11-16 17:00:00+00:00,857.5
2017-11-16 18:00:00+00:00,713.5
2017-11-16 19:00:00+00:00,1528.25
2017-11-16 20:00:00+00:00,4997.5
2017-11-16 21:00:00+00:00,2963.25
2017-11-16 22:00:00+00:00,430.75
2017-11-16 23:00:00+00:00,337.75
2017-11-17 00:00:00+00:00,303.0
2017-11-17 01:00:00+00:00,331.25
2017-11-17 02:00:00+00:00,338.75
2017-11-17 03:00:00+00:00,324.75
2017-11-17 04:00:00+00:00,552.5
2017-11-17 05:00:00+00:00,902.5
2017-11-17 06:00:00+00:00,1875.0
2017-11-17 07:00:00+00:00,1442.25
2017-11-17 08:00:00+00:00,266.5
2017-11-17 09:00:00+00:00,328.75
2017-11-17 10:00:00+00:00,411.5
2017-11-17 11:00:00+00:00,384.0
2017-11-17 12:00:00+00:00,105.0
2017-11-17 13:00:00+00:00,179.5
2017-11-17 14:00:00+00:00,380.5
2017-11-17 15:00:00+00:00,1910.25
2017-11-17 16:00:00+00:00,2356.25
2017-11-17 17:00:00+00:00,1142.0
2017-11-17 18:00:00+00:00,1781.0
2017-11-17 19:00:00+00:00,2804.25
2017-11-17 20:00:00+00:00,1644.5
2017-11-17 21:00:00+00:00,585.25
2017-11-17 22:00:00+00:00,495.5
2017-11-17 23:00:00+00:00,258.3333333333333
2017-11-18 00:00:00+00:00,354.0
2017-11-18 01:00:00+00:00,399.57142857142856
2017-11-18 02:00:00+00:00,445.1428571428571
2017-11-18 03:00:00+00:00,490.7142857142857
2017-11-18 04:00:00+00:00,536.2857142857142
2017-11-18 05:00:00+00:00,
2017-11-18 06:00:00+00:00,
2017-11-18 07:00:00+00:00,673.0
2017-11-18 08:00:00+00:00,500.75
2017-11-18 09:00:00+00:00,523.0
2017-11-18 10:00:00+00:00,479.0
2017-11-18 11:00:00+00:00,435.0
2017-11-18 12:00:00+00:00,534.25
2017-11-18 13:00:00+00:00,413.6666666666667
2017-11-18 14:00:00+00:00,498.75
2017-11-18 15:00:00+00:00,933.25
2017-11-18 16:00:00+00:00,4304.0
2017-11-18 17:00:00+00:00,8042.25
2017-11-18 18:00:00+00:00,3497.75
2017-11-18 19:00:00+00:00,945.5
2017-11-18 20:00:00+00:00,607.25
2017-11-18 21:00:00+00:00,474.0
2017-11-18 22:00:00+00:00,290.0
2017-11-18 23:00:00+00:00,324.5
2017-11-19 00:00:00+00:00,295.5
2017-11-19 01:00:00+00:00,412.5
2017-11-19 02:00:00+00:00,423.5
2017-11-19 03:00:00+00:00,429.5
2017-11-19 04:00:00+00:00,479.0
2017-11-19 05:00:00+00:00,445.75
2017-11-19 06:00:00+00:00,1291.0
2017-11-19 07:00:00+00:00,1912.25
2017-11-19 08:00:00+00:00,1192.5
2017-11-19 09:00:00+00:00,3138.5
2017-11-19 10:00:00+00:00,2201.0
2017-11-19 11:00:00+00:00,2316.0
2017-11-19 12:00:00+00:00,998.25
2017-11-19 13:00:00+00:00,422.75
2017-11-19 14:00:00+00:00,408.0
2017-11-19 15:00:00+00:00,1141.25
2017-11-19 16:00:00+00:00,1223.25
2017-11-19 17:00:00+00:00,1171.25
2017-11-19 18:00:00+00:00,975.0
2017-11-19 19:00:00+00:00,1059.0
2017-11-19 20:00:00+00:00,724.25
2017-11-19 21:00:00+00:00,585.25
2017-11-19 22:00:00+00:00,469.5
2017-11-19 23:00:00+00:00,309.75
2017-11-20 00:00:00+00:00,306.25
2017-11-20 01:00:00+00:00,316.25
2017-11-20 02:00:00+00:00,313.25
2017-11-20 03:00:00+00:00,346.25
2017-11-20 04:00:00+00:00,895.25
2017-11-20 05:00:00+00:00,537.5
2017-11-20 06:00:00+00:00,445.25
2017-11-20 07:00:00+00:00,351.5
2017-11-20 08:00:00+00:00,616.5
2017-11-20 09:00:00+00:00,519.75
2017-11-20 10:00:00+00:00,577.5
2017-11-20 11:00:00+00:00,565.75
2017-11-20 12:00:00+00:00,437.5
2017-11-20 13:00:00+00:00,639.5
2017-11-20 14:00:00+00:00,419.75
2017-11-20 15:00:00+00:00,373.0
2017-11-20 16:00:00+00:00,331.25
2017-11-20 17:00:00+00:00,640.0
2017-11-20 18:00:00+00:00,1996.0
2017-11-20 19:00:00+00:00,2467.5
2017-11-20 20:00:00+00:00,593.75
2017-11-20 21:00:00+00:00,395.5
2017-11-20 22:00:00+00:00,438.5
2017-11-20 23:00:00+00:00,456.25
2017-11-21 00:00:00+00:00,371.75
2017-11-21 01:00:00+00:00,399.0
2017-11-21 02:00:00+00:00,366.6666666666667
2017-11-21 03:00:00+00:00,377.0
2017-11-21 04:00:00+00:00,387.33333333333337
2017-11-21 05:00:00+00:00,397.6666666666667
2017-11-21 06:00:00+00:00,408.0
2017-11-21 07:00:00+00:00,469.6666666666667
2017-11-21 08:00:00+00:00,270.0
2017-11-21 09:00:00+00:00,161.5
2017-11-21 10:00:00+00:00,564.5
2017-11-21 11:00:00+00:00,282.0
2017-11-21 12:00:00+00:00,368.0
2017-11-21 13:00:00+00:00,386.75
2017-11-21 14:00:00+00:00,496.75
2017-11-21 15:00:00+00:00,2018.5
2017-11-21 16:00:00+00:00,3440.5
2017-11-21 17:00:00+00:00,1865.5
2017-11-21 18:00:00+00:00,1126.0
2017-11-21 19:00:00+00:00,2779.0
2017-11-21 20:00:00+00:00,3863.0
2017-11-21 21:00:00+00:00,1689.25
2017-11-21 22:00:00+00:00,482.5
2017-11-21 23:00:00+00:00,373.0
2017-11-22 00:00:00+00:00,411.25
2017-11-22 01:00:00+00:00,360.25
2017-11-22 02:00:00+00:00,391.75
2017-11-22 03:00:00+00:00,354.25
2017-11-22 04:00:00+00:00,781.25
2017-11-22 05:00:00+00:00,439.75
2017-11-22 06:00:00+00:00,433.25
2017-11-22 07:00:00+00:00,224.25
2017-11-22 08:00:00+00:00,293.25
2017-11-22 09:00:00+00:00,297.25
2017-11-22 10:00:00+00:00,462.25
2017-11-22 11:00:00+00:00,371.5
2017-11-22 12:00:00+00:00,347.75
2017-11-22 13:00:00+00:00,425.25
2017-11-22 14:00:00+00:00,535.75
2017-11-22 15:00:00+00:00,798.25
2017-11-22 16:00:00+00:00,926.25
2017-11-22 17:00:00+00:00,1429.5
2017-11-22 18:00:00+00:00,962.5
2017-11-22 19:00:00+00:00,1210.25
2017-11-22 20:00:00+00:00,1037.5
2017-11-22 21:00:00+00:00,723.75
2017-11-22 22:00:00+00:00,684.5
2017-11-22 23:00:00+00:00,710.25
2017-11-23 00:00:00+00:00,707.5
2017-11-23 01:00:00+00:00,674.0
2017-11-23 02:00:00+00:00,513.75
2017-11-23 03:00:00+00:00,393.5
2017-11-23 04:00:00+00:00,1400.5
2017-11-23 05:00:00+00:00,970.25
2017-11-23 06:00:00+00:00,388.5
2017-11-23 07:00:00+00:00,378.75
2017-11-23 08:00:00+00:00,372.75
2017-11-23 09:00:00+00:00,440.25
2017-11-23 10:00:00+00:00,638.25
2017-11-23 11:00:00+00:00,1913.0
2017-11-23 12:00:00+00:00,547.5
2017-11-23 13:00:00+00:00,679.5
2017-11-23 14:00:00+00:00,941.0
2017-11-23 15:00:00+00:00,2613.75
2017-11-23 16:00:00+00:00,477.25
2017-11-23 17:00:00+00:00,889.75
2017-11-23 18:00:00+00:00,1446.75
2017-11-23 19:00:00+00:00,1053.25
2017-11-23 20:00:00+00:00,1222.5
2017-11-23 21:00:00+00:00,476.0
2017-11-23 22:00:00+00:00,339.25
2017-11-23 23:00:00+00:00,320.5
2017-11-24 00:00:00+00:00,288.0
2017-11-24 01:00:00+00:00,375.0
2017-11-24 02:00:00+00:00,307.25
2017-11-24 03:00:00+00:00,297.75
2017-11-24 04:00:00+00:00,616.0
2017-11-24 05:00:00+00:00,1291.5
2017-11-24 06:00:00+00:00,561.25
2017-11-24 07:00:00+00:00,530.75
2017-11-24 08:00:00+00:00,436.5
2017-11-24 09:00:00+00:00,436.5
2017-11-24 10:00:00+00:00,682.0
2017-11-24 11:00:00+00:00,400.25
2017-11-24 12:00:00+00:00,393.5
2017-11-24 13:00:00+00:00,275.25
2017-11-24 14:00:00+00:00,445.75
2017-11-24 15:00:00+00:00,640.5
2017-11-24 16:00:00+00:00,615.0
2017-11-24 17:00:00+00:00,625.75
2017-11-24 18:00:00+00:00,994.5
2017-11-24 19:00:00+00:00,1023.0
2017-11-24 20:00:00+00:00,2352.0
2017-11-24 21:00:00+00:00,638.0
2017-11-24 22:00:00+00:00,278.75
2017-11-24 23:00:00+00:00,299.75
2017-11-25 00:00:00+00:00,295.25
2017-11-25 01:00:00+00:00,356.5
2017-11-25 02:00:00+00:00,378.75
2017-11-25 03:00:00+00:00,395.75
2017-11-25 04:00:00+00:00,437.75
2017-11-25 05:00:00+00:00,528.5
2017-11-25 06:00:00+00:00,556.0
2017-11-25 07:00:00+00:00,409.0
2017-11-25 08:00:00+00:00,561.75
2017-11-25 09:00:00+00:00,487.75
2017-11-25 10:00:00+00:00,552.0
2017-11-25 11:00:00+00:00,1139.25
2017-11-25 12:00:00+00:00,2774.0
2017-11-25 13:00:00+00:00,4056.5
2017-11-25 14:00:00+00:00,3356.75
2017-11-25 15:00:00+00:00,4054.75
2017-11-25 16:00:00+00:00,2493.75
2017-11-25 17:00:00+00:00,1221.25
2017-11-25 18:00:00+00:00,1061.0
2017-11-25 19:00:00+00:00,1059.5
2017-11-25 20:00:00+00:00,917.75
2017-11-25 21:00:00+00:00,781.0
2017-11-25 22:00:00+00:00,599.5
2017-11-25 23:00:00+00:00,608.75
2017-11-26 00:00:00+00:00,653.5
2017-11-26 01:00:00+00:00,603.5
2017-11-26 02:00:00+00:00,432.5
2017-11-26 03:00:00+00:00,313.0
2017-11-26 04:00:00+00:00,366.0
2017-11-26 05:00:00+00:00,456.0
2017-11-26 06:00:00+00:00,489.25
2017-11-26 07:00:00+00:00,446.25
2017-11-26 08:00:00+00:00,1505.0
2017-11-26 09:00:00+00:00,1581.25
2017-11-26 10:00:00+00:00,2480.5
2017-11-26 11:00:00+00:00,976.75
2017-11-26 12:00:00+00:00,471.0
2017-11-26 13:00:00+00:00,730.5
2017-11-26 14:00:00+00:00,821.25
2017-11-26 15:00:00+00:00,889.75
2017-11-26 16:00:00+00:00,2364.5
2017-11-26 17:00:00+00:00,1562.75
2017-11-26 18:00:00+00:00,3020.0
2017-11-26 19:00:00+00:00,1285.0
2017-11-26 20:00:00+00:00,-1063.25
2017-11-26 21:00:00+00:00,-1242.5
2017-11-26 22:00:00+00:00,-1531.25
2017-11-26 23:00:00+00:00,-1541.75
2017-11-27 00:00:00+00:00,-1224.25
2017-11-27 01:00:00+00:00,281.25
2017-11-27 02:00:00+00:00,315.25
2017-11-27 03:00:00+00:00,417.0
2017-11-27 04:00:00+00:00,796.0
2017-11-27 05:00:00+00:00,512.0
2017-11-27 06:00:00+00:00,463.75
2017-11-27 07:00:00+00:00,329.25
2017-11-27 08:00:00+00:00,305.5
2017-11-27 09:00:00+00:00,412.5
2017-11-27 10:00:00+00:00,601.5
2017-11-27 11:00:00+00:00,491.5
2017-11-27 12:00:00+00:00,668.75
2017-11-27 13:00:00+00:00,1542.0
2017-11-27 14:00:00+00:00,807.0
2017-11-27 15:00:00+00:00,698.75
2017-11-27 16:00:00+00:00,1105.5
2017-11-27 17:00:00+00:00,1854.5
2017-11-27 18:00:00+00:00,2400.0
2017-11-27 19:00:00+00:00,1921.5
2017-11-27 20:00:00+00:00,1665.25
2017-11-27 21:00:00+00:00,1405.75
2017-11-27 22:00:00+00:00,1279.25
2017-11-27 23:00:00+00:00,999.25
2017-11-28 00:00:00+00:00,308.75
2017-11-28 01:00:00+00:00,407.25
2017-11-28 02:00:00+00:00,392.25
2017-11-28 03:00:00+00:00,401.0
2017-11-28 04:00:00+00:00,862.0
2017-11-28 05:00:00+00:00,548.25
2017-11-28 06:00:00+00:00,419.5
2017-11-28 07:00:00+00:00,417.5
2017-11-28 08:00:00+00:00,326.75
2017-11-28 09:00:00+00:00,427.0
2017-11-28 10:00:00+00:00,377.5
2017-11-28 11:00:00+00:00,335.25
2017-11-28 12:00:00+00:00,469.0
2017-11-28 13:00:00+00:00,475.0
2017-11-28 14:00:00+00:00,681.0
2017-11-28 15:00:00+00:00,697.5
2017-11-28 16:00:00+00:00,719.75
2017-11-28 17:00:00+00:00,1709.0
2017-11-28 18:00:00+00:00,1140.75
2017-11-28 19:00:00+00:00,1621.0
2017-11-28 20:00:00+00:00,1188.5
2017-11-28 21:00:00+00:00,1023.25
2017-11-28 22:00:00+00:00,913.25
2017-11-28 23:00:00+00:00,915.25
2017-11-29 00:00:00+00:00,943.0
2017-11-29 01:00:00+00:00,937.75
2017-11-29 02:00:00+00:00,596.5
2017-11-29 03:00:00+00:00,711.25
2017-11-29 04:00:00+00:00,821.5
2017-11-29 05:00:00+00:00,557.75
2017-11-29 06:00:00+00:00,468.0
2017-11-29 07:00:00+00:00,338.0
2017-11-29 08:00:00+00:00,250.0
2017-11-29 09:00:00+00:00,376.0
2017-11-29 10:00:00+00:00,840.5
2017-11-29 11:00:00+00:00,351.75
2017-11-29 12:00:00+00:00,308.0
2017-11-29 13:00:00+00:00,220.25
2017-11-29 14:00:00+00:00,411.0
2017-11-29 15:00:00+00:00,685.5
2017-11-29 16:00:00+00:00,728.25
2017-11-29 17:00:00+00:00,949.0
2017-11-29 18:00:00+00:00,1368.75
2017-11-29 19:00:00+00:00,9636.25
2017-11-29 20:00:00+00:00,8946.5
2017-11-29 21:00:00+00:00,7359.5
2017-11-29 22:00:00+00:00,5912.0
2017-11-29 23:00:00+00:00,5814.75
2017-11-30 00:00:00+00:00,5767.75
2017-11-30 01:00:00+00:00,5793.5
2017-11-30 02:00:00+00:00,2494.5
2017-11-30 03:00:00+00:00,412.5
2017-11-30 04:00:00+00:00,858.5
2017-11-30 05:00:00+00:00,1672.0
2017-11-30 06:00:00+00:00,490.75
2017-11-30 07:00:00+00:00,304.25
2017-11-30 08:00:00+00:00,347.25
2017-11-30 09:00:00+00:00,286.25
2017-11-30 10:00:00+00:00,405.0
2017-11-30 11:00:00+00:00,450.0
2017-11-30 12:00:00+00:00,1554.75
2017-11-30 13:00:00+00:00,3456.0
2017-11-30 14:00:00+00:00,3366.75
2017-11-30 15:00:00+00:00,1230.75
2017-11-30 16:00:00+00:00,777.0
2017-11-30 17:00:00+00:00,1606.25
2017-11-30 18:00:00+00:00,2282.5
2017-11-30 19:00:00+00:00,798.75
2017-11-30 20:00:00+00:00,814.0
2017-11-30 21:00:00+00:00,729.25
2017-11-30 22:00:00+00:00,769.75
2017-11-30 23:00:00+00:00,1217.5
2017-12-01 00:00:00+00:00,793.3333333333334
2017-12-01 01:00:00+00:00,524.75
2017-12-01 02:00:00+00:00,458.0
2017-12-01 03:00:00+00:00,411.5
2017-12-01 04:00:00+00:00,1470.75
2017-12-01 05:00:00+00:00,933.5
2017-12-01 06:00:00+00:00,352.25
2017-12-01 07:00:00+00:00,359.0
2017-12-01 08:00:00+00:00,269.0
2017-12-01 09:00:00+00:00,542.0
2017-12-01 10:00:00+00:00,759.0
2017-12-01 11:00:00+00:00,82.0
2017-12-01 12:00:00+00:00,243.0
2017-12-01 13:00:00+00:00,278.0
2017-12-01 14:00:00+00:00,249.0
2017-12-01 15:00:00+00:00,681.0
2017-12-01 16:00:00+00:00,719.0
2017-12-01 17:00:00+00:00,771.0
2017-12-01 18:00:00+00:00,1145.5
2017-12-01 19:00:00+00:00,676.25
2017-12-01 20:00:00+00:00,846.5
2017-12-01 21:00:00+00:00,692.5
2017-12-01 22:00:00+00:00,547.75
2017-12-01 23:00:00+00:00,547.0
2017-12-02 00:00:00+00:00,564.25
2017-12-02 01:00:00+00:00,538.0
2017-12-02 02:00:00+00:00,458.25
2017-12-02 03:00:00+00:00,366.25
2017-12-02 04:00:00+00:00,423.75
2017-12-02 05:00:00+00:00,-144.5
2017-12-02 06:00:00+00:00,1083.25
2017-12-02 07:00:00+00:00,835.75
2017-12-02 08:00:00+00:00,252.75
2017-12-02 09:00:00+00:00,394.0
2017-12-02 10:00:00+00:00,401.25
2017-12-02 11:00:00+00:00,417.25
2017-12-02 12:00:00+00:00,3459.0
2017-12-02 13:00:00+00:00,3248.75
2017-12-02 14:00:00+00:00,3143.5
2017-12-02 15:00:00+00:00,3273.25
2017-12-02 16:00:00+00:00,3756.5
2017-12-02 17:00:00+00:00,3495.5
2017-12-02 18:00:00+00:00,3264.5
2017-12-02 19:00:00+00:00,3169.0
2017-12-02 20:00:00+00:00,3118.75
2017-12-02 21:00:00+00:00,3103.75
2017-12-02 22:00:00+00:00,1823.75
2017-12-02 23:00:00+00:00,416.5
2017-12-03 00:00:00+00:00,390.5
2017-12-03 01:00:00+00:00,359.0
2017-12-03 02:00:00+00:00,380.5
2017-12-03 03:00:00+00:00,330.25
2017-12-03 04:00:00+00:00,393.75
2017-12-03 05:00:00+00:00,507.5
2017-12-03 06:00:00+00:00,2094.0
2017-12-03 07:00:00+00:00,1954.75
2017-12-03 08:00:00+00:00,915.75
2017-12-03 09:00:00+00:00,3119.0
2017-12-03 10:00:00+00:00,4432.25
2017-12-03 11:00:00+00:00,5744.75
2017-12-03 12:00:00+00:00,1267.25
2017-12-03 13:00:00+00:00,6523.0
2017-12-03 14:00:00+00:00,6694.0
2017-12-03 15:00:00+00:00,3477.25
2017-12-03 16:00:00+00:00,6688.25
2017-12-03 17:00:00+00:00,4034.75
2017-12-03 18:00:00+00:00,2505.0
2017-12-03 19:00:00+00:00,1359.25
2017-12-03 20:00:00+00:00,723.5
2017-12-03 21:00:00+00:00,554.75
2017-12-03 22:00:00+00:00,381.25
2017-12-03 23:00:00+00:00,378.25
2017-12-04 00:00:00+00:00,375.5
2017-12-04 01:00:00+00:00,386.0
2017-12-04 02:00:00+00:00,360.0
2017-12-04 03:00:00+00:00,389.5
2017-12-04 04:00:00+00:00,1902.5
2017-12-04 05:00:00+00:00,853.25
2017-12-04 06:00:00+00:00,448.75
2017-12-04 07:00:00+00:00,454.25
2017-12-04 08:00:00+00:00,491.5
2017-12-04 09:00:00+00:00,628.5
2017-12-04 10:00:00+00:00,763.25
2017-12-04 11:00:00+00:00,1017.0
2017-12-04 12:00:00+00:00,817.0
2017-12-04 13:00:00+00:00,696.5
2017-12-04 14:00:00+00:00,662.5
2017-12-04 15:00:00+00:00,1072.75
2017-12-04 16:00:00+00:00,557.0
2017-12-04 17:00:00+00:00,1423.0
2017-12-04 18:00:00+00:00,715.75
2017-12-04 19:00:00+00:00,749.75
2017-12-04 20:00:00+00:00,596.25
2017-12-04 21:00:00+00:00,455.0
2017-12-04 22:00:00+00:00,449.0
2017-12-04 23:00:00+00:00,484.25
2017-12-05 00:00:00+00:00,464.75
2017-12-05 01:00:00+00:00,521.5
2017-12-05 02:00:00+00:00,441.0
2017-12-05 03:00:00+00:00,887.5
2017-12-05 04:00:00+00:00,952.5
2017-12-05 05:00:00+00:00,604.75
2017-12-05 06:00:00+00:00,615.5
2017-12-05 07:00:00+00:00,457.75
2017-12-05 08:00:00+00:00,531.5
2017-12-05 09:00:00+00:00,698.0
2017-12-05 10:00:00+00:00,490.5
2017-12-05 11:00:00+00:00,787.0
2017-12-05 12:00:00+00:00,103.75
2017-12-05 13:00:00+00:00,173.5
2017-12-05 14:00:00+00:00,372.0
2017-12-05 15:00:00+00:00,314.75
2017-12-05 16:00:00+00:00,505.5
2017-12-05 17:00:00+00:00,1191.5
2017-12-05 18:00:00+00:00,803.75
2017-12-05 19:00:00+00:00,4650.5
2017-12-05 20:00:00+00:00,4551.25
2017-12-05 21:00:00+00:00,1169.5
2017-12-05 22:00:00+00:00,691.75
2017-12-05 23:00:00+00:00,709.5
2017-12-06 00:00:00+00:00,703.25
2017-12-06 01:00:00+00:00,704.5
2017-12-06 02:00:00+00:00,485.5
2017-12-06 03:00:00+00:00,321.75
2017-12-06 04:00:00+00:00,783.25
2017-12-06 05:00:00+00:00,430.25
2017-12-06 06:00:00+00:00,312.25
2017-12-06 07:00:00+00:00,348.25
2017-12-06 08:00:00+00:00,239.75
2017-12-06 09:00:00+00:00,210.5
2017-12-06 10:00:00+00:00,275.5
2017-12-06 11:00:00+00:00,245.25
2017-12-06 12:00:00+00:00,122.5
2017-12-06 13:00:00+00:00,295.5
2017-12-06 14:00:00+00:00,410.75
2017-12-06 15:00:00+00:00,371.75
2017-12-06 16:00:00+00:00,382.25
2017-12-06 17:00:00+00:00,693.25
2017-12-06 18:00:00+00:00,1628.5
2017-12-06 19:00:00+00:00,1128.5
2017-12-06 20:00:00+00:00,642.5
2017-12-06 21:00:00+00:00,364.0
2017-12-06 22:00:00+00:00,407.75
2017-12-06 23:00:00+00:00,440.25
2017-12-07 00:00:00+00:00,329.75
2017-12-07 01:00:00+00:00,315.25
2017-12-07 02:00:00+00:00,-172.25
2017-12-07 03:00:00+00:00,-868.0
2017-12-07 04:00:00+00:00,-247.75
2017-12-07 05:00:00+00:00,-725.0
2017-12-07 06:00:00+00:00,-805.5
2017-12-07 07:00:00+00:00,-586.75
2017-12-07 08:00:00+00:00,298.5
2017-12-07 09:00:00+00:00,582.75
2017-12-07 10:00:00+00:00,587.25
2017-12-07 11:00:00+00:00,538.25
2017-12-07 12:00:00+00:00,409.0
2017-12-07 13:00:00+00:00,443.5
2017-12-07 14:00:00+00:00,445.5
2017-12-07 15:00:00+00:00,613.25
2017-12-07 16:00:00+00:00,827.25
2017-12-07 17:00:00+00:00,1300.0
2017-12-07 18:00:00+00:00,860.75
2017-12-07 19:00:00+00:00,786.25
2017-12-07 20:00:00+00:00,660.5
2017-12-07 21:00:00+00:00,527.0
2017-12-07 22:00:00+00:00,398.0
2017-12-07 23:00:00+00:00,322.5
2017-12-08 00:00:00+00:00,343.25
2017-12-08 01:00:00+00:00,317.0
2017-12-08 02:00:00+00:00,282.0
2017-12-08 03:00:00+00:00,291.75
2017-12-08 04:00:00+00:00,543.0
2017-12-08 05:00:00+00:00,960.75
2017-12-08 06:00:00+00:00,583.25
2017-12-08 07:00:00+00:00,958.25
2017-12-08 08:00:00+00:00,542.5
2017-12-08 09:00:00+00:00,509.0
2017-12-08 10:00:00+00:00,595.5
2017-12-08 11:00:00+00:00,540.0
2017-12-08 12:00:00+00:00,610.25
2017-12-08 13:00:00+00:00,669.1770833333334
2017-12-08 14:00:00+00:00,728.1041666666666
2017-12-08 15:00:00+00:00,787.03125
2017-12-08 16:00:00+00:00,845.9583333333334
2017-12-08 17:00:00+00:00,
2017-12-08 18:00:00+00:00,
2017-12-08 19:00:00+00:00,
2017-12-08 20:00:00+00:00,
2017-12-08 21:00:00+00:00,
2017-12-08 22:00:00+00:00,
2017-12-08 23:00:00+00:00,
2017-12-09 00:00:00+00:00,
2017-12-09 01:00:00+00:00,
2017-12-09 02:00:00+00:00,
2017-12-09 03:00:00+00:00,
2017-12-09 04:00:00+00:00,
2017-12-09 05:00:00+00:00,
2017-12-09 06:00:00+00:00,
2017-12-09 07:00:00+00:00,
2017-12-09 08:00:00+00:00,
2017-12-09 09:00:00+00:00,
2017-12-09 10:00:00+00:00,
2017-12-09 11:00:00+00:00,
2017-12-09 12:00:00+00:00,
2017-12-09 13:00:00+00:00,
2017-12-09 14:00:00+00:00,
2017-12-09 15:00:00+00:00,
2017-12-09 16:00:00+00:00,
2017-12-09 17:00:00+00:00,
2017-12-09 18:00:00+00:00,
2017-12-09 19:00:00+00:00,
2017-12-09 20:00:00+00:00,
2017-12-09 21:00:00+00:00,
2017-12-09 22:00:00+00:00,
2017-12-09 23:00:00+00:00,
2017-12-10 00:00:00+00:00,
2017-12-10 01:00:00+00:00,
2017-12-10 02:00:00+00:00,
2017-12-10 03:00:00+00:00,
2017-12-10 04:00:00+00:00,
2017-12-10 05:00:00+00:00,
2017-12-10 06:00:00+00:00,
2017-12-10 07:00:00+00:00,
2017-12-10 08:00:00+00:00,
2017-12-10 09:00:00+00:00,
2017-12-10 10:00:00+00:00,
2017-12-10 11:00:00+00:00,
2017-12-10 12:00:00+00:00,3438.75
2017-12-10 13:00:00+00:00,1056.0
2017-12-10 14:00:00+00:00,3113.5
2017-12-10 15:00:00+00:00,2112.75
2017-12-10 16:00:00+00:00,11416.0
2017-12-10 17:00:00+00:00,10051.875
2017-12-10 18:00:00+00:00,8687.75
2017-12-10 19:00:00+00:00,7323.625
2017-12-10 20:00:00+00:00,5959.5
2017-12-10 21:00:00+00:00,
2017-12-10 22:00:00+00:00,
2017-12-10 23:00:00+00:00,
2017-12-11 00:00:00+00:00,503.0
2017-12-11 01:00:00+00:00,451.5
2017-12-11 02:00:00+00:00,400.0
2017-12-11 03:00:00+00:00,527.25
2017-12-11 04:00:00+00:00,792.0
2017-12-11 05:00:00+00:00,537.75
2017-12-11 06:00:00+00:00,456.3333333333333
2017-12-11 07:00:00+00:00,489.41666666666663
2017-12-11 08:00:00+00:00,522.5
2017-12-11 09:00:00+00:00,555.5833333333333
2017-12-11 10:00:00+00:00,588.6666666666666
2017-12-11 11:00:00+00:00,621.75
2017-12-11 12:00:00+00:00,218.25
2017-12-11 13:00:00+00:00,271.0
2017-12-11 14:00:00+00:00,444.25
2017-12-11 15:00:00+00:00,1185.75
2017-12-11 16:00:00+00:00,868.25
2017-12-11 17:00:00+00:00,873.0
2017-12-11 18:00:00+00:00,793.75
2017-12-11 19:00:00+00:00,692.5
2017-12-11 20:00:00+00:00,491.75
2017-12-11 21:00:00+00:00,506.75
2017-12-11 22:00:00+00:00,798.0
2017-12-11 23:00:00+00:00,651.25
2017-12-12 00:00:00+00:00,547.75
2017-12-12 01:00:00+00:00,560.75
2017-12-12 02:00:00+00:00,407.25
2017-12-12 03:00:00+00:00,402.75
2017-12-12 04:00:00+00:00,1091.0
2017-12-12 05:00:00+00:00,539.25
2017-12-12 06:00:00+00:00,43.75
2017-12-12 07:00:00+00:00,-739.75
2017-12-12 08:00:00+00:00,-964.75
2017-12-12 09:00:00+00:00,27.25
2017-12-12 10:00:00+00:00,532.5
2017-12-12 11:00:00+00:00,921.5
2017-12-12 12:00:00+00:00,392.75
2017-12-12 13:00:00+00:00,1081.5
2017-12-12 14:00:00+00:00,476.25
2017-12-12 15:00:00+00:00,473.5
2017-12-12 16:00:00+00:00,931.5
2017-12-12 17:00:00+00:00,965.75
2017-12-12 18:00:00+00:00,977.75
2017-12-12 19:00:00+00:00,681.0
2017-12-12 20:00:00+00:00,861.25
2017-12-12 21:00:00+00:00,583.0
2017-12-12 22:00:00+00:00,489.5
2017-12-12 23:00:00+00:00,390.75
2017-12-13 00:00:00+00:00,458.5
2017-12-13 01:00:00+00:00,417.25
2017-12-13 02:00:00+00:00,417.25
2017-12-13 03:00:00+00:00,310.5
2017-12-13 04:00:00+00:00,872.75
2017-12-13 05:00:00+00:00,480.0
2017-12-13 06:00:00+00:00,415.25
2017-12-13 07:00:00+00:00,327.0
2017-12-13 08:00:00+00:00,298.75
2017-12-13 09:00:00+00:00,333.25
2017-12-13 10:00:00+00:00,442.75
2017-12-13 11:00:00+00:00,422.5
2017-12-13 12:00:00+00:00,313.0
2017-12-13 13:00:00+00:00,428.75
2017-12-13 14:00:00+00:00,456.25
2017-12-13 15:00:00+00:00,703.75
2017-12-13 16:00:00+00:00,697.75
2017-12-13 17:00:00+00:00,1037.0
2017-12-13 18:00:00+00:00,944.0
2017-12-13 19:00:00+00:00,715.0
2017-12-13 20:00:00+00:00,470.5
2017-12-13 21:00:00+00:00,428.0
2017-12-13 22:00:00+00:00,448.25
2017-12-13 23:00:00+00:00,420.5
2017-12-14 00:00:00+00:00,288.25
2017-12-14 01:00:00+00:00,276.5
2017-12-14 02:00:00+00:00,301.25
2017-12-14 03:00:00+00:00,293.25
2017-12-14 04:00:00+00:00,898.25
2017-12-14 05:00:00+00:00,565.5
2017-12-14 06:00:00+00:00,457.5
2017-12-14 07:00:00+00:00,348.0
2017-12-14 08:00:00+00:00,377.0
2017-12-14 09:00:00+00:00,517.25
2017-12-14 10:00:00+00:00,1486.0
2017-12-14 11:00:00+00:00,1148.5
2017-12-14 12:00:00+00:00,525.5
2017-12-14 13:00:00+00:00,420.25
2017-12-14 14:00:00+00:00,532.0
2017-12-14 15:00:00+00:00,627.5
2017-12-14 16:00:00+00:00,623.0
2017-12-14 17:00:00+00:00,494.5
2017-12-14 18:00:00+00:00,731.25
2017-12-14 19:00:00+00:00,794.75
2017-12-14 20:00:00+00:00,559.25
2017-12-14 21:00:00+00:00,1104.25
2017-12-14 22:00:00+00:00,1099.25
2017-12-14 23:00:00+00:00,1108.25
2017-12-15 00:00:00+00:00,1214.0
2017-12-15 01:00:00+00:00,1144.0
2017-12-15 02:00:00+00:00,517.0
2017-12-15 03:00:00+00:00,372.75
2017-12-15 04:00:00+00:00,709.0
2017-12-15 05:00:00+00:00,725.0
2017-12-15 06:00:00+00:00,1334.0
2017-12-15 07:00:00+00:00,799.5
2017-12-15 08:00:00+00:00,386.0
2017-12-15 09:00:00+00:00,477.0
2017-12-15 10:00:00+00:00,880.75
2017-12-15 11:00:00+00:00,1557.25
2017-12-15 12:00:00+00:00,655.25
2017-12-15 13:00:00+00:00,543.75
2017-12-15 14:00:00+00:00,740.25
2017-12-15 15:00:00+00:00,728.0
2017-12-15 16:00:00+00:00,726.75
2017-12-15 17:00:00+00:00,656.5
2017-12-15 18:00:00+00:00,1161.5
2017-12-15 19:00:00+00:00,779.25
2017-12-15 20:00:00+00:00,4216.0
2017-12-15 21:00:00+00:00,3560.25
2017-12-15 22:00:00+00:00,513.0
2017-12-15 23:00:00+00:00,419.0
2017-12-16 00:00:00+00:00,409.0
2017-12-16 01:00:00+00:00,342.5
2017-12-16 02:00:00+00:00,343.5
2017-12-16 03:00:00+00:00,408.75
2017-12-16 04:00:00+00:00,514.25
2017-12-16 05:00:00+00:00,502.0
2017-12-16 06:00:00+00:00,495.0
2017-12-16 07:00:00+00:00,513.25
2017-12-16 08:00:00+00:00,681.75
2017-12-16 09:00:00+00:00,637.75
2017-12-16 10:00:00+00:00,524.25
2017-12-16 11:00:00+00:00,797.25
2017-12-16 12:00:00+00:00,924.75
2017-12-16 13:00:00+00:00,548.25
2017-12-16 14:00:00+00:00,3461.75
2017-12-16 15:00:00+00:00,4099.75
2017-12-16 16:00:00+00:00,4948.5
2017-12-16 17:00:00+00:00,1208.25
2017-12-16 18:00:00+00:00,4604.75
2017-12-16 19:00:00+00:00,5167.25
2017-12-16 20:00:00+00:00,1268.5
2017-12-16 21:00:00+00:00,637.75
2017-12-16 22:00:00+00:00,582.0
2017-12-16 23:00:00+00:00,425.75
2017-12-17 00:00:00+00:00,415.75
2017-12-17 01:00:00+00:00,429.0
2017-12-17 02:00:00+00:00,398.0
2017-12-17 03:00:00+00:00,425.75
2017-12-17 04:00:00+00:00,1832.75
2017-12-17 05:00:00+00:00,1380.0
2017-12-17 06:00:00+00:00,1436.5
2017-12-17 07:00:00+00:00,1672.25
2017-12-17 08:00:00+00:00,1543.5
2017-12-17 09:00:00+00:00,741.75
2017-12-17 10:00:00+00:00,2070.5
2017-12-17 11:00:00+00:00,4549.5
2017-12-17 12:00:00+00:00,3110.5
2017-12-17 13:00:00+00:00,3156.0
2017-12-17 14:00:00+00:00,1748.5
2017-12-17 15:00:00+00:00,2071.25
2017-12-17 16:00:00+00:00,1710.75
2017-12-17 17:00:00+00:00,1765.25
2017-12-17 18:00:00+00:00,4547.5
2017-12-17 19:00:00+00:00,5230.5
2017-12-17 20:00:00+00:00,2085.75
2017-12-17 21:00:00+00:00,674.5
2017-12-17 22:00:00+00:00,425.0
2017-12-17 23:00:00+00:00,415.0
2017-12-18 00:00:00+00:00,427.0
2017-12-18 01:00:00+00:00,436.75
2017-12-18 02:00:00+00:00,402.25
2017-12-18 03:00:00+00:00,403.0
2017-12-18 04:00:00+00:00,1317.25
2017-12-18 05:00:00+00:00,506.75
2017-12-18 06:00:00+00:00,335.5
2017-12-18 07:00:00+00:00,343.5
2017-12-18 08:00:00+00:00,283.0
2017-12-18 09:00:00+00:00,507.5
2017-12-18 10:00:00+00:00,694.25
2017-12-18 11:00:00+00:00,488.5
2017-12-18 12:00:00+00:00,331.0
2017-12-18 13:00:00+00:00,2155.5
2017-12-18 14:00:00+00:00,467.25
2017-12-18 15:00:00+00:00,382.25
2017-12-18 16:00:00+00:00,507.0
2017-12-18 17:00:00+00:00,671.75
2017-12-18 18:00:00+00:00,788.75
2017-12-18 19:00:00+00:00,771.0
2017-12-18 20:00:00+00:00,761.25
2017-12-18 21:00:00+00:00,502.5
2017-12-18 22:00:00+00:00,434.25
2017-12-18 23:00:00+00:00,427.0
2017-12-19 00:00:00+00:00,450.75
2017-12-19 01:00:00+00:00,569.75
2017-12-19 02:00:00+00:00,317.5
2017-12-19 03:00:00+00:00,311.25
2017-12-19 04:00:00+00:00,799.75
2017-12-19 05:00:00+00:00,445.25
2017-12-19 06:00:00+00:00,364.25
2017-12-19 07:00:00+00:00,307.0
2017-12-19 08:00:00+00:00,300.25
2017-12-19 09:00:00+00:00,420.5
2017-12-19 10:00:00+00:00,564.0
2017-12-19 11:00:00+00:00,500.0
2017-12-19 12:00:00+00:00,421.75
2017-12-19 13:00:00+00:00,376.75
2017-12-19 14:00:00+00:00,400.5
2017-12-19 15:00:00+00:00,545.25
2017-12-19 16:00:00+00:00,594.75
2017-12-19 17:00:00+00:00,1245.25
2017-12-19 18:00:00+00:00,2218.5
2017-12-19 19:00:00+00:00,3469.75
2017-12-19 20:00:00+00:00,2541.25
2017-12-19 21:00:00+00:00,1965.0
2017-12-19 22:00:00+00:00,1710.75
2017-12-19 23:00:00+00:00,1635.5
2017-12-20 00:00:00+00:00,1604.5
2017-12-20 01:00:00+00:00,1596.25
2017-12-20 02:00:00+00:00,388.0
2017-12-20 03:00:00+00:00,348.0
2017-12-20 04:00:00+00:00,942.75
2017-12-20 05:00:00+00:00,453.75
2017-12-20 06:00:00+00:00,414.5
2017-12-20 07:00:00+00:00,395.75
2017-12-20 08:00:00+00:00,181.5
2017-12-20 09:00:00+00:00,242.75
2017-12-20 10:00:00+00:00,438.0
2017-12-20 11:00:00+00:00,470.5
2017-12-20 12:00:00+00:00,342.5
2017-12-20 13:00:00+00:00,389.25
2017-12-20 14:00:00+00:00,469.5
2017-12-20 15:00:00+00:00,418.5
2017-12-20 16:00:00+00:00,492.25
2017-12-20 17:00:00+00:00,719.0
2017-12-20 18:00:00+00:00,557.75
2017-12-20 19:00:00+00:00,819.75
2017-12-20 20:00:00+00:00,499.75
2017-12-20 21:00:00+00:00,285.5
2017-12-20 22:00:00+00:00,274.0
2017-12-20 23:00:00+00:00,305.25
2017-12-21 00:00:00+00:00,318.0
2017-12-21 01:00:00+00:00,306.25
2017-12-21 02:00:00+00:00,293.0
2017-12-21 03:00:00+00:00,292.25
2017-12-21 04:00:00+00:00,922.5
2017-12-21 05:00:00+00:00,584.75
2017-12-21 06:00:00+00:00,434.75
2017-12-21 07:00:00+00:00,415.0
2017-12-21 08:00:00+00:00,290.25
2017-12-21 09:00:00+00:00,422.0
2017-12-21 10:00:00+00:00,368.75
2017-12-21 11:00:00+00:00,312.75
2017-12-21 12:00:00+00:00,257.5
2017-12-21 13:00:00+00:00,300.25
2017-12-21 14:00:00+00:00,329.75
2017-12-21 15:00:00+00:00,390.0
2017-12-21 16:00:00+00:00,664.5
2017-12-21 17:00:00+00:00,1849.75
2017-12-21 18:00:00+00:00,693.0
2017-12-21 19:00:00+00:00,1316.0
2017-12-21 20:00:00+00:00,5037.5
2017-12-21 21:00:00+00:00,2727.25
2017-12-21 22:00:00+00:00,402.0
2017-12-21 23:00:00+00:00,357.75
2017-12-22 00:00:00+00:00,421.5
2017-12-22 01:00:00+00:00,518.25
2017-12-22 02:00:00+00:00,426.75
2017-12-22 03:00:00+00:00,378.75
2017-12-22 04:00:00+00:00,699.25
2017-12-22 05:00:00+00:00,1323.5
2017-12-22 06:00:00+00:00,1338.0
2017-12-22 07:00:00+00:00,642.0
2017-12-22 08:00:00+00:00,288.5
2017-12-22 09:00:00+00:00,241.25
2017-12-22 10:00:00+00:00,351.75
2017-12-22 11:00:00+00:00,333.5
2017-12-22 12:00:00+00:00,171.25
2017-12-22 13:00:00+00:00,298.5
2017-12-22 14:00:00+00:00,929.25
2017-12-22 15:00:00+00:00,1015.75
2017-12-22 16:00:00+00:00,1835.25
2017-12-22 17:00:00+00:00,2415.75
2017-12-22 18:00:00+00:00,2059.5
2017-12-22 19:00:00+00:00,513.5
2017-12-22 20:00:00+00:00,742.25
2017-12-22 21:00:00+00:00,715.75
2017-12-22 22:00:00+00:00,623.5
2017-12-22 23:00:00+00:00,535.0
2017-12-23 00:00:00+00:00,422.5
2017-12-23 01:00:00+00:00,403.5
2017-12-23 02:00:00+00:00,415.25
2017-12-23 03:00:00+00:00,427.25
2017-12-23 04:00:00+00:00,498.0
2017-12-23 05:00:00+00:00,501.5
2017-12-23 06:00:00+00:00,491.25
2017-12-23 07:00:00+00:00,445.25
2017-12-23 08:00:00+00:00,349.75
2017-12-23 09:00:00+00:00,412.0
2017-12-23 10:00:00+00:00,773.25
2017-12-23 11:00:00+00:00,1198.25
2017-12-23 12:00:00+00:00,1066.5
2017-12-23 13:00:00+00:00,796.75
2017-12-23 14:00:00+00:00,804.5
2017-12-23 15:00:00+00:00,977.75
2017-12-23 16:00:00+00:00,4494.0
2017-12-23 17:00:00+00:00,2966.0
2017-12-23 18:00:00+00:00,732.75
2017-12-23 19:00:00+00:00,678.75
2017-12-23 20:00:00+00:00,867.0
2017-12-23 21:00:00+00:00,521.75
2017-12-23 22:00:00+00:00,456.5
2017-12-23 23:00:00+00:00,514.25
2017-12-24 00:00:00+00:00,476.5
2017-12-24 01:00:00+00:00,450.5
2017-12-24 02:00:00+00:00,364.25
2017-12-24 03:00:00+00:00,315.25
2017-12-24 04:00:00+00:00,393.25
2017-12-24 05:00:00+00:00,685.0
2017-12-24 06:00:00+00:00,957.25
2017-12-24 07:00:00+00:00,846.75
2017-12-24 08:00:00+00:00,1054.25
2017-12-24 09:00:00+00:00,921.75
2017-12-24 10:00:00+00:00,1342.75
2017-12-24 11:00:00+00:00,1366.0
2017-12-24 12:00:00+00:00,1016.75
2017-12-24 13:00:00+00:00,664.75
2017-12-24 14:00:00+00:00,873.5
2017-12-24 15:00:00+00:00,1881.75
2017-12-24 16:00:00+00:00,937.5
2017-12-24 17:00:00+00:00,998.75
2017-12-24 18:00:00+00:00,2731.75
2017-12-24 19:00:00+00:00,1302.0
2017-12-24 20:00:00+00:00,749.25
2017-12-24 21:00:00+00:00,716.5
2017-12-24 22:00:00+00:00,496.0
2017-12-24 23:00:00+00:00,546.5
2017-12-25 00:00:00+00:00,430.75
2017-12-25 01:00:00+00:00,312.0
2017-12-25 02:00:00+00:00,308.5
2017-12-25 03:00:00+00:00,272.0
2017-12-25 04:00:00+00:00,598.0
2017-12-25 05:00:00+00:00,564.0
2017-12-25 06:00:00+00:00,534.25
2017-12-25 07:00:00+00:00,481.0
2017-12-25 08:00:00+00:00,658.5
2017-12-25 09:00:00+00:00,1770.5
2017-12-25 10:00:00+00:00,773.5
2017-12-25 11:00:00+00:00,932.0
2017-12-25 12:00:00+00:00,2001.0
2017-12-25 13:00:00+00:00,584.25
2017-12-25 14:00:00+00:00,550.5
2017-12-25 15:00:00+00:00,5351.0
2017-12-25 16:00:00+00:00,4752.0
2017-12-25 17:00:00+00:00,2761.25
2017-12-25 18:00:00+00:00,1981.75
2017-12-25 19:00:00+00:00,1030.75
2017-12-25 20:00:00+00:00,798.0
2017-12-25 21:00:00+00:00,477.25
2017-12-25 22:00:00+00:00,310.75
2017-12-25 23:00:00+00:00,398.75
2017-12-26 00:00:00+00:00,328.5
2017-12-26 01:00:00+00:00,337.25
2017-12-26 02:00:00+00:00,299.75
2017-12-26 03:00:00+00:00,307.75
2017-12-26 04:00:00+00:00,419.5
2017-12-26 05:00:00+00:00,809.25
2017-12-26 06:00:00+00:00,1179.5
2017-12-26 07:00:00+00:00,1110.0
2017-12-26 08:00:00+00:00,1411.25
2017-12-26 09:00:00+00:00,4394.75
2017-12-26 10:00:00+00:00,5617.5
2017-12-26 11:00:00+00:00,1776.25
2017-12-26 12:00:00+00:00,3065.25
2017-12-26 13:00:00+00:00,4864.25
2017-12-26 14:00:00+00:00,3630.5
2017-12-26 15:00:00+00:00,3739.25
2017-12-26 16:00:00+00:00,4094.5
2017-12-26 17:00:00+00:00,4429.5
2017-12-26 18:00:00+00:00,3781.75
2017-12-26 19:00:00+00:00,2006.5
2017-12-26 20:00:00+00:00,564.0
2017-12-26 21:00:00+00:00,541.0
2017-12-26 22:00:00+00:00,522.25
2017-12-26 23:00:00+00:00,502.25
2017-12-27 00:00:00+00:00,313.75
2017-12-27 01:00:00+00:00,302.5
2017-12-27 02:00:00+00:00,418.0
2017-12-27 03:00:00+00:00,319.25
2017-12-27 04:00:00+00:00,441.0
2017-12-27 05:00:00+00:00,470.75
2017-12-27 06:00:00+00:00,613.75
2017-12-27 07:00:00+00:00,894.5
2017-12-27 08:00:00+00:00,1106.25
2017-12-27 09:00:00+00:00,677.0
2017-12-27 10:00:00+00:00,1385.5
2017-12-27 11:00:00+00:00,1388.5
2017-12-27 12:00:00+00:00,484.25
2017-12-27 13:00:00+00:00,489.25
2017-12-27 14:00:00+00:00,573.0
2017-12-27 15:00:00+00:00,674.75
2017-12-27 16:00:00+00:00,984.75
2017-12-27 17:00:00+00:00,1720.25
2017-12-27 18:00:00+00:00,1491.75
2017-12-27 19:00:00+00:00,2071.25
2017-12-27 20:00:00+00:00,1617.25
2017-12-27 21:00:00+00:00,620.0
2017-12-27 22:00:00+00:00,494.75
2017-12-27 23:00:00+00:00,326.0
2017-12-28 00:00:00+00:00,312.25
2017-12-28 01:00:00+00:00,338.25
2017-12-28 02:00:00+00:00,308.5
2017-12-28 03:00:00+00:00,290.25
2017-12-28 04:00:00+00:00,413.5
2017-12-28 05:00:00+00:00,383.0
2017-12-28 06:00:00+00:00,604.25
2017-12-28 07:00:00+00:00,512.75
2017-12-28 08:00:00+00:00,443.0
2017-12-28 09:00:00+00:00,555.25
2017-12-28 10:00:00+00:00,882.25
2017-12-28 11:00:00+00:00,573.0
2017-12-28 12:00:00+00:00,795.0
2017-12-28 13:00:00+00:00,1147.0
2017-12-28 14:00:00+00:00,692.75
2017-12-28 15:00:00+00:00,954.25
2017-12-28 16:00:00+00:00,1405.0
2017-12-28 17:00:00+00:00,1231.75
2017-12-28 18:00:00+00:00,1753.0
2017-12-28 19:00:00+00:00,1267.5
2017-12-28 20:00:00+00:00,1441.0
2017-12-28 21:00:00+00:00,1062.25
2017-12-28 22:00:00+00:00,1122.0
2017-12-28 23:00:00+00:00,895.75
2017-12-29 00:00:00+00:00,388.25
2017-12-29 01:00:00+00:00,389.25
2017-12-29 02:00:00+00:00,427.25
2017-12-29 03:00:00+00:00,444.5
2017-12-29 04:00:00+00:00,531.5
2017-12-29 05:00:00+00:00,502.25
2017-12-29 06:00:00+00:00,825.75
2017-12-29 07:00:00+00:00,679.75
2017-12-29 08:00:00+00:00,386.0
2017-12-29 09:00:00+00:00,540.75
2017-12-29 10:00:00+00:00,848.75
2017-12-29 11:00:00+00:00,1273.75
2017-12-29 12:00:00+00:00,1144.0
2017-12-29 13:00:00+00:00,999.5
2017-12-29 14:00:00+00:00,1305.0
2017-12-29 15:00:00+00:00,1097.25
2017-12-29 16:00:00+00:00,1016.0
2017-12-29 17:00:00+00:00,1074.5
2017-12-29 18:00:00+00:00,1095.75
2017-12-29 19:00:00+00:00,829.0
2017-12-29 20:00:00+00:00,5516.25
2017-12-29 21:00:00+00:00,4175.0
2017-12-29 22:00:00+00:00,1622.75
2017-12-29 23:00:00+00:00,1576.75
2017-12-30 00:00:00+00:00,396.25
2017-12-30 01:00:00+00:00,408.5
2017-12-30 02:00:00+00:00,411.0
2017-12-30 03:00:00+00:00,417.25
2017-12-30 04:00:00+00:00,465.75
2017-12-30 05:00:00+00:00,453.0
2017-12-30 06:00:00+00:00,487.0
2017-12-30 07:00:00+00:00,596.25
2017-12-30 08:00:00+00:00,509.5
2017-12-30 09:00:00+00:00,534.0
2017-12-30 10:00:00+00:00,407.75
2017-12-30 11:00:00+00:00,299.75
2017-12-30 12:00:00+00:00,274.75
2017-12-30 13:00:00+00:00,232.25
2017-12-30 14:00:00+00:00,296.0
2017-12-30 15:00:00+00:00,255.25
2017-12-30 16:00:00+00:00,263.75
2017-12-30 17:00:00+00:00,415.5
2017-12-30 18:00:00+00:00,430.75
2017-12-30 19:00:00+00:00,393.75
2017-12-30 20:00:00+00:00,334.25
2017-12-30 21:00:00+00:00,589.5
2017-12-30 22:00:00+00:00,667.75
2017-12-30 23:00:00+00:00,698.25
2017-12-31 00:00:00+00:00,356.5
2017-12-31 01:00:00+00:00,337.25
2017-12-31 02:00:00+00:00,295.5
2017-12-31 03:00:00+00:00,266.25
2017-12-31 04:00:00+00:00,329.75
2017-12-31 05:00:00+00:00,310.5
2017-12-31 06:00:00+00:00,401.0
2017-12-31 07:00:00+00:00,302.25
2017-12-31 08:00:00+00:00,176.75
2017-12-31 09:00:00+00:00,338.75
2017-12-31 10:00:00+00:00,321.0
2017-12-31 11:00:00+00:00,315.0
2017-12-31 12:00:00+00:00,1405.0
2017-12-31 13:00:00+00:00,560.25
2017-12-31 14:00:00+00:00,642.25
2017-12-31 15:00:00+00:00,5749.0
2017-12-31 16:00:00+00:00,8198.25
2017-12-31 17:00:00+00:00,5827.5
2017-12-31 18:00:00+00:00,4531.25
2017-12-31 19:00:00+00:00,3606.5
2017-12-31 20:00:00+00:00,4356.75
2017-12-31 21:00:00+00:00,3471.75
2017-12-31 22:00:00+00:00,3408.25
2017-12-31 23:00:00+00:00,3206.0
2018-01-01 00:00:00+00:00,3189.0147928994083
2018-01-01 01:00:00+00:00,3172.0295857988167
2018-01-01 02:00:00+00:00,3155.044378698225
2018-01-01 03:00:00+00:00,3138.059171597633
2018-01-01 04:00:00+00:00,
2018-01-01 05:00:00+00:00,
2018-01-01 06:00:00+00:00,
2018-01-01 07:00:00+00:00,
2018-01-01 08:00:00+00:00,
2018-01-01 09:00:00+00:00,
2018-01-01 10:00:00+00:00,
2018-01-01 11:00:00+00:00,
2018-01-01 12:00:00+00:00,
2018-01-01 13:00:00+00:00,
2018-01-01 14:00:00+00:00,
2018-01-01 15:00:00+00:00,
2018-01-01 16:00:00+00:00,
2018-01-01 17:00:00+00:00,
2018-01-01 18:00:00+00:00,
2018-01-01 19:00:00+00:00,
2018-01-01 20:00:00+00:00,
2018-01-01 21:00:00+00:00,
2018-01-01 22:00:00+00:00,
2018-01-01 23:00:00+00:00,
2018-01-02 00:00:00+00:00,
2018-01-02 01:00:00+00:00,
2018-01-02 02:00:00+00:00,
2018-01-02 03:00:00+00:00,
2018-01-02 04:00:00+00:00,
2018-01-02 05:00:00+00:00,
2018-01-02 06:00:00+00:00,
2018-01-02 07:00:00+00:00,
2018-01-02 08:00:00+00:00,
2018-01-02 09:00:00+00:00,
2018-01-02 10:00:00+00:00,
2018-01-02 11:00:00+00:00,
2018-01-02 12:00:00+00:00,
2018-01-02 13:00:00+00:00,
2018-01-02 14:00:00+00:00,
2018-01-02 15:00:00+00:00,
2018-01-02 16:00:00+00:00,
2018-01-02 17:00:00+00:00,
2018-01-02 18:00:00+00:00,
2018-01-02 19:00:00+00:00,
2018-01-02 20:00:00+00:00,
2018-01-02 21:00:00+00:00,
2018-01-02 22:00:00+00:00,
2018-01-02 23:00:00+00:00,
2018-01-03 00:00:00+00:00,
2018-01-03 01:00:00+00:00,
2018-01-03 02:00:00+00:00,
2018-01-03 03:00:00+00:00,
2018-01-03 04:00:00+00:00,
2018-01-03 05:00:00+00:00,
2018-01-03 06:00:00+00:00,
2018-01-03 07:00:00+00:00,
2018-01-03 08:00:00+00:00,
2018-01-03 09:00:00+00:00,
2018-01-03 10:00:00+00:00,
2018-01-03 11:00:00+00:00,
2018-01-03 12:00:00+00:00,
2018-01-03 13:00:00+00:00,
2018-01-03 14:00:00+00:00,
2018-01-03 15:00:00+00:00,
2018-01-03 16:00:00+00:00,
2018-01-03 17:00:00+00:00,
2018-01-03 18:00:00+00:00,
2018-01-03 19:00:00+00:00,
2018-01-03 20:00:00+00:00,
2018-01-03 21:00:00+00:00,
2018-01-03 22:00:00+00:00,
2018-01-03 23:00:00+00:00,
2018-01-04 00:00:00+00:00,
2018-01-04 01:00:00+00:00,
2018-01-04 02:00:00+00:00,
2018-01-04 03:00:00+00:00,
2018-01-04 04:00:00+00:00,
2018-01-04 05:00:00+00:00,
2018-01-04 06:00:00+00:00,
2018-01-04 07:00:00+00:00,
2018-01-04 08:00:00+00:00,
2018-01-04 09:00:00+00:00,
2018-01-04 10:00:00+00:00,
2018-01-04 11:00:00+00:00,
2018-01-04 12:00:00+00:00,
2018-01-04 13:00:00+00:00,
2018-01-04 14:00:00+00:00,
2018-01-04 15:00:00+00:00,
2018-01-04 16:00:00+00:00,
2018-01-04 17:00:00+00:00,
2018-01-04 18:00:00+00:00,
2018-01-04 19:00:00+00:00,
2018-01-04 20:00:00+00:00,
2018-01-04 21:00:00+00:00,
2018-01-04 22:00:00+00:00,
2018-01-04 23:00:00+00:00,
2018-01-05 00:00:00+00:00,
2018-01-05 01:00:00+00:00,
2018-01-05 02:00:00+00:00,
2018-01-05 03:00:00+00:00,
2018-01-05 04:00:00+00:00,
2018-01-05 05:00:00+00:00,
2018-01-05 06:00:00+00:00,
2018-01-05 07:00:00+00:00,
2018-01-05 08:00:00+00:00,
2018-01-05 09:00:00+00:00,
2018-01-05 10:00:00+00:00,
2018-01-05 11:00:00+00:00,
2018-01-05 12:00:00+00:00,
2018-01-05 13:00:00+00:00,
2018-01-05 14:00:00+00:00,
2018-01-05 15:00:00+00:00,
2018-01-05 16:00:00+00:00,
2018-01-05 17:00:00+00:00,
2018-01-05 18:00:00+00:00,
2018-01-05 19:00:00+00:00,
2018-01-05 20:00:00+00:00,
2018-01-05 21:00:00+00:00,
2018-01-05 22:00:00+00:00,
2018-01-05 23:00:00+00:00,
2018-01-06 00:00:00+00:00,
2018-01-06 01:00:00+00:00,
2018-01-06 02:00:00+00:00,
2018-01-06 03:00:00+00:00,
2018-01-06 04:00:00+00:00,
2018-01-06 05:00:00+00:00,
2018-01-06 06:00:00+00:00,
2018-01-06 07:00:00+00:00,
2018-01-06 08:00:00+00:00,
2018-01-06 09:00:00+00:00,
2018-01-06 10:00:00+00:00,
2018-01-06 11:00:00+00:00,
2018-01-06 12:00:00+00:00,
2018-01-06 13:00:00+00:00,
2018-01-06 14:00:00+00:00,
2018-01-06 15:00:00+00:00,
2018-01-06 16:00:00+00:00,
2018-01-06 17:00:00+00:00,
2018-01-06 18:00:00+00:00,
2018-01-06 19:00:00+00:00,
2018-01-06 20:00:00+00:00,
2018-01-06 21:00:00+00:00,
2018-01-06 22:00:00+00:00,
2018-01-06 23:00:00+00:00,
2018-01-07 00:00:00+00:00,
2018-01-07 01:00:00+00:00,
2018-01-07 02:00:00+00:00,
2018-01-07 03:00:00+00:00,
2018-01-07 04:00:00+00:00,
2018-01-07 05:00:00+00:00,
2018-01-07 06:00:00+00:00,
2018-01-07 07:00:00+00:00,
2018-01-07 08:00:00+00:00,
2018-01-07 09:00:00+00:00,
2018-01-07 10:00:00+00:00,
2018-01-07 11:00:00+00:00,
2018-01-07 12:00:00+00:00,
2018-01-07 13:00:00+00:00,
2018-01-07 14:00:00+00:00,
2018-01-07 15:00:00+00:00,
2018-01-07 16:00:00+00:00,
2018-01-07 17:00:00+00:00,
2018-01-07 18:00:00+00:00,
2018-01-07 19:00:00+00:00,
2018-01-07 20:00:00+00:00,
2018-01-07 21:00:00+00:00,
2018-01-07 22:00:00+00:00,
2018-01-07 23:00:00+00:00,
2018-01-08 00:00:00+00:00,335.5
2018-01-08 01:00:00+00:00,301.75
2018-01-08 02:00:00+00:00,313.25
2018-01-08 03:00:00+00:00,374.25
2018-01-08 04:00:00+00:00,969.75
2018-01-08 05:00:00+00:00,526.75
2018-01-08 06:00:00+00:00,429.0
2018-01-08 07:00:00+00:00,397.5
2018-01-08 08:00:00+00:00,299.75
2018-01-08 09:00:00+00:00,391.0
2018-01-08 10:00:00+00:00,1162.0
2018-01-08 11:00:00+00:00,1090.5
2018-01-08 12:00:00+00:00,433.75
2018-01-08 13:00:00+00:00,554.0
2018-01-08 14:00:00+00:00,423.0
2018-01-08 15:00:00+00:00,387.25
2018-01-08 16:00:00+00:00,576.25
2018-01-08 17:00:00+00:00,1382.5
2018-01-08 18:00:00+00:00,795.75
2018-01-08 19:00:00+00:00,578.75
2018-01-08 20:00:00+00:00,576.75
2018-01-08 21:00:00+00:00,353.25
2018-01-08 22:00:00+00:00,388.75
2018-01-08 23:00:00+00:00,505.5
2018-01-09 00:00:00+00:00,428.75
2018-01-09 01:00:00+00:00,402.0
2018-01-09 02:00:00+00:00,423.5
2018-01-09 03:00:00+00:00,404.25
2018-01-09 04:00:00+00:00,944.5
2018-01-09 05:00:00+00:00,654.5
2018-01-09 06:00:00+00:00,540.0
2018-01-09 07:00:00+00:00,453.0
2018-01-09 08:00:00+00:00,211.5
2018-01-09 09:00:00+00:00,201.25
2018-01-09 10:00:00+00:00,819.75
2018-01-09 11:00:00+00:00,370.0
2018-01-09 12:00:00+00:00,369.25
2018-01-09 13:00:00+00:00,366.25
2018-01-09 14:00:00+00:00,341.5
2018-01-09 15:00:00+00:00,534.25
2018-01-09 16:00:00+00:00,804.5
2018-01-09 17:00:00+00:00,1047.0
2018-01-09 18:00:00+00:00,1068.75
2018-01-09 19:00:00+00:00,-858.75
2018-01-09 20:00:00+00:00,-1144.0
2018-01-09 21:00:00+00:00,-1280.0
2018-01-09 22:00:00+00:00,-1351.5
2018-01-09 23:00:00+00:00,-1394.25
2018-01-10 00:00:00+00:00,466.5
2018-01-10 01:00:00+00:00,437.25
2018-01-10 02:00:00+00:00,405.0
2018-01-10 03:00:00+00:00,486.25
2018-01-10 04:00:00+00:00,664.75
2018-01-10 05:00:00+00:00,734.0
2018-01-10 06:00:00+00:00,337.25
2018-01-10 07:00:00+00:00,256.25
2018-01-10 08:00:00+00:00,317.25
2018-01-10 09:00:00+00:00,358.0
2018-01-10 10:00:00+00:00,499.75
2018-01-10 11:00:00+00:00,386.75
2018-01-10 12:00:00+00:00,372.75
2018-01-10 13:00:00+00:00,433.75
2018-01-10 14:00:00+00:00,449.75
2018-01-10 15:00:00+00:00,486.75
2018-01-10 16:00:00+00:00,464.0
2018-01-10 17:00:00+00:00,1017.0
2018-01-10 18:00:00+00:00,1641.5
2018-01-10 19:00:00+00:00,691.25
2018-01-10 20:00:00+00:00,609.25
2018-01-10 21:00:00+00:00,504.75
2018-01-10 22:00:00+00:00,478.0
2018-01-10 23:00:00+00:00,693.75
2018-01-11 00:00:00+00:00,1265.25
2018-01-11 01:00:00+00:00,449.25
2018-01-11 02:00:00+00:00,328.25
2018-01-11 03:00:00+00:00,457.75
2018-01-11 04:00:00+00:00,730.0
2018-01-11 05:00:00+00:00,734.0
2018-01-11 06:00:00+00:00,1057.5
2018-01-11 07:00:00+00:00,989.75
2018-01-11 08:00:00+00:00,792.0
2018-01-11 09:00:00+00:00,432.5
2018-01-11 10:00:00+00:00,566.0
2018-01-11 11:00:00+00:00,540.75
2018-01-11 12:00:00+00:00,373.0
2018-01-11 13:00:00+00:00,414.25
2018-01-11 14:00:00+00:00,328.5
2018-01-11 15:00:00+00:00,434.75
2018-01-11 16:00:00+00:00,465.75
2018-01-11 17:00:00+00:00,692.0
2018-01-11 18:00:00+00:00,617.0
2018-01-11 19:00:00+00:00,639.5
2018-01-11 20:00:00+00:00,535.5
2018-01-11 21:00:00+00:00,465.25
2018-01-11 22:00:00+00:00,317.0
2018-01-11 23:00:00+00:00,331.5
2018-01-12 00:00:00+00:00,307.25
2018-01-12 01:00:00+00:00,300.0
2018-01-12 02:00:00+00:00,282.5
2018-01-12 03:00:00+00:00,305.5
2018-01-12 04:00:00+00:00,688.0
2018-01-12 05:00:00+00:00,1059.0
2018-01-12 06:00:00+00:00,552.5
2018-01-12 07:00:00+00:00,492.0
2018-01-12 08:00:00+00:00,402.5
2018-01-12 09:00:00+00:00,384.0
2018-01-12 10:00:00+00:00,422.75
2018-01-12 11:00:00+00:00,649.0
2018-01-12 12:00:00+00:00,448.75
2018-01-12 13:00:00+00:00,417.75
2018-01-12 14:00:00+00:00,764.75
2018-01-12 15:00:00+00:00,397.0
2018-01-12 16:00:00+00:00,428.25
2018-01-12 17:00:00+00:00,610.0
2018-01-12 18:00:00+00:00,694.25
2018-01-12 19:00:00+00:00,3945.5
2018-01-12 20:00:00+00:00,2963.0
2018-01-12 21:00:00+00:00,1546.25
2018-01-12 22:00:00+00:00,450.0
2018-01-12 23:00:00+00:00,439.5
2018-01-13 00:00:00+00:00,417.25
2018-01-13 01:00:00+00:00,393.25
2018-01-13 02:00:00+00:00,439.5
2018-01-13 03:00:00+00:00,-750.75
2018-01-13 04:00:00+00:00,-1511.5
2018-01-13 05:00:00+00:00,-926.75
2018-01-13 06:00:00+00:00,639.5
2018-01-13 07:00:00+00:00,708.0
2018-01-13 08:00:00+00:00,649.25
2018-01-13 09:00:00+00:00,402.5
2018-01-13 10:00:00+00:00,1339.75
2018-01-13 11:00:00+00:00,1812.0
2018-01-13 12:00:00+00:00,1557.75
2018-01-13 13:00:00+00:00,3439.5
2018-01-13 14:00:00+00:00,2609.0
2018-01-13 15:00:00+00:00,4534.0
2018-01-13 16:00:00+00:00,1775.75
2018-01-13 17:00:00+00:00,1269.0
2018-01-13 18:00:00+00:00,889.75
2018-01-13 19:00:00+00:00,3039.0
2018-01-13 20:00:00+00:00,2197.5
2018-01-13 21:00:00+00:00,674.25
2018-01-13 22:00:00+00:00,569.0
2018-01-13 23:00:00+00:00,424.0
2018-01-14 00:00:00+00:00,294.25
2018-01-14 01:00:00+00:00,171.5
2018-01-14 02:00:00+00:00,315.0
2018-01-14 03:00:00+00:00,332.0
2018-01-14 04:00:00+00:00,384.5
2018-01-14 05:00:00+00:00,492.5
2018-01-14 06:00:00+00:00,2027.5
2018-01-14 07:00:00+00:00,1201.25
2018-01-14 08:00:00+00:00,1029.25
2018-01-14 09:00:00+00:00,1239.25
2018-01-14 10:00:00+00:00,2164.5
2018-01-14 11:00:00+00:00,1603.5
2018-01-14 12:00:00+00:00,514.75
2018-01-14 13:00:00+00:00,619.25
2018-01-14 14:00:00+00:00,571.25
2018-01-14 15:00:00+00:00,610.75
2018-01-14 16:00:00+00:00,754.75
2018-01-14 17:00:00+00:00,952.5
2018-01-14 18:00:00+00:00,1358.75
2018-01-14 19:00:00+00:00,1941.25
2018-01-14 20:00:00+00:00,1967.0
2018-01-14 21:00:00+00:00,1193.0
2018-01-14 22:00:00+00:00,1061.5
2018-01-14 23:00:00+00:00,982.5
2018-01-15 00:00:00+00:00,360.75
2018-01-15 01:00:00+00:00,357.25
2018-01-15 02:00:00+00:00,370.75
2018-01-15 03:00:00+00:00,394.0
2018-01-15 04:00:00+00:00,1509.25
2018-01-15 05:00:00+00:00,903.5
2018-01-15 06:00:00+00:00,432.0
2018-01-15 07:00:00+00:00,380.25
2018-01-15 08:00:00+00:00,211.75
2018-01-15 09:00:00+00:00,380.0
2018-01-15 10:00:00+00:00,620.5
2018-01-15 11:00:00+00:00,551.0
2018-01-15 12:00:00+00:00,756.75
2018-01-15 13:00:00+00:00,469.75
2018-01-15 14:00:00+00:00,455.5
2018-01-15 15:00:00+00:00,697.75
2018-01-15 16:00:00+00:00,1312.25
2018-01-15 17:00:00+00:00,834.25
2018-01-15 18:00:00+00:00,764.25
2018-01-15 19:00:00+00:00,1981.25
2018-01-15 20:00:00+00:00,1773.0
2018-01-15 21:00:00+00:00,1798.25
2018-01-15 22:00:00+00:00,1643.0
2018-01-15 23:00:00+00:00,396.5
2018-01-16 00:00:00+00:00,395.5
2018-01-16 01:00:00+00:00,436.25
2018-01-16 02:00:00+00:00,417.0
2018-01-16 03:00:00+00:00,413.25
2018-01-16 04:00:00+00:00,1066.25
2018-01-16 05:00:00+00:00,567.75
2018-01-16 06:00:00+00:00,432.75
2018-01-16 07:00:00+00:00,407.25
2018-01-16 08:00:00+00:00,248.25
2018-01-16 09:00:00+00:00,292.75
2018-01-16 10:00:00+00:00,411.0
2018-01-16 11:00:00+00:00,453.25
2018-01-16 12:00:00+00:00,450.5
2018-01-16 13:00:00+00:00,292.0
2018-01-16 14:00:00+00:00,241.5
2018-01-16 15:00:00+00:00,582.75
2018-01-16 16:00:00+00:00,632.0
2018-01-16 17:00:00+00:00,1835.25
2018-01-16 18:00:00+00:00,2493.0
2018-01-16 19:00:00+00:00,2451.75
2018-01-16 20:00:00+00:00,2914.25
2018-01-16 21:00:00+00:00,2898.25
2018-01-16 22:00:00+00:00,1954.25
2018-01-16 23:00:00+00:00,436.75
2018-01-17 00:00:00+00:00,454.5
2018-01-17 01:00:00+00:00,405.0
2018-01-17 02:00:00+00:00,425.5
2018-01-17 03:00:00+00:00,850.75
2018-01-17 04:00:00+00:00,1752.25
2018-01-17 05:00:00+00:00,869.75
2018-01-17 06:00:00+00:00,352.75
2018-01-17 07:00:00+00:00,251.5
2018-01-17 08:00:00+00:00,236.0
2018-01-17 09:00:00+00:00,265.0
2018-01-17 10:00:00+00:00,321.5
2018-01-17 11:00:00+00:00,342.75
2018-01-17 12:00:00+00:00,244.0
2018-01-17 13:00:00+00:00,460.25
2018-01-17 14:00:00+00:00,530.25
2018-01-17 15:00:00+00:00,898.25
2018-01-17 16:00:00+00:00,1230.5
2018-01-17 17:00:00+00:00,1587.25
2018-01-17 18:00:00+00:00,1133.75
2018-01-17 19:00:00+00:00,4631.75
2018-01-17 20:00:00+00:00,4181.0
2018-01-17 21:00:00+00:00,1413.75
2018-01-17 22:00:00+00:00,540.25
2018-01-17 23:00:00+00:00,341.25
2018-01-18 00:00:00+00:00,308.0
2018-01-18 01:00:00+00:00,312.0
2018-01-18 02:00:00+00:00,301.0
2018-01-18 03:00:00+00:00,307.0
2018-01-18 04:00:00+00:00,954.0
2018-01-18 05:00:00+00:00,1562.25
2018-01-18 06:00:00+00:00,332.0
2018-01-18 07:00:00+00:00,58.5
2018-01-18 08:00:00+00:00,-729.25
2018-01-18 09:00:00+00:00,-848.75
2018-01-18 10:00:00+00:00,-450.75
2018-01-18 11:00:00+00:00,415.0
2018-01-18 12:00:00+00:00,396.0
2018-01-18 13:00:00+00:00,402.25
2018-01-18 14:00:00+00:00,392.0
2018-01-18 15:00:00+00:00,577.25
2018-01-18 16:00:00+00:00,648.0
2018-01-18 17:00:00+00:00,735.25
2018-01-18 18:00:00+00:00,812.75
2018-01-18 19:00:00+00:00,900.75
2018-01-18 20:00:00+00:00,919.5
2018-01-18 21:00:00+00:00,769.75
2018-01-18 22:00:00+00:00,659.0
2018-01-18 23:00:00+00:00,323.5
2018-01-19 00:00:00+00:00,292.25
2018-01-19 01:00:00+00:00,315.5
2018-01-19 02:00:00+00:00,403.75
2018-01-19 03:00:00+00:00,404.0
2018-01-19 04:00:00+00:00,505.0
2018-01-19 05:00:00+00:00,662.75
2018-01-19 06:00:00+00:00,832.25
2018-01-19 07:00:00+00:00,725.0
2018-01-19 08:00:00+00:00,371.5
2018-01-19 09:00:00+00:00,333.5
2018-01-19 10:00:00+00:00,452.5
2018-01-19 11:00:00+00:00,236.25
2018-01-19 12:00:00+00:00,234.5
2018-01-19 13:00:00+00:00,489.25
2018-01-19 14:00:00+00:00,481.5
2018-01-19 15:00:00+00:00,359.25
2018-01-19 16:00:00+00:00,740.5
2018-01-19 17:00:00+00:00,1087.25
2018-01-19 18:00:00+00:00,1233.25
2018-01-19 19:00:00+00:00,4557.0
2018-01-19 20:00:00+00:00,3324.0
2018-01-19 21:00:00+00:00,2978.75
2018-01-19 22:00:00+00:00,779.0
2018-01-19 23:00:00+00:00,396.0
2018-01-20 00:00:00+00:00,394.25
2018-01-20 01:00:00+00:00,397.5
2018-01-20 02:00:00+00:00,274.25
2018-01-20 03:00:00+00:00,-834.75
2018-01-20 04:00:00+00:00,-762.75
2018-01-20 05:00:00+00:00,-895.25
2018-01-20 06:00:00+00:00,-452.5
2018-01-20 07:00:00+00:00,-803.0
2018-01-20 08:00:00+00:00,-698.0
2018-01-20 09:00:00+00:00,-292.5
2018-01-20 10:00:00+00:00,1353.0
2018-01-20 11:00:00+00:00,1235.25
2018-01-20 12:00:00+00:00,437.5
2018-01-20 13:00:00+00:00,343.5
2018-01-20 14:00:00+00:00,474.0
2018-01-20 15:00:00+00:00,1045.25
2018-01-20 16:00:00+00:00,1024.5
2018-01-20 17:00:00+00:00,1105.75
2018-01-20 18:00:00+00:00,1036.0
2018-01-20 19:00:00+00:00,878.75
2018-01-20 20:00:00+00:00,893.5
2018-01-20 21:00:00+00:00,808.75
2018-01-20 22:00:00+00:00,754.25
2018-01-20 23:00:00+00:00,358.75
2018-01-21 00:00:00+00:00,337.25
2018-01-21 01:00:00+00:00,331.25
2018-01-21 02:00:00+00:00,334.75
2018-01-21 03:00:00+00:00,327.5
2018-01-21 04:00:00+00:00,374.75
2018-01-21 05:00:00+00:00,540.0
2018-01-21 06:00:00+00:00,459.0
2018-01-21 07:00:00+00:00,375.25
2018-01-21 08:00:00+00:00,236.25
2018-01-21 09:00:00+00:00,857.75
2018-01-21 10:00:00+00:00,547.5
2018-01-21 11:00:00+00:00,2105.75
2018-01-21 12:00:00+00:00,575.5
2018-01-21 13:00:00+00:00,562.0
2018-01-21 14:00:00+00:00,4808.5
2018-01-21 15:00:00+00:00,8447.75
2018-01-21 16:00:00+00:00,8297.25
2018-01-21 17:00:00+00:00,7182.5
2018-01-21 18:00:00+00:00,6083.25
2018-01-21 19:00:00+00:00,3417.0
2018-01-21 20:00:00+00:00,417.5
2018-01-21 21:00:00+00:00,376.0
2018-01-21 22:00:00+00:00,311.5
2018-01-21 23:00:00+00:00,323.25
2018-01-22 00:00:00+00:00,-685.75
2018-01-22 01:00:00+00:00,-1676.75
2018-01-22 02:00:00+00:00,-498.0
2018-01-22 03:00:00+00:00,303.5
2018-01-22 04:00:00+00:00,414.5
2018-01-22 05:00:00+00:00,613.5
2018-01-22 06:00:00+00:00,736.75
2018-01-22 07:00:00+00:00,762.75
2018-01-22 08:00:00+00:00,550.0
2018-01-22 09:00:00+00:00,624.5
2018-01-22 10:00:00+00:00,578.75
2018-01-22 11:00:00+00:00,438.75
2018-01-22 12:00:00+00:00,336.75
2018-01-22 13:00:00+00:00,415.5
2018-01-22 14:00:00+00:00,365.25
2018-01-22 15:00:00+00:00,253.25
2018-01-22 16:00:00+00:00,292.5
2018-01-22 17:00:00+00:00,929.0
2018-01-22 18:00:00+00:00,1133.5
2018-01-22 19:00:00+00:00,717.0
2018-01-22 20:00:00+00:00,736.75
2018-01-22 21:00:00+00:00,440.25
2018-01-22 22:00:00+00:00,365.25
2018-01-22 23:00:00+00:00,351.0
2018-01-23 00:00:00+00:00,383.0
2018-01-23 01:00:00+00:00,426.5
2018-01-23 02:00:00+00:00,414.25
2018-01-23 03:00:00+00:00,390.5
2018-01-23 04:00:00+00:00,618.0
2018-01-23 05:00:00+00:00,542.25
2018-01-23 06:00:00+00:00,414.25
2018-01-23 07:00:00+00:00,470.25
2018-01-23 08:00:00+00:00,295.5
2018-01-23 09:00:00+00:00,163.25
2018-01-23 10:00:00+00:00,312.75
2018-01-23 11:00:00+00:00,396.0
2018-01-23 12:00:00+00:00,304.25
2018-01-23 13:00:00+00:00,331.75
2018-01-23 14:00:00+00:00,336.5
2018-01-23 15:00:00+00:00,186.25
2018-01-23 16:00:00+00:00,356.25
2018-01-23 17:00:00+00:00,476.75
2018-01-23 18:00:00+00:00,1107.75
2018-01-23 19:00:00+00:00,1260.0
2018-01-23 20:00:00+00:00,1625.5
2018-01-23 21:00:00+00:00,1432.0
2018-01-23 22:00:00+00:00,1401.5
2018-01-23 23:00:00+00:00,418.25
2018-01-24 00:00:00+00:00,385.75
2018-01-24 01:00:00+00:00,487.0
2018-01-24 02:00:00+00:00,391.0
2018-01-24 03:00:00+00:00,268.5
2018-01-24 04:00:00+00:00,552.75
2018-01-24 05:00:00+00:00,467.0
2018-01-24 06:00:00+00:00,342.25
2018-01-24 07:00:00+00:00,295.5
2018-01-24 08:00:00+00:00,254.25
2018-01-24 09:00:00+00:00,328.0
2018-01-24 10:00:00+00:00,592.75
2018-01-24 11:00:00+00:00,329.25
2018-01-24 12:00:00+00:00,310.25
2018-01-24 13:00:00+00:00,398.75
2018-01-24 14:00:00+00:00,628.5
2018-01-24 15:00:00+00:00,555.25
2018-01-24 16:00:00+00:00,739.0
2018-01-24 17:00:00+00:00,960.75
2018-01-24 18:00:00+00:00,865.0
2018-01-24 19:00:00+00:00,1144.5
2018-01-24 20:00:00+00:00,4710.75
2018-01-24 21:00:00+00:00,3818.5
2018-01-24 22:00:00+00:00,3098.25
2018-01-24 23:00:00+00:00,346.25
2018-01-25 00:00:00+00:00,335.75
2018-01-25 01:00:00+00:00,328.5
2018-01-25 02:00:00+00:00,325.25
2018-01-25 03:00:00+00:00,347.0
2018-01-25 04:00:00+00:00,533.75
2018-01-25 05:00:00+00:00,464.0
2018-01-25 06:00:00+00:00,348.5
2018-01-25 07:00:00+00:00,242.0
2018-01-25 08:00:00+00:00,282.75
2018-01-25 09:00:00+00:00,391.0
2018-01-25 10:00:00+00:00,518.25
2018-01-25 11:00:00+00:00,443.75
2018-01-25 12:00:00+00:00,404.0
2018-01-25 13:00:00+00:00,659.25
2018-01-25 14:00:00+00:00,412.5
2018-01-25 15:00:00+00:00,294.5
2018-01-25 16:00:00+00:00,429.5
2018-01-25 17:00:00+00:00,506.5
2018-01-25 18:00:00+00:00,469.5
2018-01-25 19:00:00+00:00,411.25
2018-01-25 20:00:00+00:00,335.25
2018-01-25 21:00:00+00:00,258.25
2018-01-25 22:00:00+00:00,257.75
2018-01-25 23:00:00+00:00,260.25
2018-01-26 00:00:00+00:00,260.75
2018-01-26 01:00:00+00:00,280.5
2018-01-26 02:00:00+00:00,298.0
2018-01-26 03:00:00+00:00,255.5
2018-01-26 04:00:00+00:00,622.0
2018-01-26 05:00:00+00:00,570.75
2018-01-26 06:00:00+00:00,621.0
2018-01-26 07:00:00+00:00,570.25
2018-01-26 08:00:00+00:00,363.75
2018-01-26 09:00:00+00:00,437.0
2018-01-26 10:00:00+00:00,825.75
2018-01-26 11:00:00+00:00,528.0
2018-01-26 12:00:00+00:00,383.75
2018-01-26 13:00:00+00:00,318.75
2018-01-26 14:00:00+00:00,397.0
2018-01-26 15:00:00+00:00,528.25
2018-01-26 16:00:00+00:00,677.0
2018-01-26 17:00:00+00:00,496.25
2018-01-26 18:00:00+00:00,463.0
2018-01-26 19:00:00+00:00,557.75
2018-01-26 20:00:00+00:00,523.75
2018-01-26 21:00:00+00:00,502.5
2018-01-26 22:00:00+00:00,483.5
2018-01-26 23:00:00+00:00,396.25
2018-01-27 00:00:00+00:00,397.5
2018-01-27 01:00:00+00:00,412.5
2018-01-27 02:00:00+00:00,483.5
2018-01-27 03:00:00+00:00,795.5
2018-01-27 04:00:00+00:00,873.75
2018-01-27 05:00:00+00:00,849.25
2018-01-27 06:00:00+00:00,933.25
2018-01-27 07:00:00+00:00,634.75
2018-01-27 08:00:00+00:00,245.5
2018-01-27 09:00:00+00:00,419.25
2018-01-27 10:00:00+00:00,480.25
2018-01-27 11:00:00+00:00,1036.0
2018-01-27 12:00:00+00:00,2429.5
2018-01-27 13:00:00+00:00,714.25
2018-01-27 14:00:00+00:00,3365.0
2018-01-27 15:00:00+00:00,6066.0
2018-01-27 16:00:00+00:00,3961.25
2018-01-27 17:00:00+00:00,2458.75
2018-01-27 18:00:00+00:00,378.5
2018-01-27 19:00:00+00:00,905.5
2018-01-27 20:00:00+00:00,541.25
2018-01-27 21:00:00+00:00,1152.0
2018-01-27 22:00:00+00:00,464.0
2018-01-27 23:00:00+00:00,391.75
2018-01-28 00:00:00+00:00,409.75
2018-01-28 01:00:00+00:00,364.25
2018-01-28 02:00:00+00:00,345.25
2018-01-28 03:00:00+00:00,319.75
2018-01-28 04:00:00+00:00,394.75
2018-01-28 05:00:00+00:00,344.25
2018-01-28 06:00:00+00:00,449.0
2018-01-28 07:00:00+00:00,546.0
2018-01-28 08:00:00+00:00,662.25
2018-01-28 09:00:00+00:00,435.5
2018-01-28 10:00:00+00:00,982.5
2018-01-28 11:00:00+00:00,2781.25
2018-01-28 12:00:00+00:00,1847.0
2018-01-28 13:00:00+00:00,2984.25
2018-01-28 14:00:00+00:00,2508.5
2018-01-28 15:00:00+00:00,2676.5
2018-01-28 16:00:00+00:00,965.5
2018-01-28 17:00:00+00:00,551.5
2018-01-28 18:00:00+00:00,685.0
2018-01-28 19:00:00+00:00,576.0
2018-01-28 20:00:00+00:00,543.25
2018-01-28 21:00:00+00:00,465.5
2018-01-28 22:00:00+00:00,339.25
2018-01-28 23:00:00+00:00,316.75
2018-01-29 00:00:00+00:00,296.5
2018-01-29 01:00:00+00:00,343.5
2018-01-29 02:00:00+00:00,310.25
2018-01-29 03:00:00+00:00,310.75
2018-01-29 04:00:00+00:00,925.5
2018-01-29 05:00:00+00:00,579.75
2018-01-29 06:00:00+00:00,435.75
2018-01-29 07:00:00+00:00,452.0
2018-01-29 08:00:00+00:00,393.75
2018-01-29 09:00:00+00:00,282.75
2018-01-29 10:00:00+00:00,456.5
2018-01-29 11:00:00+00:00,374.25
2018-01-29 12:00:00+00:00,278.25
2018-01-29 13:00:00+00:00,55.75
2018-01-29 14:00:00+00:00,273.75
2018-01-29 15:00:00+00:00,292.0
2018-01-29 16:00:00+00:00,376.0
2018-01-29 17:00:00+00:00,1918.5
2018-01-29 18:00:00+00:00,917.5
2018-01-29 19:00:00+00:00,601.0
2018-01-29 20:00:00+00:00,507.0
2018-01-29 21:00:00+00:00,425.5
2018-01-29 22:00:00+00:00,466.75
2018-01-29 23:00:00+00:00,549.0
2018-01-30 00:00:00+00:00,449.0
2018-01-30 01:00:00+00:00,91.5
2018-01-30 02:00:00+00:00,198.75
2018-01-30 03:00:00+00:00,403.5
2018-01-30 04:00:00+00:00,951.0
2018-01-30 05:00:00+00:00,587.75
2018-01-30 06:00:00+00:00,434.75
2018-01-30 07:00:00+00:00,375.25
2018-01-30 08:00:00+00:00,317.5
2018-01-30 09:00:00+00:00,316.25
2018-01-30 10:00:00+00:00,570.0
2018-01-30 11:00:00+00:00,634.75
2018-01-30 12:00:00+00:00,1046.25
2018-01-30 13:00:00+00:00,755.5
2018-01-30 14:00:00+00:00,682.0
2018-01-30 15:00:00+00:00,633.75
2018-01-30 16:00:00+00:00,1140.5
2018-01-30 17:00:00+00:00,780.0
2018-01-30 18:00:00+00:00,3439.5
2018-01-30 19:00:00+00:00,4012.75
2018-01-30 20:00:00+00:00,1821.25
2018-01-30 21:00:00+00:00,534.0
2018-01-30 22:00:00+00:00,600.5
2018-01-30 23:00:00+00:00,557.5
2018-01-31 00:00:00+00:00,425.0
2018-01-31 01:00:00+00:00,404.75
2018-01-31 02:00:00+00:00,353.25
2018-01-31 03:00:00+00:00,434.0
2018-01-31 04:00:00+00:00,747.75
2018-01-31 05:00:00+00:00,457.5
2018-01-31 06:00:00+00:00,353.0
2018-01-31 07:00:00+00:00,369.5
2018-01-31 08:00:00+00:00,521.25
2018-01-31 09:00:00+00:00,757.0
2018-01-31 10:00:00+00:00,1108.75
2018-01-31 11:00:00+00:00,753.75
2018-01-31 12:00:00+00:00,394.75
2018-01-31 13:00:00+00:00,378.5
2018-01-31 14:00:00+00:00,489.0
2018-01-31 15:00:00+00:00,824.25
2018-01-31 16:00:00+00:00,1153.75
2018-01-31 17:00:00+00:00,991.0
2018-01-31 18:00:00+00:00,996.5
2018-01-31 19:00:00+00:00,1811.75
2018-01-31 20:00:00+00:00,1342.25
2018-01-31 21:00:00+00:00,1185.0
2018-01-31 22:00:00+00:00,1009.0
2018-01-31 23:00:00+00:00,353.75
2018-02-01 00:00:00+00:00,299.25
2018-02-01 01:00:00+00:00,285.5
2018-02-01 02:00:00+00:00,288.0
2018-02-01 03:00:00+00:00,397.5
2018-02-01 04:00:00+00:00,693.25
2018-02-01 05:00:00+00:00,501.5
2018-02-01 06:00:00+00:00,402.25
2018-02-01 07:00:00+00:00,236.25
2018-02-01 08:00:00+00:00,262.0
2018-02-01 09:00:00+00:00,539.5
2018-02-01 10:00:00+00:00,488.25
2018-02-01 11:00:00+00:00,518.25
2018-02-01 12:00:00+00:00,392.0
2018-02-01 13:00:00+00:00,443.75
2018-02-01 14:00:00+00:00,527.25
2018-02-01 15:00:00+00:00,1026.25
2018-02-01 16:00:00+00:00,761.25
2018-02-01 17:00:00+00:00,1409.75
2018-02-01 18:00:00+00:00,734.75
2018-02-01 19:00:00+00:00,894.5
2018-02-01 20:00:00+00:00,794.0
2018-02-01 21:00:00+00:00,651.25
2018-02-01 22:00:00+00:00,579.25
2018-02-01 23:00:00+00:00,324.5
2018-02-02 00:00:00+00:00,316.0
2018-02-02 01:00:00+00:00,304.25
2018-02-02 02:00:00+00:00,298.0
2018-02-02 03:00:00+00:00,328.25
2018-02-02 04:00:00+00:00,508.5
2018-02-02 05:00:00+00:00,523.5
2018-02-02 06:00:00+00:00,463.5
2018-02-02 07:00:00+00:00,2600.0
2018-02-02 08:00:00+00:00,1183.5
2018-02-02 09:00:00+00:00,527.25
2018-02-02 10:00:00+00:00,564.75
2018-02-02 11:00:00+00:00,460.75
2018-02-02 12:00:00+00:00,323.5
2018-02-02 13:00:00+00:00,245.75
2018-02-02 14:00:00+00:00,326.0
2018-02-02 15:00:00+00:00,392.0
2018-02-02 16:00:00+00:00,354.0
2018-02-02 17:00:00+00:00,529.5
2018-02-02 18:00:00+00:00,845.5
2018-02-02 19:00:00+00:00,770.25
2018-02-02 20:00:00+00:00,842.25
2018-02-02 21:00:00+00:00,537.5
2018-02-02 22:00:00+00:00,412.5
2018-02-02 23:00:00+00:00,435.25
2018-02-03 00:00:00+00:00,537.75
2018-02-03 01:00:00+00:00,710.25
2018-02-03 02:00:00+00:00,460.5
2018-02-03 03:00:00+00:00,711.25
2018-02-03 04:00:00+00:00,695.25
2018-02-03 05:00:00+00:00,451.5
2018-02-03 06:00:00+00:00,498.25
2018-02-03 07:00:00+00:00,514.25
2018-02-03 08:00:00+00:00,307.75
2018-02-03 09:00:00+00:00,435.75
2018-02-03 10:00:00+00:00,1043.25
2018-02-03 11:00:00+00:00,647.75
2018-02-03 12:00:00+00:00,295.0
2018-02-03 13:00:00+00:00,529.25
2018-02-03 14:00:00+00:00,415.0
2018-02-03 15:00:00+00:00,737.5
2018-02-03 16:00:00+00:00,698.25
2018-02-03 17:00:00+00:00,519.75
2018-02-03 18:00:00+00:00,513.25
2018-02-03 19:00:00+00:00,511.0
2018-02-03 20:00:00+00:00,870.75
2018-02-03 21:00:00+00:00,1182.5
2018-02-03 22:00:00+00:00,1169.75
2018-02-03 23:00:00+00:00,500.5
2018-02-04 00:00:00+00:00,390.5
2018-02-04 01:00:00+00:00,422.5
2018-02-04 02:00:00+00:00,407.0
2018-02-04 03:00:00+00:00,399.0
2018-02-04 04:00:00+00:00,489.75
2018-02-04 05:00:00+00:00,458.5
2018-02-04 06:00:00+00:00,367.25
2018-02-04 07:00:00+00:00,256.25
2018-02-04 08:00:00+00:00,198.0
2018-02-04 09:00:00+00:00,377.25
2018-02-04 10:00:00+00:00,1325.5
2018-02-04 11:00:00+00:00,844.75
2018-02-04 12:00:00+00:00,858.5
2018-02-04 13:00:00+00:00,2305.0
2018-02-04 14:00:00+00:00,1316.0
2018-02-04 15:00:00+00:00,694.0
2018-02-04 16:00:00+00:00,1203.75
2018-02-04 17:00:00+00:00,1027.75
2018-02-04 18:00:00+00:00,765.5
2018-02-04 19:00:00+00:00,974.75
2018-02-04 20:00:00+00:00,1065.5
2018-02-04 21:00:00+00:00,1189.5
2018-02-04 22:00:00+00:00,1037.75
2018-02-04 23:00:00+00:00,585.5
2018-02-05 00:00:00+00:00,442.5
2018-02-05 01:00:00+00:00,385.25
2018-02-05 02:00:00+00:00,322.75
2018-02-05 03:00:00+00:00,308.75
2018-02-05 04:00:00+00:00,411.5
2018-02-05 05:00:00+00:00,602.75
2018-02-05 06:00:00+00:00,1168.75
2018-02-05 07:00:00+00:00,860.25
2018-02-05 08:00:00+00:00,861.25
2018-02-05 09:00:00+00:00,1598.25
2018-02-05 10:00:00+00:00,641.0
2018-02-05 11:00:00+00:00,945.75
2018-02-05 12:00:00+00:00,648.75
2018-02-05 13:00:00+00:00,547.75
2018-02-05 14:00:00+00:00,547.75
2018-02-05 15:00:00+00:00,500.0
2018-02-05 16:00:00+00:00,3107.5
2018-02-05 17:00:00+00:00,2651.5
2018-02-05 18:00:00+00:00,1369.75
2018-02-05 19:00:00+00:00,900.75
2018-02-05 20:00:00+00:00,772.0
2018-02-05 21:00:00+00:00,528.75
2018-02-05 22:00:00+00:00,504.5
2018-02-05 23:00:00+00:00,398.25
2018-02-06 00:00:00+00:00,339.25
2018-02-06 01:00:00+00:00,385.75
2018-02-06 02:00:00+00:00,342.5
2018-02-06 03:00:00+00:00,401.75
2018-02-06 04:00:00+00:00,1299.25
2018-02-06 05:00:00+00:00,892.25
2018-02-06 06:00:00+00:00,424.25
2018-02-06 07:00:00+00:00,444.0
2018-02-06 08:00:00+00:00,520.25
2018-02-06 09:00:00+00:00,465.25
2018-02-06 10:00:00+00:00,564.0
2018-02-06 11:00:00+00:00,585.5
2018-02-06 12:00:00+00:00,713.25
2018-02-06 13:00:00+00:00,597.5
2018-02-06 14:00:00+00:00,580.0
2018-02-06 15:00:00+00:00,212.75
2018-02-06 16:00:00+00:00,386.5
2018-02-06 17:00:00+00:00,539.0
2018-02-06 18:00:00+00:00,549.5
2018-02-06 19:00:00+00:00,3882.5
2018-02-06 20:00:00+00:00,4459.0
2018-02-06 21:00:00+00:00,547.5
2018-02-06 22:00:00+00:00,848.25
2018-02-06 23:00:00+00:00,385.5
2018-02-07 00:00:00+00:00,478.0
2018-02-07 01:00:00+00:00,427.25
2018-02-07 02:00:00+00:00,430.0
2018-02-07 03:00:00+00:00,574.0
2018-02-07 04:00:00+00:00,1414.0
2018-02-07 05:00:00+00:00,884.25
2018-02-07 06:00:00+00:00,417.75
2018-02-07 07:00:00+00:00,471.75
2018-02-07 08:00:00+00:00,744.25
2018-02-07 09:00:00+00:00,496.5
2018-02-07 10:00:00+00:00,3378.25
2018-02-07 11:00:00+00:00,3854.0
2018-02-07 12:00:00+00:00,391.5
2018-02-07 13:00:00+00:00,432.75
2018-02-07 14:00:00+00:00,356.75
2018-02-07 15:00:00+00:00,392.5
2018-02-07 16:00:00+00:00,539.25
2018-02-07 17:00:00+00:00,1385.0
2018-02-07 18:00:00+00:00,6334.75
2018-02-07 19:00:00+00:00,11904.0
2018-02-07 20:00:00+00:00,9129.75
2018-02-07 21:00:00+00:00,8466.75
2018-02-07 22:00:00+00:00,8359.25
2018-02-07 23:00:00+00:00,447.0
2018-02-08 00:00:00+00:00,428.0
2018-02-08 01:00:00+00:00,398.75
2018-02-08 02:00:00+00:00,373.5
2018-02-08 03:00:00+00:00,318.5
2018-02-08 04:00:00+00:00,1733.5
2018-02-08 05:00:00+00:00,730.0
2018-02-08 06:00:00+00:00,401.0
2018-02-08 07:00:00+00:00,350.25
2018-02-08 08:00:00+00:00,304.75
2018-02-08 09:00:00+00:00,1771.0
2018-02-08 10:00:00+00:00,687.0
2018-02-08 11:00:00+00:00,500.25
2018-02-08 12:00:00+00:00,382.25
2018-02-08 13:00:00+00:00,439.5
2018-02-08 14:00:00+00:00,578.0
2018-02-08 15:00:00+00:00,378.0
2018-02-08 16:00:00+00:00,535.0
2018-02-08 17:00:00+00:00,453.5
2018-02-08 18:00:00+00:00,591.75
2018-02-08 19:00:00+00:00,747.75
2018-02-08 20:00:00+00:00,1219.5
2018-02-08 21:00:00+00:00,583.0
2018-02-08 22:00:00+00:00,746.5
2018-02-08 23:00:00+00:00,346.75
2018-02-09 00:00:00+00:00,400.75
2018-02-09 01:00:00+00:00,328.5
2018-02-09 02:00:00+00:00,377.75
2018-02-09 03:00:00+00:00,375.5
2018-02-09 04:00:00+00:00,1128.5
2018-02-09 05:00:00+00:00,1468.5
2018-02-09 06:00:00+00:00,1087.5
2018-02-09 07:00:00+00:00,869.25
2018-02-09 08:00:00+00:00,446.75
2018-02-09 09:00:00+00:00,369.25
2018-02-09 10:00:00+00:00,533.75
2018-02-09 11:00:00+00:00,572.0
2018-02-09 12:00:00+00:00,1575.75
2018-02-09 13:00:00+00:00,822.5
2018-02-09 14:00:00+00:00,1030.5
2018-02-09 15:00:00+00:00,2187.5
2018-02-09 16:00:00+00:00,2372.75
2018-02-09 17:00:00+00:00,691.25
2018-02-09 18:00:00+00:00,1831.75
2018-02-09 19:00:00+00:00,2561.0
2018-02-09 20:00:00+00:00,5601.5
2018-02-09 21:00:00+00:00,2486.25
2018-02-09 22:00:00+00:00,444.0
2018-02-09 23:00:00+00:00,443.0
2018-02-10 00:00:00+00:00,491.25
2018-02-10 01:00:00+00:00,423.0
2018-02-10 02:00:00+00:00,451.75
2018-02-10 03:00:00+00:00,417.0
2018-02-10 04:00:00+00:00,503.25
2018-02-10 05:00:00+00:00,462.25
2018-02-10 06:00:00+00:00,474.75
2018-02-10 07:00:00+00:00,-123.75
2018-02-10 08:00:00+00:00,-372.75
2018-02-10 09:00:00+00:00,2035.0
2018-02-10 10:00:00+00:00,2213.25
2018-02-10 11:00:00+00:00,2064.5
2018-02-10 12:00:00+00:00,3005.5
2018-02-10 13:00:00+00:00,2200.75
2018-02-10 14:00:00+00:00,6339.0
2018-02-10 15:00:00+00:00,4325.0
2018-02-10 16:00:00+00:00,4042.75
2018-02-10 17:00:00+00:00,1437.0
2018-02-10 18:00:00+00:00,1864.5
2018-02-10 19:00:00+00:00,1088.5
2018-02-10 20:00:00+00:00,834.5
2018-02-10 21:00:00+00:00,808.5
2018-02-10 22:00:00+00:00,636.25
2018-02-10 23:00:00+00:00,345.5
2018-02-11 00:00:00+00:00,358.0
2018-02-11 01:00:00+00:00,428.0
2018-02-11 02:00:00+00:00,329.0
2018-02-11 03:00:00+00:00,324.0
2018-02-11 04:00:00+00:00,397.5
2018-02-11 05:00:00+00:00,335.5
2018-02-11 06:00:00+00:00,515.25
2018-02-11 07:00:00+00:00,1195.25
2018-02-11 08:00:00+00:00,1912.25
2018-02-11 09:00:00+00:00,1465.0
2018-02-11 10:00:00+00:00,2939.0
2018-02-11 11:00:00+00:00,1289.5
2018-02-11 12:00:00+00:00,1277.75
2018-02-11 13:00:00+00:00,1165.5
2018-02-11 14:00:00+00:00,634.75
2018-02-11 15:00:00+00:00,1081.75
2018-02-11 16:00:00+00:00,5832.25
2018-02-11 17:00:00+00:00,3972.0
2018-02-11 18:00:00+00:00,3778.75
2018-02-11 19:00:00+00:00,930.0
2018-02-11 20:00:00+00:00,759.25
2018-02-11 21:00:00+00:00,716.75
2018-02-11 22:00:00+00:00,382.75
2018-02-11 23:00:00+00:00,314.75
2018-02-12 00:00:00+00:00,330.5
2018-02-12 01:00:00+00:00,313.25
2018-02-12 02:00:00+00:00,308.25
2018-02-12 03:00:00+00:00,348.75
2018-02-12 04:00:00+00:00,1316.75
2018-02-12 05:00:00+00:00,1026.5
2018-02-12 06:00:00+00:00,435.75
2018-02-12 07:00:00+00:00,451.0
2018-02-12 08:00:00+00:00,331.25
2018-02-12 09:00:00+00:00,731.75
2018-02-12 10:00:00+00:00,573.75
2018-02-12 11:00:00+00:00,878.0
2018-02-12 12:00:00+00:00,524.25
2018-02-12 13:00:00+00:00,557.25
2018-02-12 14:00:00+00:00,718.5
2018-02-12 15:00:00+00:00,720.25
2018-02-12 16:00:00+00:00,1278.75
2018-02-12 17:00:00+00:00,1379.5
2018-02-12 18:00:00+00:00,2348.0
2018-02-12 19:00:00+00:00,1634.75
2018-02-12 20:00:00+00:00,1848.75
2018-02-12 21:00:00+00:00,1716.5
2018-02-12 22:00:00+00:00,1582.95
2018-02-12 23:00:00+00:00,1449.4
2018-02-13 00:00:00+00:00,1315.85
2018-02-13 01:00:00+00:00,1182.3
2018-02-13 02:00:00+00:00,
2018-02-13 03:00:00+00:00,
2018-02-13 04:00:00+00:00,
2018-02-13 05:00:00+00:00,
2018-02-13 06:00:00+00:00,
2018-02-13 07:00:00+00:00,381.0
2018-02-13 08:00:00+00:00,144.0
2018-02-13 09:00:00+00:00,1937.5
2018-02-13 10:00:00+00:00,2635.25
2018-02-13 11:00:00+00:00,777.5
2018-02-13 12:00:00+00:00,565.75
2018-02-13 13:00:00+00:00,2610.75
2018-02-13 14:00:00+00:00,2660.0
2018-02-13 15:00:00+00:00,1523.0
2018-02-13 16:00:00+00:00,880.5
2018-02-13 17:00:00+00:00,1356.0
2018-02-13 18:00:00+00:00,3264.25
2018-02-13 19:00:00+00:00,1330.25
2018-02-13 20:00:00+00:00,1347.75
2018-02-13 21:00:00+00:00,937.0
2018-02-13 22:00:00+00:00,1043.0
2018-02-13 23:00:00+00:00,1057.25
2018-02-14 00:00:00+00:00,1115.5
2018-02-14 01:00:00+00:00,1063.5
2018-02-14 02:00:00+00:00,988.0
2018-02-14 03:00:00+00:00,936.5
2018-02-14 04:00:00+00:00,1521.5
2018-02-14 05:00:00+00:00,1107.25
2018-02-14 06:00:00+00:00,1002.75
2018-02-14 07:00:00+00:00,1266.25
2018-02-14 08:00:00+00:00,711.0
2018-02-14 09:00:00+00:00,643.0
2018-02-14 10:00:00+00:00,457.0
2018-02-14 11:00:00+00:00,-1141.25
2018-02-14 12:00:00+00:00,-159.0
2018-02-14 13:00:00+00:00,471.5
2018-02-14 14:00:00+00:00,720.25
2018-02-14 15:00:00+00:00,1057.5
2018-02-14 16:00:00+00:00,1223.5
2018-02-14 17:00:00+00:00,1928.25
2018-02-14 18:00:00+00:00,1437.5
2018-02-14 19:00:00+00:00,4557.0
2018-02-14 20:00:00+00:00,8936.75
2018-02-14 21:00:00+00:00,7287.75
2018-02-14 22:00:00+00:00,7151.75
2018-02-14 23:00:00+00:00,1463.5
2018-02-15 00:00:00+00:00,1528.25
2018-02-15 01:00:00+00:00,1587.5
2018-02-15 02:00:00+00:00,1537.25
2018-02-15 03:00:00+00:00,1468.25
2018-02-15 04:00:00+00:00,2842.0
2018-02-15 05:00:00+00:00,4237.5
2018-02-15 06:00:00+00:00,1894.25
2018-02-15 07:00:00+00:00,1254.0
2018-02-15 08:00:00+00:00,1385.75
2018-02-15 09:00:00+00:00,946.5
2018-02-15 10:00:00+00:00,967.0
2018-02-15 11:00:00+00:00,982.75
2018-02-15 12:00:00+00:00,811.75
2018-02-15 13:00:00+00:00,1119.0
2018-02-15 14:00:00+00:00,791.5
2018-02-15 15:00:00+00:00,752.75
2018-02-15 16:00:00+00:00,2724.75
2018-02-15 17:00:00+00:00,1772.75
2018-02-15 18:00:00+00:00,1421.0
2018-02-15 19:00:00+00:00,4566.75
2018-02-15 20:00:00+00:00,4314.25
2018-02-15 21:00:00+00:00,1880.0
2018-02-15 22:00:00+00:00,678.5
2018-02-15 23:00:00+00:00,870.0
2018-02-16 00:00:00+00:00,691.5
2018-02-16 01:00:00+00:00,865.5
2018-02-16 02:00:00+00:00,981.5
2018-02-16 03:00:00+00:00,719.0
2018-02-16 04:00:00+00:00,1940.25
2018-02-16 05:00:00+00:00,1448.75
2018-02-16 06:00:00+00:00,1897.75
2018-02-16 07:00:00+00:00,1258.5
2018-02-16 08:00:00+00:00,703.0
2018-02-16 09:00:00+00:00,713.0
2018-02-16 10:00:00+00:00,850.5
2018-02-16 11:00:00+00:00,963.5
2018-02-16 12:00:00+00:00,769.25
2018-02-16 13:00:00+00:00,907.5
2018-02-16 14:00:00+00:00,848.25
2018-02-16 15:00:00+00:00,724.5
2018-02-16 16:00:00+00:00,983.0
2018-02-16 17:00:00+00:00,2873.25
2018-02-16 18:00:00+00:00,3222.25
2018-02-16 19:00:00+00:00,3406.75
2018-02-16 20:00:00+00:00,1060.0
2018-02-16 21:00:00+00:00,1201.0
2018-02-16 22:00:00+00:00,899.5
2018-02-16 23:00:00+00:00,921.0
2018-02-17 00:00:00+00:00,870.25
2018-02-17 01:00:00+00:00,793.0
2018-02-17 02:00:00+00:00,1029.75
2018-02-17 03:00:00+00:00,926.0
2018-02-17 04:00:00+00:00,974.5
2018-02-17 05:00:00+00:00,1209.25
2018-02-17 06:00:00+00:00,1220.5
2018-02-17 07:00:00+00:00,2357.25
2018-02-17 08:00:00+00:00,2902.75
2018-02-17 09:00:00+00:00,3980.25
2018-02-17 10:00:00+00:00,919.25
2018-02-17 11:00:00+00:00,969.5
2018-02-17 12:00:00+00:00,2981.0
2018-02-17 13:00:00+00:00,2173.25
2018-02-17 14:00:00+00:00,2099.75
2018-02-17 15:00:00+00:00,1142.5
2018-02-17 16:00:00+00:00,1562.5
2018-02-17 17:00:00+00:00,2964.75
2018-02-17 18:00:00+00:00,3612.0
2018-02-17 19:00:00+00:00,4082.25
2018-02-17 20:00:00+00:00,3360.25
2018-02-17 21:00:00+00:00,899.25
2018-02-17 22:00:00+00:00,833.75
2018-02-17 23:00:00+00:00,990.25
2018-02-18 00:00:00+00:00,760.25
2018-02-18 01:00:00+00:00,969.5
2018-02-18 02:00:00+00:00,786.0
2018-02-18 03:00:00+00:00,938.5
2018-02-18 04:00:00+00:00,1121.25
2018-02-18 05:00:00+00:00,1017.0
2018-02-18 06:00:00+00:00,969.5
2018-02-18 07:00:00+00:00,1106.25
2018-02-18 08:00:00+00:00,749.5
2018-02-18 09:00:00+00:00,1101.0
2018-02-18 10:00:00+00:00,1235.0
2018-02-18 11:00:00+00:00,616.5
2018-02-18 12:00:00+00:00,1297.0
2018-02-18 13:00:00+00:00,902.75
2018-02-18 14:00:00+00:00,941.75
2018-02-18 15:00:00+00:00,863.25
2018-02-18 16:00:00+00:00,1104.75
2018-02-18 17:00:00+00:00,4272.25
2018-02-18 18:00:00+00:00,4650.5
2018-02-18 19:00:00+00:00,1010.0
2018-02-18 20:00:00+00:00,1074.75
2018-02-18 21:00:00+00:00,891.25
2018-02-18 22:00:00+00:00,898.75
2018-02-18 23:00:00+00:00,929.0
2018-02-19 00:00:00+00:00,702.5
2018-02-19 01:00:00+00:00,873.5
2018-02-19 02:00:00+00:00,690.25
2018-02-19 03:00:00+00:00,1013.25
2018-02-19 04:00:00+00:00,2103.25
2018-02-19 05:00:00+00:00,1327.0
2018-02-19 06:00:00+00:00,887.0
2018-02-19 07:00:00+00:00,728.75
2018-02-19 08:00:00+00:00,567.25
2018-02-19 09:00:00+00:00,697.75
2018-02-19 10:00:00+00:00,688.75
2018-02-19 11:00:00+00:00,765.5
2018-02-19 12:00:00+00:00,1016.5
2018-02-19 13:00:00+00:00,711.25
2018-02-19 14:00:00+00:00,836.5
2018-02-19 15:00:00+00:00,577.5
2018-02-19 16:00:00+00:00,811.25
2018-02-19 17:00:00+00:00,1495.75
2018-02-19 18:00:00+00:00,1502.75
2018-02-19 19:00:00+00:00,1614.5
2018-02-19 20:00:00+00:00,784.0
2018-02-19 21:00:00+00:00,473.5
2018-02-19 22:00:00+00:00,453.0
2018-02-19 23:00:00+00:00,317.75
2018-02-20 00:00:00+00:00,303.5
2018-02-20 01:00:00+00:00,326.5
2018-02-20 02:00:00+00:00,297.75
2018-02-20 03:00:00+00:00,324.5
2018-02-20 04:00:00+00:00,2112.0
2018-02-20 05:00:00+00:00,1093.25
2018-02-20 06:00:00+00:00,456.0
2018-02-20 07:00:00+00:00,799.5
2018-02-20 08:00:00+00:00,1122.75
2018-02-20 09:00:00+00:00,900.5
2018-02-20 10:00:00+00:00,1144.25
2018-02-20 11:00:00+00:00,1055.0
2018-02-20 12:00:00+00:00,404.5
2018-02-20 13:00:00+00:00,396.75
2018-02-20 14:00:00+00:00,306.5
2018-02-20 15:00:00+00:00,443.75
2018-02-20 16:00:00+00:00,741.0
2018-02-20 17:00:00+00:00,1506.75
2018-02-20 18:00:00+00:00,2675.5
2018-02-20 19:00:00+00:00,6546.5
2018-02-20 20:00:00+00:00,4220.25
2018-02-20 21:00:00+00:00,1358.75
2018-02-20 22:00:00+00:00,469.25
2018-02-20 23:00:00+00:00,372.25
2018-02-21 00:00:00+00:00,455.5
2018-02-21 01:00:00+00:00,422.5
2018-02-21 02:00:00+00:00,439.75
2018-02-21 03:00:00+00:00,546.0
2018-02-21 04:00:00+00:00,1869.0
2018-02-21 05:00:00+00:00,1016.25
2018-02-21 06:00:00+00:00,447.25
2018-02-21 07:00:00+00:00,470.5
2018-02-21 08:00:00+00:00,412.5
2018-02-21 09:00:00+00:00,389.25
2018-02-21 10:00:00+00:00,593.0
2018-02-21 11:00:00+00:00,601.75
2018-02-21 12:00:00+00:00,1335.75
2018-02-21 13:00:00+00:00,1866.25
2018-02-21 14:00:00+00:00,497.25
2018-02-21 15:00:00+00:00,376.5
2018-02-21 16:00:00+00:00,444.5
2018-02-21 17:00:00+00:00,1070.25
2018-02-21 18:00:00+00:00,1705.0
2018-02-21 19:00:00+00:00,1251.25
2018-02-21 20:00:00+00:00,882.0
2018-02-21 21:00:00+00:00,689.25
2018-02-21 22:00:00+00:00,659.0
2018-02-21 23:00:00+00:00,653.5
2018-02-22 00:00:00+00:00,424.0
2018-02-22 01:00:00+00:00,427.25
2018-02-22 02:00:00+00:00,387.75
2018-02-22 03:00:00+00:00,437.5
2018-02-22 04:00:00+00:00,3049.25
2018-02-22 05:00:00+00:00,1364.5
2018-02-22 06:00:00+00:00,330.5
2018-02-22 07:00:00+00:00,378.75
2018-02-22 08:00:00+00:00,347.0
2018-02-22 09:00:00+00:00,369.5
2018-02-22 10:00:00+00:00,556.5
2018-02-22 11:00:00+00:00,514.25
2018-02-22 12:00:00+00:00,420.5
2018-02-22 13:00:00+00:00,480.75
2018-02-22 14:00:00+00:00,488.0
2018-02-22 15:00:00+00:00,429.25
2018-02-22 16:00:00+00:00,643.25
2018-02-22 17:00:00+00:00,553.5
2018-02-22 18:00:00+00:00,624.5
2018-02-22 19:00:00+00:00,3906.5
2018-02-22 20:00:00+00:00,2896.5
2018-02-22 21:00:00+00:00,1479.75
2018-02-22 22:00:00+00:00,381.0
2018-02-22 23:00:00+00:00,320.75
2018-02-23 00:00:00+00:00,669.5
2018-02-23 01:00:00+00:00,749.25
2018-02-23 02:00:00+00:00,340.0
2018-02-23 03:00:00+00:00,326.25
2018-02-23 04:00:00+00:00,517.0
2018-02-23 05:00:00+00:00,523.25
2018-02-23 06:00:00+00:00,291.25
2018-02-23 07:00:00+00:00,358.0
2018-02-23 08:00:00+00:00,390.25
2018-02-23 09:00:00+00:00,467.75
2018-02-23 10:00:00+00:00,617.5
2018-02-23 11:00:00+00:00,601.75
2018-02-23 12:00:00+00:00,461.5
2018-02-23 13:00:00+00:00,465.25
2018-02-23 14:00:00+00:00,466.25
2018-02-23 15:00:00+00:00,446.25
2018-02-23 16:00:00+00:00,463.5
2018-02-23 17:00:00+00:00,664.5
2018-02-23 18:00:00+00:00,902.5
2018-02-23 19:00:00+00:00,549.0
2018-02-23 20:00:00+00:00,413.25
2018-02-23 21:00:00+00:00,355.75
2018-02-23 22:00:00+00:00,297.75
2018-02-23 23:00:00+00:00,327.5
2018-02-24 00:00:00+00:00,295.5
2018-02-24 01:00:00+00:00,312.0
2018-02-24 02:00:00+00:00,324.0
2018-02-24 03:00:00+00:00,293.75
2018-02-24 04:00:00+00:00,359.0
2018-02-24 05:00:00+00:00,367.25
2018-02-24 06:00:00+00:00,497.0
2018-02-24 07:00:00+00:00,638.0
2018-02-24 08:00:00+00:00,502.5
2018-02-24 09:00:00+00:00,685.0
2018-02-24 10:00:00+00:00,848.5
2018-02-24 11:00:00+00:00,627.0
2018-02-24 12:00:00+00:00,659.0
2018-02-24 13:00:00+00:00,570.0
2018-02-24 14:00:00+00:00,576.75
2018-02-24 15:00:00+00:00,495.25
2018-02-24 16:00:00+00:00,1199.5
2018-02-24 17:00:00+00:00,1486.0
2018-02-24 18:00:00+00:00,736.0
2018-02-24 19:00:00+00:00,617.0
2018-02-24 20:00:00+00:00,408.0
2018-02-24 21:00:00+00:00,352.5
2018-02-24 22:00:00+00:00,450.0
2018-02-24 23:00:00+00:00,345.25
2018-02-25 00:00:00+00:00,358.5
2018-02-25 01:00:00+00:00,357.5
2018-02-25 02:00:00+00:00,334.25
2018-02-25 03:00:00+00:00,343.5
2018-02-25 04:00:00+00:00,432.75
2018-02-25 05:00:00+00:00,405.0
2018-02-25 06:00:00+00:00,480.5
2018-02-25 07:00:00+00:00,554.0
2018-02-25 08:00:00+00:00,505.75
2018-02-25 09:00:00+00:00,58.5
2018-02-25 10:00:00+00:00,2383.25
2018-02-25 11:00:00+00:00,2124.5
2018-02-25 12:00:00+00:00,4131.75
2018-02-25 13:00:00+00:00,1997.0
2018-02-25 14:00:00+00:00,657.0
2018-02-25 15:00:00+00:00,2578.5
2018-02-25 16:00:00+00:00,1049.25
2018-02-25 17:00:00+00:00,705.75
2018-02-25 18:00:00+00:00,516.5
2018-02-25 19:00:00+00:00,2913.25
2018-02-25 20:00:00+00:00,4240.0
2018-02-25 21:00:00+00:00,454.5
2018-02-25 22:00:00+00:00,475.25
2018-02-25 23:00:00+00:00,334.5
2018-02-26 00:00:00+00:00,387.5
2018-02-26 01:00:00+00:00,340.75
2018-02-26 02:00:00+00:00,334.5
2018-02-26 03:00:00+00:00,357.5
2018-02-26 04:00:00+00:00,535.5
2018-02-26 05:00:00+00:00,622.5
2018-02-26 06:00:00+00:00,433.25
2018-02-26 07:00:00+00:00,499.0
2018-02-26 08:00:00+00:00,473.25
2018-02-26 09:00:00+00:00,476.75
2018-02-26 10:00:00+00:00,699.25
2018-02-26 11:00:00+00:00,498.25
2018-02-26 12:00:00+00:00,481.0
2018-02-26 13:00:00+00:00,514.5
2018-02-26 14:00:00+00:00,481.5
2018-02-26 15:00:00+00:00,600.0
2018-02-26 16:00:00+00:00,570.5
2018-02-26 17:00:00+00:00,473.25
2018-02-26 18:00:00+00:00,494.5
2018-02-26 19:00:00+00:00,487.0
2018-02-26 20:00:00+00:00,469.75
2018-02-26 21:00:00+00:00,398.5
2018-02-26 22:00:00+00:00,348.5
2018-02-26 23:00:00+00:00,319.75
2018-02-27 00:00:00+00:00,314.0
2018-02-27 01:00:00+00:00,349.75
2018-02-27 02:00:00+00:00,360.5
2018-02-27 03:00:00+00:00,334.0
2018-02-27 04:00:00+00:00,638.75
2018-02-27 05:00:00+00:00,563.25
2018-02-27 06:00:00+00:00,416.25
2018-02-27 07:00:00+00:00,499.25
2018-02-27 08:00:00+00:00,468.25
2018-02-27 09:00:00+00:00,605.25
2018-02-27 10:00:00+00:00,729.25
2018-02-27 11:00:00+00:00,584.0
2018-02-27 12:00:00+00:00,522.5
2018-02-27 13:00:00+00:00,507.0
2018-02-27 14:00:00+00:00,738.5
2018-02-27 15:00:00+00:00,571.25
2018-02-27 16:00:00+00:00,522.75
2018-02-27 17:00:00+00:00,937.75
2018-02-27 18:00:00+00:00,643.5
2018-02-27 19:00:00+00:00,4212.75
2018-02-27 20:00:00+00:00,2858.75
2018-02-27 21:00:00+00:00,863.0
2018-02-27 22:00:00+00:00,440.0
2018-02-27 23:00:00+00:00,381.5
2018-02-28 00:00:00+00:00,454.0
2018-02-28 01:00:00+00:00,502.5
2018-02-28 02:00:00+00:00,467.0
2018-02-28 03:00:00+00:00,438.0
2018-02-28 04:00:00+00:00,579.5
2018-02-28 05:00:00+00:00,565.75
2018-02-28 06:00:00+00:00,448.0
2018-02-28 07:00:00+00:00,482.25
2018-02-28 08:00:00+00:00,498.25
2018-02-28 09:00:00+00:00,568.5
2018-02-28 10:00:00+00:00,748.25
2018-02-28 11:00:00+00:00,625.75
2018-02-28 12:00:00+00:00,540.5
2018-02-28 13:00:00+00:00,387.25
2018-02-28 14:00:00+00:00,453.0
2018-02-28 15:00:00+00:00,394.0
2018-02-28 16:00:00+00:00,536.5
2018-02-28 17:00:00+00:00,696.75
2018-02-28 18:00:00+00:00,581.25
2018-02-28 19:00:00+00:00,2637.75
2018-02-28 20:00:00+00:00,2997.0
2018-02-28 21:00:00+00:00,1718.75
2018-02-28 22:00:00+00:00,531.5
2018-02-28 23:00:00+00:00,478.0
2018-03-01 00:00:00+00:00,538.25
2018-03-01 01:00:00+00:00,795.25
2018-03-01 02:00:00+00:00,408.5
2018-03-01 03:00:00+00:00,359.25
2018-03-01 04:00:00+00:00,444.25
2018-03-01 05:00:00+00:00,451.25
2018-03-01 06:00:00+00:00,263.5
2018-03-01 07:00:00+00:00,449.25
2018-03-01 08:00:00+00:00,430.75
2018-03-01 09:00:00+00:00,540.5
2018-03-01 10:00:00+00:00,833.0
2018-03-01 11:00:00+00:00,1105.0
2018-03-01 12:00:00+00:00,1795.5
2018-03-01 13:00:00+00:00,1957.25
2018-03-01 14:00:00+00:00,688.75
2018-03-01 15:00:00+00:00,703.75
2018-03-01 16:00:00+00:00,567.75
2018-03-01 17:00:00+00:00,847.5
2018-03-01 18:00:00+00:00,567.25
2018-03-01 19:00:00+00:00,2719.75
2018-03-01 20:00:00+00:00,3083.0
2018-03-01 21:00:00+00:00,1064.0
2018-03-01 22:00:00+00:00,488.5
2018-03-01 23:00:00+00:00,389.25
2018-03-02 00:00:00+00:00,348.75
2018-03-02 01:00:00+00:00,359.75
2018-03-02 02:00:00+00:00,388.25
2018-03-02 03:00:00+00:00,394.25
2018-03-02 04:00:00+00:00,500.5
2018-03-02 05:00:00+00:00,481.25
2018-03-02 06:00:00+00:00,339.25
2018-03-02 07:00:00+00:00,994.25
2018-03-02 08:00:00+00:00,1542.75
2018-03-02 09:00:00+00:00,490.5
2018-03-02 10:00:00+00:00,1673.75
2018-03-02 11:00:00+00:00,1258.25
2018-03-02 12:00:00+00:00,645.25
2018-03-02 13:00:00+00:00,2872.0
2018-03-02 14:00:00+00:00,1923.75
2018-03-02 15:00:00+00:00,1813.0
2018-03-02 16:00:00+00:00,3497.5
2018-03-02 17:00:00+00:00,1808.75
2018-03-02 18:00:00+00:00,602.25
2018-03-02 19:00:00+00:00,439.0
2018-03-02 20:00:00+00:00,410.75
2018-03-02 21:00:00+00:00,401.0
2018-03-02 22:00:00+00:00,359.25
2018-03-02 23:00:00+00:00,315.75
2018-03-03 00:00:00+00:00,341.5
2018-03-03 01:00:00+00:00,452.25
2018-03-03 02:00:00+00:00,359.75
2018-03-03 03:00:00+00:00,376.75
2018-03-03 04:00:00+00:00,503.25
2018-03-03 05:00:00+00:00,494.5
2018-03-03 06:00:00+00:00,524.75
2018-03-03 07:00:00+00:00,516.0
2018-03-03 08:00:00+00:00,382.25
2018-03-03 09:00:00+00:00,572.75
2018-03-03 10:00:00+00:00,470.25
2018-03-03 11:00:00+00:00,4190.5
2018-03-03 12:00:00+00:00,4064.75
2018-03-03 13:00:00+00:00,2008.0
2018-03-03 14:00:00+00:00,4971.25
2018-03-03 15:00:00+00:00,1994.25
2018-03-03 16:00:00+00:00,5327.25
2018-03-03 17:00:00+00:00,1262.75
2018-03-03 18:00:00+00:00,1898.75
2018-03-03 19:00:00+00:00,1617.5
2018-03-03 20:00:00+00:00,702.75
2018-03-03 21:00:00+00:00,679.0
2018-03-03 22:00:00+00:00,498.0
2018-03-03 23:00:00+00:00,375.0
2018-03-04 00:00:00+00:00,443.75
2018-03-04 01:00:00+00:00,478.25
2018-03-04 02:00:00+00:00,401.5
2018-03-04 03:00:00+00:00,449.25
2018-03-04 04:00:00+00:00,468.0
2018-03-04 05:00:00+00:00,444.0
2018-03-04 06:00:00+00:00,904.25
2018-03-04 07:00:00+00:00,1605.5
2018-03-04 08:00:00+00:00,480.25
2018-03-04 09:00:00+00:00,1275.0
2018-03-04 10:00:00+00:00,2282.75
2018-03-04 11:00:00+00:00,1723.75
2018-03-04 12:00:00+00:00,2293.75
2018-03-04 13:00:00+00:00,1566.0
2018-03-04 14:00:00+00:00,491.0
2018-03-04 15:00:00+00:00,1009.25
2018-03-04 16:00:00+00:00,1470.25
2018-03-04 17:00:00+00:00,1223.0
2018-03-04 18:00:00+00:00,642.25
2018-03-04 19:00:00+00:00,657.25
2018-03-04 20:00:00+00:00,851.5
2018-03-04 21:00:00+00:00,693.75
2018-03-04 22:00:00+00:00,448.5
2018-03-04 23:00:00+00:00,406.75
2018-03-05 00:00:00+00:00,387.25
2018-03-05 01:00:00+00:00,413.5
2018-03-05 02:00:00+00:00,369.5
2018-03-05 03:00:00+00:00,497.0
2018-03-05 04:00:00+00:00,1058.0
2018-03-05 05:00:00+00:00,519.75
2018-03-05 06:00:00+00:00,373.75
2018-03-05 07:00:00+00:00,345.25
2018-03-05 08:00:00+00:00,400.25
2018-03-05 09:00:00+00:00,396.25
2018-03-05 10:00:00+00:00,559.75
2018-03-05 11:00:00+00:00,597.0
2018-03-05 12:00:00+00:00,1237.75
2018-03-05 13:00:00+00:00,2307.0
2018-03-05 14:00:00+00:00,672.0
2018-03-05 15:00:00+00:00,871.25
2018-03-05 16:00:00+00:00,922.75
2018-03-05 17:00:00+00:00,837.0
2018-03-05 18:00:00+00:00,894.75
2018-03-05 19:00:00+00:00,733.5
2018-03-05 20:00:00+00:00,595.75
2018-03-05 21:00:00+00:00,366.25
2018-03-05 22:00:00+00:00,393.25
2018-03-05 23:00:00+00:00,408.5
2018-03-06 00:00:00+00:00,429.5
2018-03-06 01:00:00+00:00,397.0
2018-03-06 02:00:00+00:00,420.25
2018-03-06 03:00:00+00:00,636.0
2018-03-06 04:00:00+00:00,848.75
2018-03-06 05:00:00+00:00,4738.25
2018-03-06 06:00:00+00:00,5558.75
2018-03-06 07:00:00+00:00,331.5
2018-03-06 08:00:00+00:00,335.75
2018-03-06 09:00:00+00:00,358.25
2018-03-06 10:00:00+00:00,566.5
2018-03-06 11:00:00+00:00,737.25
2018-03-06 12:00:00+00:00,556.5
2018-03-06 13:00:00+00:00,706.75
2018-03-06 14:00:00+00:00,605.25
2018-03-06 15:00:00+00:00,728.25
2018-03-06 16:00:00+00:00,1486.5
2018-03-06 17:00:00+00:00,3740.25
2018-03-06 18:00:00+00:00,930.25
2018-03-06 19:00:00+00:00,7759.25
2018-03-06 20:00:00+00:00,798.0
2018-03-06 21:00:00+00:00,629.75
2018-03-06 22:00:00+00:00,578.5
2018-03-06 23:00:00+00:00,319.75
2018-03-07 00:00:00+00:00,346.25
2018-03-07 01:00:00+00:00,299.5
2018-03-07 02:00:00+00:00,323.5
2018-03-07 03:00:00+00:00,325.0
2018-03-07 04:00:00+00:00,1087.5
2018-03-07 05:00:00+00:00,1298.5
2018-03-07 06:00:00+00:00,323.5
2018-03-07 07:00:00+00:00,451.25
2018-03-07 08:00:00+00:00,439.25
2018-03-07 09:00:00+00:00,513.5
2018-03-07 10:00:00+00:00,611.25
2018-03-07 11:00:00+00:00,616.0
2018-03-07 12:00:00+00:00,622.5
2018-03-07 13:00:00+00:00,294.5
2018-03-07 14:00:00+00:00,1005.25
2018-03-07 15:00:00+00:00,1100.25
2018-03-07 16:00:00+00:00,2373.75
2018-03-07 17:00:00+00:00,2175.5
2018-03-07 18:00:00+00:00,1999.5
2018-03-07 19:00:00+00:00,1266.0
2018-03-07 20:00:00+00:00,672.25
2018-03-07 21:00:00+00:00,347.0
2018-03-07 22:00:00+00:00,341.5
2018-03-07 23:00:00+00:00,377.0
2018-03-08 00:00:00+00:00,255.25
2018-03-08 01:00:00+00:00,303.25
2018-03-08 02:00:00+00:00,265.25
2018-03-08 03:00:00+00:00,293.0
2018-03-08 04:00:00+00:00,1057.25
2018-03-08 05:00:00+00:00,449.0
2018-03-08 06:00:00+00:00,388.0
2018-03-08 07:00:00+00:00,398.0
2018-03-08 08:00:00+00:00,632.75
2018-03-08 09:00:00+00:00,676.75
2018-03-08 10:00:00+00:00,1246.75
2018-03-08 11:00:00+00:00,1383.75
2018-03-08 12:00:00+00:00,2686.0
2018-03-08 13:00:00+00:00,2129.0
2018-03-08 14:00:00+00:00,1526.25
2018-03-08 15:00:00+00:00,1854.0
2018-03-08 16:00:00+00:00,893.5
2018-03-08 17:00:00+00:00,860.25
2018-03-08 18:00:00+00:00,576.5
2018-03-08 19:00:00+00:00,537.25
2018-03-08 20:00:00+00:00,489.5
2018-03-08 21:00:00+00:00,437.0
2018-03-08 22:00:00+00:00,308.0
2018-03-08 23:00:00+00:00,300.0
2018-03-09 00:00:00+00:00,303.75
2018-03-09 01:00:00+00:00,316.0
2018-03-09 02:00:00+00:00,283.75
2018-03-09 03:00:00+00:00,295.0
2018-03-09 04:00:00+00:00,417.0
2018-03-09 05:00:00+00:00,393.25
2018-03-09 06:00:00+00:00,415.25
2018-03-09 07:00:00+00:00,577.25
2018-03-09 08:00:00+00:00,360.5
2018-03-09 09:00:00+00:00,719.25
2018-03-09 10:00:00+00:00,761.0
2018-03-09 11:00:00+00:00,1588.25
2018-03-09 12:00:00+00:00,1092.75
2018-03-09 13:00:00+00:00,407.5
2018-03-09 14:00:00+00:00,448.5
2018-03-09 15:00:00+00:00,611.75
2018-03-09 16:00:00+00:00,883.0
2018-03-09 17:00:00+00:00,774.5
2018-03-09 18:00:00+00:00,1362.75
2018-03-09 19:00:00+00:00,794.75
2018-03-09 20:00:00+00:00,1537.75
2018-03-09 21:00:00+00:00,785.5
2018-03-09 22:00:00+00:00,286.75
2018-03-09 23:00:00+00:00,403.75
2018-03-10 00:00:00+00:00,517.25
2018-03-10 01:00:00+00:00,482.5
2018-03-10 02:00:00+00:00,287.75
2018-03-10 03:00:00+00:00,355.5
2018-03-10 04:00:00+00:00,474.0
2018-03-10 05:00:00+00:00,432.0
2018-03-10 06:00:00+00:00,675.0
2018-03-10 07:00:00+00:00,1634.75
2018-03-10 08:00:00+00:00,694.0
2018-03-10 09:00:00+00:00,4174.0
2018-03-10 10:00:00+00:00,2507.75
2018-03-10 11:00:00+00:00,544.25
2018-03-10 12:00:00+00:00,2390.5
2018-03-10 13:00:00+00:00,1190.0
2018-03-10 14:00:00+00:00,446.75
2018-03-10 15:00:00+00:00,457.25
2018-03-10 16:00:00+00:00,1943.25
2018-03-10 17:00:00+00:00,2550.75
2018-03-10 18:00:00+00:00,4228.0
2018-03-10 19:00:00+00:00,3050.5
2018-03-10 20:00:00+00:00,760.25
2018-03-10 21:00:00+00:00,1983.75
2018-03-10 22:00:00+00:00,242.75
2018-03-10 23:00:00+00:00,295.75
2018-03-11 00:00:00+00:00,292.75
2018-03-11 01:00:00+00:00,306.5
2018-03-11 02:00:00+00:00,297.25
2018-03-11 03:00:00+00:00,319.5
2018-03-11 04:00:00+00:00,454.0
2018-03-11 05:00:00+00:00,425.75
2018-03-11 06:00:00+00:00,1162.75
2018-03-11 07:00:00+00:00,1298.0
2018-03-11 08:00:00+00:00,449.5
2018-03-11 09:00:00+00:00,643.5
2018-03-11 10:00:00+00:00,1282.25
2018-03-11 11:00:00+00:00,2040.0
2018-03-11 12:00:00+00:00,1122.5
2018-03-11 13:00:00+00:00,1627.5
2018-03-11 14:00:00+00:00,830.0
2018-03-11 15:00:00+00:00,554.5
2018-03-11 16:00:00+00:00,342.25
2018-03-11 17:00:00+00:00,540.25
2018-03-11 18:00:00+00:00,891.75
2018-03-11 19:00:00+00:00,731.5
2018-03-11 20:00:00+00:00,739.0
2018-03-11 21:00:00+00:00,515.0
2018-03-11 22:00:00+00:00,380.0
2018-03-11 23:00:00+00:00,355.25
2018-03-12 00:00:00+00:00,372.25
2018-03-12 01:00:00+00:00,376.75
2018-03-12 02:00:00+00:00,304.0
2018-03-12 03:00:00+00:00,410.0
2018-03-12 04:00:00+00:00,1057.25
2018-03-12 05:00:00+00:00,421.0
2018-03-12 06:00:00+00:00,280.0
2018-03-12 07:00:00+00:00,178.5
2018-03-12 08:00:00+00:00,259.0
2018-03-12 09:00:00+00:00,344.0
2018-03-12 10:00:00+00:00,515.0
2018-03-12 11:00:00+00:00,439.0
2018-03-12 12:00:00+00:00,413.75
2018-03-12 13:00:00+00:00,457.25
2018-03-12 14:00:00+00:00,424.25
2018-03-12 15:00:00+00:00,359.5
2018-03-12 16:00:00+00:00,471.25
2018-03-12 17:00:00+00:00,582.5
2018-03-12 18:00:00+00:00,819.0
2018-03-12 19:00:00+00:00,890.0
2018-03-12 20:00:00+00:00,639.5
2018-03-12 21:00:00+00:00,467.75
2018-03-12 22:00:00+00:00,352.25
2018-03-12 23:00:00+00:00,267.0
2018-03-13 00:00:00+00:00,264.75
2018-03-13 01:00:00+00:00,263.25
2018-03-13 02:00:00+00:00,258.0
2018-03-13 03:00:00+00:00,431.75
2018-03-13 04:00:00+00:00,2093.5
2018-03-13 05:00:00+00:00,491.75
2018-03-13 06:00:00+00:00,350.25
2018-03-13 07:00:00+00:00,391.0
2018-03-13 08:00:00+00:00,489.75
2018-03-13 09:00:00+00:00,419.25
2018-03-13 10:00:00+00:00,553.0
2018-03-13 11:00:00+00:00,589.25
2018-03-13 12:00:00+00:00,507.0
2018-03-13 13:00:00+00:00,686.25
2018-03-13 14:00:00+00:00,390.75
2018-03-13 15:00:00+00:00,264.75
2018-03-13 16:00:00+00:00,808.25
2018-03-13 17:00:00+00:00,1569.75
2018-03-13 18:00:00+00:00,903.75
2018-03-13 19:00:00+00:00,4464.5
2018-03-13 20:00:00+00:00,1808.75
2018-03-13 21:00:00+00:00,427.75
2018-03-13 22:00:00+00:00,270.75
2018-03-13 23:00:00+00:00,320.25
2018-03-14 00:00:00+00:00,295.5
2018-03-14 01:00:00+00:00,328.0
2018-03-14 02:00:00+00:00,286.0
2018-03-14 03:00:00+00:00,327.75
2018-03-14 04:00:00+00:00,832.5
2018-03-14 05:00:00+00:00,559.5
2018-03-14 06:00:00+00:00,278.75
2018-03-14 07:00:00+00:00,380.25
2018-03-14 08:00:00+00:00,373.25
2018-03-14 09:00:00+00:00,389.75
2018-03-14 10:00:00+00:00,502.5
2018-03-14 11:00:00+00:00,776.75
2018-03-14 12:00:00+00:00,839.75
2018-03-14 13:00:00+00:00,514.0
2018-03-14 14:00:00+00:00,449.0
2018-03-14 15:00:00+00:00,410.5
2018-03-14 16:00:00+00:00,497.75
2018-03-14 17:00:00+00:00,724.5
2018-03-14 18:00:00+00:00,768.0
2018-03-14 19:00:00+00:00,575.5
2018-03-14 20:00:00+00:00,429.25
2018-03-14 21:00:00+00:00,270.5
2018-03-14 22:00:00+00:00,297.25
2018-03-14 23:00:00+00:00,314.0
2018-03-15 00:00:00+00:00,396.0
2018-03-15 01:00:00+00:00,417.25
2018-03-15 02:00:00+00:00,411.25
2018-03-15 03:00:00+00:00,383.75
2018-03-15 04:00:00+00:00,959.0
2018-03-15 05:00:00+00:00,513.5
2018-03-15 06:00:00+00:00,454.5
2018-03-15 07:00:00+00:00,748.0
2018-03-15 08:00:00+00:00,585.75
2018-03-15 09:00:00+00:00,1040.5
2018-03-15 10:00:00+00:00,964.25
2018-03-15 11:00:00+00:00,626.25
2018-03-15 12:00:00+00:00,615.25
2018-03-15 13:00:00+00:00,425.5
2018-03-15 14:00:00+00:00,443.25
2018-03-15 15:00:00+00:00,963.5
2018-03-15 16:00:00+00:00,624.25
2018-03-15 17:00:00+00:00,849.0
2018-03-15 18:00:00+00:00,513.0
2018-03-15 19:00:00+00:00,462.25
2018-03-15 20:00:00+00:00,445.75
2018-03-15 21:00:00+00:00,763.25
2018-03-15 22:00:00+00:00,504.5
2018-03-15 23:00:00+00:00,379.75
2018-03-16 00:00:00+00:00,382.25
2018-03-16 01:00:00+00:00,345.75
2018-03-16 02:00:00+00:00,360.25
2018-03-16 03:00:00+00:00,368.0
2018-03-16 04:00:00+00:00,647.5
2018-03-16 05:00:00+00:00,558.0
2018-03-16 06:00:00+00:00,618.25
2018-03-16 07:00:00+00:00,348.25
2018-03-16 08:00:00+00:00,330.0
2018-03-16 09:00:00+00:00,387.0
2018-03-16 10:00:00+00:00,630.25
2018-03-16 11:00:00+00:00,464.5
2018-03-16 12:00:00+00:00,208.5
2018-03-16 13:00:00+00:00,297.0
2018-03-16 14:00:00+00:00,470.0
2018-03-16 15:00:00+00:00,419.25
2018-03-16 16:00:00+00:00,676.75
2018-03-16 17:00:00+00:00,518.75
2018-03-16 18:00:00+00:00,1389.75
2018-03-16 19:00:00+00:00,4714.75
2018-03-16 20:00:00+00:00,2883.5
2018-03-16 21:00:00+00:00,515.0
2018-03-16 22:00:00+00:00,352.75
2018-03-16 23:00:00+00:00,385.75
2018-03-17 00:00:00+00:00,375.75
2018-03-17 01:00:00+00:00,326.5
2018-03-17 02:00:00+00:00,295.75
2018-03-17 03:00:00+00:00,303.75
2018-03-17 04:00:00+00:00,383.0
2018-03-17 05:00:00+00:00,936.5
2018-03-17 06:00:00+00:00,902.25
2018-03-17 07:00:00+00:00,322.75
2018-03-17 08:00:00+00:00,342.0
2018-03-17 09:00:00+00:00,548.0
2018-03-17 10:00:00+00:00,1104.75
2018-03-17 11:00:00+00:00,1655.25
2018-03-17 12:00:00+00:00,1001.0
2018-03-17 13:00:00+00:00,1256.25
2018-03-17 14:00:00+00:00,1348.5
2018-03-17 15:00:00+00:00,3607.75
2018-03-17 16:00:00+00:00,2099.5
2018-03-17 17:00:00+00:00,629.5
2018-03-17 18:00:00+00:00,2183.75
2018-03-17 19:00:00+00:00,4115.0
2018-03-17 20:00:00+00:00,1467.5
2018-03-17 21:00:00+00:00,666.5
2018-03-17 22:00:00+00:00,1380.0
2018-03-17 23:00:00+00:00,417.5
2018-03-18 00:00:00+00:00,332.5
2018-03-18 01:00:00+00:00,331.0
2018-03-18 02:00:00+00:00,315.0
2018-03-18 03:00:00+00:00,352.0
2018-03-18 04:00:00+00:00,396.75
2018-03-18 05:00:00+00:00,1449.25
2018-03-18 06:00:00+00:00,1126.5
2018-03-18 07:00:00+00:00,720.25
2018-03-18 08:00:00+00:00,590.75
2018-03-18 09:00:00+00:00,1684.75
2018-03-18 10:00:00+00:00,1791.25
2018-03-18 11:00:00+00:00,779.25
2018-03-18 12:00:00+00:00,536.5
2018-03-18 13:00:00+00:00,519.5
2018-03-18 14:00:00+00:00,536.75
2018-03-18 15:00:00+00:00,503.25
2018-03-18 16:00:00+00:00,537.25
2018-03-18 17:00:00+00:00,731.0
2018-03-18 18:00:00+00:00,2704.75
2018-03-18 19:00:00+00:00,3368.25
2018-03-18 20:00:00+00:00,2189.25
2018-03-18 21:00:00+00:00,546.75
2018-03-18 22:00:00+00:00,475.25
2018-03-18 23:00:00+00:00,354.75
2018-03-19 00:00:00+00:00,353.5
2018-03-19 01:00:00+00:00,323.0
2018-03-19 02:00:00+00:00,429.75
2018-03-19 03:00:00+00:00,455.5
2018-03-19 04:00:00+00:00,595.0
2018-03-19 05:00:00+00:00,561.75
2018-03-19 06:00:00+00:00,427.5
2018-03-19 07:00:00+00:00,691.5
2018-03-19 08:00:00+00:00,514.0
2018-03-19 09:00:00+00:00,1179.75
2018-03-19 10:00:00+00:00,1088.0
2018-03-19 11:00:00+00:00,650.5
2018-03-19 12:00:00+00:00,597.75
2018-03-19 13:00:00+00:00,1136.75
2018-03-19 14:00:00+00:00,2328.5
2018-03-19 15:00:00+00:00,1250.0
2018-03-19 16:00:00+00:00,2306.25
2018-03-19 17:00:00+00:00,2114.75
2018-03-19 18:00:00+00:00,1984.75
2018-03-19 19:00:00+00:00,1357.5
2018-03-19 20:00:00+00:00,1000.75
2018-03-19 21:00:00+00:00,1273.5
2018-03-19 22:00:00+00:00,846.0
2018-03-19 23:00:00+00:00,460.5
2018-03-20 00:00:00+00:00,424.75
2018-03-20 01:00:00+00:00,414.5
2018-03-20 02:00:00+00:00,431.75
2018-03-20 03:00:00+00:00,408.0
2018-03-20 04:00:00+00:00,997.75
2018-03-20 05:00:00+00:00,558.0
2018-03-20 06:00:00+00:00,401.25
2018-03-20 07:00:00+00:00,456.5
2018-03-20 08:00:00+00:00,429.75
2018-03-20 09:00:00+00:00,437.75
2018-03-20 10:00:00+00:00,880.5
2018-03-20 11:00:00+00:00,466.5
2018-03-20 12:00:00+00:00,458.0
2018-03-20 13:00:00+00:00,1494.0
2018-03-20 14:00:00+00:00,642.75
2018-03-20 15:00:00+00:00,668.5
2018-03-20 16:00:00+00:00,1826.75
2018-03-20 17:00:00+00:00,1733.25
2018-03-20 18:00:00+00:00,2216.0
2018-03-20 19:00:00+00:00,961.75
2018-03-20 20:00:00+00:00,614.0
2018-03-20 21:00:00+00:00,656.75
2018-03-20 22:00:00+00:00,481.5
2018-03-20 23:00:00+00:00,352.5
2018-03-21 00:00:00+00:00,316.5
2018-03-21 01:00:00+00:00,354.75
2018-03-21 02:00:00+00:00,290.5
2018-03-21 03:00:00+00:00,323.0
2018-03-21 04:00:00+00:00,1194.25
2018-03-21 05:00:00+00:00,984.5
2018-03-21 06:00:00+00:00,369.0
2018-03-21 07:00:00+00:00,438.25
2018-03-21 08:00:00+00:00,845.0
2018-03-21 09:00:00+00:00,532.0
2018-03-21 10:00:00+00:00,636.0
2018-03-21 11:00:00+00:00,628.75
2018-03-21 12:00:00+00:00,538.0
2018-03-21 13:00:00+00:00,502.0
2018-03-21 14:00:00+00:00,526.5
2018-03-21 15:00:00+00:00,548.0
2018-03-21 16:00:00+00:00,799.5
2018-03-21 17:00:00+00:00,685.0
2018-03-21 18:00:00+00:00,1032.75
2018-03-21 19:00:00+00:00,3278.0
2018-03-21 20:00:00+00:00,3387.25
2018-03-21 21:00:00+00:00,1534.75
2018-03-21 22:00:00+00:00,369.75
2018-03-21 23:00:00+00:00,342.5
2018-03-22 00:00:00+00:00,370.5
2018-03-22 01:00:00+00:00,329.75
2018-03-22 02:00:00+00:00,331.5
2018-03-22 03:00:00+00:00,329.75
2018-03-22 04:00:00+00:00,1496.25
2018-03-22 05:00:00+00:00,1109.25
2018-03-22 06:00:00+00:00,402.25
2018-03-22 07:00:00+00:00,450.0
2018-03-22 08:00:00+00:00,397.0
2018-03-22 09:00:00+00:00,427.5
2018-03-22 10:00:00+00:00,516.25
2018-03-22 11:00:00+00:00,499.5
2018-03-22 12:00:00+00:00,426.75
2018-03-22 13:00:00+00:00,498.0
2018-03-22 14:00:00+00:00,413.25
2018-03-22 15:00:00+00:00,410.0
2018-03-22 16:00:00+00:00,1039.0
2018-03-22 17:00:00+00:00,1092.25
2018-03-22 18:00:00+00:00,881.75
2018-03-22 19:00:00+00:00,687.0
2018-03-22 20:00:00+00:00,736.25
2018-03-22 21:00:00+00:00,732.0
2018-03-22 22:00:00+00:00,495.5
2018-03-22 23:00:00+00:00,417.5
2018-03-23 00:00:00+00:00,386.25
2018-03-23 01:00:00+00:00,390.75
2018-03-23 02:00:00+00:00,385.5
2018-03-23 03:00:00+00:00,393.0
2018-03-23 04:00:00+00:00,656.75
2018-03-23 05:00:00+00:00,1147.25
2018-03-23 06:00:00+00:00,524.75
2018-03-23 07:00:00+00:00,393.0
2018-03-23 08:00:00+00:00,287.5
2018-03-23 09:00:00+00:00,291.25
2018-03-23 10:00:00+00:00,390.25
2018-03-23 11:00:00+00:00,410.25
2018-03-23 12:00:00+00:00,399.5
2018-03-23 13:00:00+00:00,433.0
2018-03-23 14:00:00+00:00,416.0
2018-03-23 15:00:00+00:00,363.5
2018-03-23 16:00:00+00:00,679.0
2018-03-23 17:00:00+00:00,863.75
2018-03-23 18:00:00+00:00,1288.75
2018-03-23 19:00:00+00:00,1051.0
2018-03-23 20:00:00+00:00,872.0
2018-03-23 21:00:00+00:00,713.0
2018-03-23 22:00:00+00:00,579.5
2018-03-23 23:00:00+00:00,471.25
2018-03-24 00:00:00+00:00,387.75
2018-03-24 01:00:00+00:00,369.5
2018-03-24 02:00:00+00:00,317.75
2018-03-24 03:00:00+00:00,318.0
2018-03-24 04:00:00+00:00,370.0
2018-03-24 05:00:00+00:00,345.5
2018-03-24 06:00:00+00:00,920.5
2018-03-24 07:00:00+00:00,1965.5
2018-03-24 08:00:00+00:00,784.0
2018-03-24 09:00:00+00:00,1969.75
2018-03-24 10:00:00+00:00,672.25
2018-03-24 11:00:00+00:00,1116.5
2018-03-24 12:00:00+00:00,2354.25
2018-03-24 13:00:00+00:00,583.75
2018-03-24 14:00:00+00:00,1465.0
2018-03-24 15:00:00+00:00,634.0
2018-03-24 16:00:00+00:00,737.25
2018-03-24 17:00:00+00:00,558.75
2018-03-24 18:00:00+00:00,520.25
2018-03-24 19:00:00+00:00,610.0
2018-03-24 20:00:00+00:00,3874.0
2018-03-24 21:00:00+00:00,3088.0
2018-03-24 22:00:00+00:00,469.5
2018-03-24 23:00:00+00:00,360.5
2018-03-25 00:00:00+00:00,323.0
2018-03-25 01:00:00+00:00,336.5
2018-03-25 02:00:00+00:00,497.75
2018-03-25 03:00:00+00:00,510.0
2018-03-25 04:00:00+00:00,413.0
2018-03-25 05:00:00+00:00,-101.5
2018-03-25 06:00:00+00:00,-2416.0
2018-03-25 07:00:00+00:00,-3264.5
2018-03-25 08:00:00+00:00,-2208.0
2018-03-25 09:00:00+00:00,952.0
2018-03-25 10:00:00+00:00,2523.0
2018-03-25 11:00:00+00:00,1320.0
2018-03-25 12:00:00+00:00,1009.75
2018-03-25 13:00:00+00:00,682.75
2018-03-25 14:00:00+00:00,619.25
2018-03-25 15:00:00+00:00,478.25
2018-03-25 16:00:00+00:00,2663.75
2018-03-25 17:00:00+00:00,4706.25
2018-03-25 18:00:00+00:00,5471.5
2018-03-25 19:00:00+00:00,4785.75
2018-03-25 20:00:00+00:00,1163.75
2018-03-25 21:00:00+00:00,406.0
2018-03-25 22:00:00+00:00,433.5
2018-03-25 23:00:00+00:00,381.5
2018-03-26 00:00:00+00:00,343.0
2018-03-26 01:00:00+00:00,310.75
2018-03-26 02:00:00+00:00,475.0
2018-03-26 03:00:00+00:00,807.0
2018-03-26 04:00:00+00:00,532.75
2018-03-26 05:00:00+00:00,533.25
2018-03-26 06:00:00+00:00,248.75
2018-03-26 07:00:00+00:00,318.0
2018-03-26 08:00:00+00:00,382.0
2018-03-26 09:00:00+00:00,511.75
2018-03-26 10:00:00+00:00,477.5
2018-03-26 11:00:00+00:00,411.75
2018-03-26 12:00:00+00:00,477.75
2018-03-26 13:00:00+00:00,445.75
2018-03-26 14:00:00+00:00,393.75
2018-03-26 15:00:00+00:00,360.5
2018-03-26 16:00:00+00:00,641.5
2018-03-26 17:00:00+00:00,866.75
2018-03-26 18:00:00+00:00,1229.75
2018-03-26 19:00:00+00:00,843.75
2018-03-26 20:00:00+00:00,787.0
2018-03-26 21:00:00+00:00,427.75
2018-03-26 22:00:00+00:00,293.0
2018-03-26 23:00:00+00:00,246.25
2018-03-27 00:00:00+00:00,255.0
2018-03-27 01:00:00+00:00,270.25
2018-03-27 02:00:00+00:00,356.25
2018-03-27 03:00:00+00:00,1071.25
2018-03-27 04:00:00+00:00,612.0
2018-03-27 05:00:00+00:00,395.0
2018-03-27 06:00:00+00:00,448.5
2018-03-27 07:00:00+00:00,419.75
2018-03-27 08:00:00+00:00,441.0
2018-03-27 09:00:00+00:00,598.25
2018-03-27 10:00:00+00:00,539.5
2018-03-27 11:00:00+00:00,413.5
2018-03-27 12:00:00+00:00,545.25
2018-03-27 13:00:00+00:00,560.0
2018-03-27 14:00:00+00:00,540.0
2018-03-27 15:00:00+00:00,607.5
2018-03-27 16:00:00+00:00,676.25
2018-03-27 17:00:00+00:00,822.75
2018-03-27 18:00:00+00:00,766.75
2018-03-27 19:00:00+00:00,681.25
2018-03-27 20:00:00+00:00,443.5
2018-03-27 21:00:00+00:00,290.5
2018-03-27 22:00:00+00:00,260.75
2018-03-27 23:00:00+00:00,250.0
2018-03-28 00:00:00+00:00,286.0
2018-03-28 01:00:00+00:00,383.5
2018-03-28 02:00:00+00:00,373.25
2018-03-28 03:00:00+00:00,1065.0
2018-03-28 04:00:00+00:00,522.75
2018-03-28 05:00:00+00:00,530.25
2018-03-28 06:00:00+00:00,316.0
2018-03-28 07:00:00+00:00,260.0
2018-03-28 08:00:00+00:00,376.75
2018-03-28 09:00:00+00:00,529.0
2018-03-28 10:00:00+00:00,473.5
2018-03-28 11:00:00+00:00,443.25
2018-03-28 12:00:00+00:00,455.5
2018-03-28 13:00:00+00:00,717.0
2018-03-28 14:00:00+00:00,412.25
2018-03-28 15:00:00+00:00,359.25
2018-03-28 16:00:00+00:00,480.75
2018-03-28 17:00:00+00:00,687.25
2018-03-28 18:00:00+00:00,827.75
2018-03-28 19:00:00+00:00,1335.75
2018-03-28 20:00:00+00:00,774.25
2018-03-28 21:00:00+00:00,342.25
2018-03-28 22:00:00+00:00,344.0
2018-03-28 23:00:00+00:00,372.0
2018-03-29 00:00:00+00:00,378.75
2018-03-29 01:00:00+00:00,333.25
2018-03-29 02:00:00+00:00,361.0
2018-03-29 03:00:00+00:00,989.75
2018-03-29 04:00:00+00:00,1298.75
2018-03-29 05:00:00+00:00,837.75
2018-03-29 06:00:00+00:00,371.75
2018-03-29 07:00:00+00:00,345.5
2018-03-29 08:00:00+00:00,403.25
2018-03-29 09:00:00+00:00,544.75
2018-03-29 10:00:00+00:00,424.75
2018-03-29 11:00:00+00:00,350.0
2018-03-29 12:00:00+00:00,437.25
2018-03-29 13:00:00+00:00,464.75
2018-03-29 14:00:00+00:00,852.25
2018-03-29 15:00:00+00:00,937.5
2018-03-29 16:00:00+00:00,823.0
2018-03-29 17:00:00+00:00,533.75
2018-03-29 18:00:00+00:00,784.75
2018-03-29 19:00:00+00:00,737.0
2018-03-29 20:00:00+00:00,520.0
2018-03-29 21:00:00+00:00,358.0
2018-03-29 22:00:00+00:00,397.75
2018-03-29 23:00:00+00:00,401.75
2018-03-30 00:00:00+00:00,398.0
2018-03-30 01:00:00+00:00,384.75
2018-03-30 02:00:00+00:00,396.5
2018-03-30 03:00:00+00:00,486.0
2018-03-30 04:00:00+00:00,434.0
2018-03-30 05:00:00+00:00,295.0
2018-03-30 06:00:00+00:00,723.75
2018-03-30 07:00:00+00:00,764.25
2018-03-30 08:00:00+00:00,658.0
2018-03-30 09:00:00+00:00,1967.75
2018-03-30 10:00:00+00:00,952.75
2018-03-30 11:00:00+00:00,1481.0
2018-03-30 12:00:00+00:00,785.75
2018-03-30 13:00:00+00:00,1302.75
2018-03-30 14:00:00+00:00,906.5
2018-03-30 15:00:00+00:00,1456.75
2018-03-30 16:00:00+00:00,1392.5
2018-03-30 17:00:00+00:00,2446.5
2018-03-30 18:00:00+00:00,1477.5
2018-03-30 19:00:00+00:00,5500.0
2018-03-30 20:00:00+00:00,3349.75
2018-03-30 21:00:00+00:00,554.75
2018-03-30 22:00:00+00:00,456.75
2018-03-30 23:00:00+00:00,361.75
2018-03-31 00:00:00+00:00,324.5
2018-03-31 01:00:00+00:00,307.5
2018-03-31 02:00:00+00:00,302.75
2018-03-31 03:00:00+00:00,429.25
2018-03-31 04:00:00+00:00,333.0
2018-03-31 05:00:00+00:00,432.0
2018-03-31 06:00:00+00:00,783.75
2018-03-31 07:00:00+00:00,850.25
2018-03-31 08:00:00+00:00,1854.5
2018-03-31 09:00:00+00:00,636.0
2018-03-31 10:00:00+00:00,825.75
2018-03-31 11:00:00+00:00,1592.0
2018-03-31 12:00:00+00:00,1470.5
2018-03-31 13:00:00+00:00,1329.75
2018-03-31 14:00:00+00:00,3740.5
2018-03-31 15:00:00+00:00,4562.75
2018-03-31 16:00:00+00:00,2063.5
2018-03-31 17:00:00+00:00,1503.25
2018-03-31 18:00:00+00:00,1220.75
2018-03-31 19:00:00+00:00,1071.5
2018-03-31 20:00:00+00:00,664.75
2018-03-31 21:00:00+00:00,469.75
2018-03-31 22:00:00+00:00,480.0
2018-03-31 23:00:00+00:00,525.0
2018-04-01 00:00:00+00:00,394.75
2018-04-01 01:00:00+00:00,410.5
2018-04-01 02:00:00+00:00,358.5
2018-04-01 03:00:00+00:00,462.0
2018-04-01 04:00:00+00:00,322.5
2018-04-01 05:00:00+00:00,283.5
2018-04-01 06:00:00+00:00,307.75
2018-04-01 07:00:00+00:00,765.5
2018-04-01 08:00:00+00:00,3452.75
2018-04-01 09:00:00+00:00,6248.75
2018-04-01 10:00:00+00:00,2831.0
2018-04-01 11:00:00+00:00,2482.75
2018-04-01 12:00:00+00:00,5647.75
2018-04-01 13:00:00+00:00,837.0
2018-04-01 14:00:00+00:00,1447.0
2018-04-01 15:00:00+00:00,1310.5
2018-04-01 16:00:00+00:00,901.75
2018-04-01 17:00:00+00:00,735.5
2018-04-01 18:00:00+00:00,3425.25
2018-04-01 19:00:00+00:00,4562.75
2018-04-01 20:00:00+00:00,1490.0
2018-04-01 21:00:00+00:00,603.5
2018-04-01 22:00:00+00:00,559.0
2018-04-01 23:00:00+00:00,391.25
2018-04-02 00:00:00+00:00,378.25
2018-04-02 01:00:00+00:00,402.0
2018-04-02 02:00:00+00:00,356.0
2018-04-02 03:00:00+00:00,419.25
2018-04-02 04:00:00+00:00,398.75
2018-04-02 05:00:00+00:00,266.75
2018-04-02 06:00:00+00:00,475.25
2018-04-02 07:00:00+00:00,1343.0
2018-04-02 08:00:00+00:00,1001.75
2018-04-02 09:00:00+00:00,816.5
2018-04-02 10:00:00+00:00,1017.75
2018-04-02 11:00:00+00:00,614.0
2018-04-02 12:00:00+00:00,1483.75
2018-04-02 13:00:00+00:00,680.75
2018-04-02 14:00:00+00:00,499.0
2018-04-02 15:00:00+00:00,641.5
2018-04-02 16:00:00+00:00,586.0
2018-04-02 17:00:00+00:00,1822.0
2018-04-02 18:00:00+00:00,1485.75
2018-04-02 19:00:00+00:00,632.0
2018-04-02 20:00:00+00:00,587.25
2018-04-02 21:00:00+00:00,446.75
2018-04-02 22:00:00+00:00,399.75
2018-04-02 23:00:00+00:00,379.5
2018-04-03 00:00:00+00:00,347.75
2018-04-03 01:00:00+00:00,364.0
2018-04-03 02:00:00+00:00,350.25
2018-04-03 03:00:00+00:00,1093.25
2018-04-03 04:00:00+00:00,531.75
2018-04-03 05:00:00+00:00,342.25
2018-04-03 06:00:00+00:00,354.25
2018-04-03 07:00:00+00:00,418.0
2018-04-03 08:00:00+00:00,512.75
2018-04-03 09:00:00+00:00,443.75
2018-04-03 10:00:00+00:00,435.0
2018-04-03 11:00:00+00:00,363.25
2018-04-03 12:00:00+00:00,325.25
2018-04-03 13:00:00+00:00,386.0
2018-04-03 14:00:00+00:00,568.0
2018-04-03 15:00:00+00:00,541.5
2018-04-03 16:00:00+00:00,454.5
2018-04-03 17:00:00+00:00,700.25
2018-04-03 18:00:00+00:00,947.5
2018-04-03 19:00:00+00:00,570.25
2018-04-03 20:00:00+00:00,548.5
2018-04-03 21:00:00+00:00,412.25
2018-04-03 22:00:00+00:00,345.0
2018-04-03 23:00:00+00:00,357.75
2018-04-04 00:00:00+00:00,364.0
2018-04-04 01:00:00+00:00,336.0
2018-04-04 02:00:00+00:00,503.75
2018-04-04 03:00:00+00:00,1341.5
2018-04-04 04:00:00+00:00,551.5
2018-04-04 05:00:00+00:00,391.5
2018-04-04 06:00:00+00:00,408.0
2018-04-04 07:00:00+00:00,512.0
2018-04-04 08:00:00+00:00,401.75
2018-04-04 09:00:00+00:00,530.5
2018-04-04 10:00:00+00:00,412.75
2018-04-04 11:00:00+00:00,426.0
2018-04-04 12:00:00+00:00,357.5
2018-04-04 13:00:00+00:00,253.0
2018-04-04 14:00:00+00:00,301.75
2018-04-04 15:00:00+00:00,359.25
2018-04-04 16:00:00+00:00,354.0
2018-04-04 17:00:00+00:00,490.75
2018-04-04 18:00:00+00:00,3329.25
2018-04-04 19:00:00+00:00,4513.0
2018-04-04 20:00:00+00:00,1030.75
2018-04-04 21:00:00+00:00,431.5
2018-04-04 22:00:00+00:00,368.0
2018-04-04 23:00:00+00:00,386.75
2018-04-05 00:00:00+00:00,331.25
2018-04-05 01:00:00+00:00,321.25
2018-04-05 02:00:00+00:00,458.25
2018-04-05 03:00:00+00:00,904.5
2018-04-05 04:00:00+00:00,477.25
2018-04-05 05:00:00+00:00,329.0
2018-04-05 06:00:00+00:00,328.25
2018-04-05 07:00:00+00:00,428.75
2018-04-05 08:00:00+00:00,387.0
2018-04-05 09:00:00+00:00,1243.5
2018-04-05 10:00:00+00:00,670.0
2018-04-05 11:00:00+00:00,369.0
2018-04-05 12:00:00+00:00,433.75
2018-04-05 13:00:00+00:00,465.0
2018-04-05 14:00:00+00:00,531.0
2018-04-05 15:00:00+00:00,855.25
2018-04-05 16:00:00+00:00,614.25
2018-04-05 17:00:00+00:00,433.5
2018-04-05 18:00:00+00:00,562.5
2018-04-05 19:00:00+00:00,384.75
2018-04-05 20:00:00+00:00,527.25
2018-04-05 21:00:00+00:00,364.25
2018-04-05 22:00:00+00:00,397.25
2018-04-05 23:00:00+00:00,385.75
2018-04-06 00:00:00+00:00,387.0
2018-04-06 01:00:00+00:00,419.25
2018-04-06 02:00:00+00:00,338.25
2018-04-06 03:00:00+00:00,920.25
2018-04-06 04:00:00+00:00,1208.25
2018-04-06 05:00:00+00:00,426.0
2018-04-06 06:00:00+00:00,658.75
2018-04-06 07:00:00+00:00,1492.0
2018-04-06 08:00:00+00:00,1651.25
2018-04-06 09:00:00+00:00,1282.5
2018-04-06 10:00:00+00:00,1494.5
2018-04-06 11:00:00+00:00,578.25
2018-04-06 12:00:00+00:00,490.75
2018-04-06 13:00:00+00:00,475.5
2018-04-06 14:00:00+00:00,923.5
2018-04-06 15:00:00+00:00,675.0
2018-04-06 16:00:00+00:00,815.25
2018-04-06 17:00:00+00:00,468.75
2018-04-06 18:00:00+00:00,1166.25
2018-04-06 19:00:00+00:00,991.0
2018-04-06 20:00:00+00:00,601.0
2018-04-06 21:00:00+00:00,413.25
2018-04-06 22:00:00+00:00,280.0
2018-04-06 23:00:00+00:00,282.0
2018-04-07 00:00:00+00:00,257.0
2018-04-07 01:00:00+00:00,319.5
2018-04-07 02:00:00+00:00,464.25
2018-04-07 03:00:00+00:00,354.0
2018-04-07 04:00:00+00:00,407.5
2018-04-07 05:00:00+00:00,503.75
2018-04-07 06:00:00+00:00,514.5
2018-04-07 07:00:00+00:00,450.75
2018-04-07 08:00:00+00:00,793.25
2018-04-07 09:00:00+00:00,576.25
2018-04-07 10:00:00+00:00,633.75
2018-04-07 11:00:00+00:00,998.0
2018-04-07 12:00:00+00:00,924.0
2018-04-07 13:00:00+00:00,567.5
2018-04-07 14:00:00+00:00,466.25
2018-04-07 15:00:00+00:00,548.75
2018-04-07 16:00:00+00:00,503.75
2018-04-07 17:00:00+00:00,379.75
2018-04-07 18:00:00+00:00,555.5
2018-04-07 19:00:00+00:00,569.25
2018-04-07 20:00:00+00:00,511.75
2018-04-07 21:00:00+00:00,358.0
2018-04-07 22:00:00+00:00,332.5
2018-04-07 23:00:00+00:00,369.75
2018-04-08 00:00:00+00:00,353.25
2018-04-08 01:00:00+00:00,272.0
2018-04-08 02:00:00+00:00,247.5
2018-04-08 03:00:00+00:00,318.75
2018-04-08 04:00:00+00:00,301.5
2018-04-08 05:00:00+00:00,613.0
2018-04-08 06:00:00+00:00,411.5
2018-04-08 07:00:00+00:00,407.25
2018-04-08 08:00:00+00:00,870.75
2018-04-08 09:00:00+00:00,579.0
2018-04-08 10:00:00+00:00,609.25
2018-04-08 11:00:00+00:00,806.0
2018-04-08 12:00:00+00:00,709.25
2018-04-08 13:00:00+00:00,577.5
2018-04-08 14:00:00+00:00,436.25
2018-04-08 15:00:00+00:00,1293.0
2018-04-08 16:00:00+00:00,1987.5
2018-04-08 17:00:00+00:00,814.75
2018-04-08 18:00:00+00:00,1041.0
2018-04-08 19:00:00+00:00,2216.0
2018-04-08 20:00:00+00:00,679.0
2018-04-08 21:00:00+00:00,1423.5
2018-04-08 22:00:00+00:00,671.5
2018-04-08 23:00:00+00:00,385.25
2018-04-09 00:00:00+00:00,395.0
2018-04-09 01:00:00+00:00,354.5
2018-04-09 02:00:00+00:00,366.75
2018-04-09 03:00:00+00:00,954.75
2018-04-09 04:00:00+00:00,484.75
2018-04-09 05:00:00+00:00,430.5
2018-04-09 06:00:00+00:00,380.75
2018-04-09 07:00:00+00:00,383.0
2018-04-09 08:00:00+00:00,358.0
2018-04-09 09:00:00+00:00,451.75
2018-04-09 10:00:00+00:00,358.25
2018-04-09 11:00:00+00:00,337.75
2018-04-09 12:00:00+00:00,322.75
2018-04-09 13:00:00+00:00,250.25
2018-04-09 14:00:00+00:00,380.0
2018-04-09 15:00:00+00:00,680.25
2018-04-09 16:00:00+00:00,417.5
2018-04-09 17:00:00+00:00,1310.5
2018-04-09 18:00:00+00:00,808.25
2018-04-09 19:00:00+00:00,511.75
2018-04-09 20:00:00+00:00,526.75
2018-04-09 21:00:00+00:00,344.5
2018-04-09 22:00:00+00:00,330.0
2018-04-09 23:00:00+00:00,326.75
2018-04-10 00:00:00+00:00,363.75
2018-04-10 01:00:00+00:00,341.25
2018-04-10 02:00:00+00:00,332.0
2018-04-10 03:00:00+00:00,1120.25
2018-04-10 04:00:00+00:00,530.5
2018-04-10 05:00:00+00:00,402.25
2018-04-10 06:00:00+00:00,491.5
2018-04-10 07:00:00+00:00,419.5
2018-04-10 08:00:00+00:00,443.75
2018-04-10 09:00:00+00:00,533.0
2018-04-10 10:00:00+00:00,526.25
2018-04-10 11:00:00+00:00,422.0
2018-04-10 12:00:00+00:00,426.0
2018-04-10 13:00:00+00:00,313.75
2018-04-10 14:00:00+00:00,271.75
2018-04-10 15:00:00+00:00,452.5
2018-04-10 16:00:00+00:00,1117.0
2018-04-10 17:00:00+00:00,1652.0
2018-04-10 18:00:00+00:00,5271.5
2018-04-10 19:00:00+00:00,5203.0
2018-04-10 20:00:00+00:00,1911.0
2018-04-10 21:00:00+00:00,1235.25
2018-04-10 22:00:00+00:00,492.75
2018-04-10 23:00:00+00:00,374.25
2018-04-11 00:00:00+00:00,366.0
2018-04-11 01:00:00+00:00,362.75
2018-04-11 02:00:00+00:00,388.0
2018-04-11 03:00:00+00:00,898.25
2018-04-11 04:00:00+00:00,478.75
2018-04-11 05:00:00+00:00,343.75
2018-04-11 06:00:00+00:00,382.75
2018-04-11 07:00:00+00:00,407.25
2018-04-11 08:00:00+00:00,507.75
2018-04-11 09:00:00+00:00,652.0
2018-04-11 10:00:00+00:00,472.75
2018-04-11 11:00:00+00:00,501.0
2018-04-11 12:00:00+00:00,475.25
2018-04-11 13:00:00+00:00,1224.0
2018-04-11 14:00:00+00:00,1080.75
2018-04-11 15:00:00+00:00,1478.5
2018-04-11 16:00:00+00:00,553.0
2018-04-11 17:00:00+00:00,1253.5
2018-04-11 18:00:00+00:00,1910.75
2018-04-11 19:00:00+00:00,846.0
2018-04-11 20:00:00+00:00,1340.0
2018-04-11 21:00:00+00:00,572.75
2018-04-11 22:00:00+00:00,409.25
2018-04-11 23:00:00+00:00,350.75
2018-04-12 00:00:00+00:00,322.5
2018-04-12 01:00:00+00:00,297.5
2018-04-12 02:00:00+00:00,228.5
2018-04-12 03:00:00+00:00,920.5
2018-04-12 04:00:00+00:00,863.5
2018-04-12 05:00:00+00:00,510.5
2018-04-12 06:00:00+00:00,408.75
2018-04-12 07:00:00+00:00,405.0
2018-04-12 08:00:00+00:00,368.0
2018-04-12 09:00:00+00:00,588.75
2018-04-12 10:00:00+00:00,525.25
2018-04-12 11:00:00+00:00,457.25
2018-04-12 12:00:00+00:00,377.5
2018-04-12 13:00:00+00:00,351.75
2018-04-12 14:00:00+00:00,343.25
2018-04-12 15:00:00+00:00,506.75
2018-04-12 16:00:00+00:00,461.25
2018-04-12 17:00:00+00:00,1186.25
2018-04-12 18:00:00+00:00,651.5
2018-04-12 19:00:00+00:00,678.75
2018-04-12 20:00:00+00:00,514.0
2018-04-12 21:00:00+00:00,351.5
2018-04-12 22:00:00+00:00,343.75
2018-04-12 23:00:00+00:00,271.0
2018-04-13 00:00:00+00:00,314.5
2018-04-13 01:00:00+00:00,358.0
2018-04-13 02:00:00+00:00,334.25
2018-04-13 03:00:00+00:00,625.0
2018-04-13 04:00:00+00:00,426.75
2018-04-13 05:00:00+00:00,261.75
2018-04-13 06:00:00+00:00,307.5
2018-04-13 07:00:00+00:00,47.25
2018-04-13 08:00:00+00:00,162.75
2018-04-13 09:00:00+00:00,429.75
2018-04-13 10:00:00+00:00,372.0
2018-04-13 11:00:00+00:00,321.25
2018-04-13 12:00:00+00:00,542.5
2018-04-13 13:00:00+00:00,278.25
2018-04-13 14:00:00+00:00,362.0
2018-04-13 15:00:00+00:00,471.0
2018-04-13 16:00:00+00:00,260.75
2018-04-13 17:00:00+00:00,289.75
2018-04-13 18:00:00+00:00,895.5
2018-04-13 19:00:00+00:00,728.5
2018-04-13 20:00:00+00:00,707.75
2018-04-13 21:00:00+00:00,583.75
2018-04-13 22:00:00+00:00,510.25
2018-04-13 23:00:00+00:00,505.75
2018-04-14 00:00:00+00:00,467.5
2018-04-14 01:00:00+00:00,349.0
2018-04-14 02:00:00+00:00,319.0
2018-04-14 03:00:00+00:00,410.25
2018-04-14 04:00:00+00:00,387.0
2018-04-14 05:00:00+00:00,430.5
2018-04-14 06:00:00+00:00,446.25
2018-04-14 07:00:00+00:00,421.0
2018-04-14 08:00:00+00:00,481.0
2018-04-14 09:00:00+00:00,1030.75
2018-04-14 10:00:00+00:00,946.5
2018-04-14 11:00:00+00:00,696.25
2018-04-14 12:00:00+00:00,500.25
2018-04-14 13:00:00+00:00,440.0
2018-04-14 14:00:00+00:00,458.5
2018-04-14 15:00:00+00:00,401.5
2018-04-14 16:00:00+00:00,511.0
2018-04-14 17:00:00+00:00,272.25
2018-04-14 18:00:00+00:00,434.25
2018-04-14 19:00:00+00:00,519.5
2018-04-14 20:00:00+00:00,681.0
2018-04-14 21:00:00+00:00,544.0
2018-04-14 22:00:00+00:00,379.0
2018-04-14 23:00:00+00:00,338.5
2018-04-15 00:00:00+00:00,353.0
2018-04-15 01:00:00+00:00,329.0
2018-04-15 02:00:00+00:00,356.75
2018-04-15 03:00:00+00:00,394.0
2018-04-15 04:00:00+00:00,367.5
2018-04-15 05:00:00+00:00,459.25
2018-04-15 06:00:00+00:00,486.25
2018-04-15 07:00:00+00:00,520.75
2018-04-15 08:00:00+00:00,2282.75
2018-04-15 09:00:00+00:00,1819.25
2018-04-15 10:00:00+00:00,1009.0
2018-04-15 11:00:00+00:00,582.5
2018-04-15 12:00:00+00:00,651.0
2018-04-15 13:00:00+00:00,555.75
2018-04-15 14:00:00+00:00,562.0
2018-04-15 15:00:00+00:00,614.75
2018-04-15 16:00:00+00:00,1078.25
2018-04-15 17:00:00+00:00,466.75
2018-04-15 18:00:00+00:00,1745.0
2018-04-15 19:00:00+00:00,3802.25
2018-04-15 20:00:00+00:00,447.5
2018-04-15 21:00:00+00:00,225.0
2018-04-15 22:00:00+00:00,235.0
2018-04-15 23:00:00+00:00,226.0
2018-04-16 00:00:00+00:00,228.25
2018-04-16 01:00:00+00:00,235.5
2018-04-16 02:00:00+00:00,226.5
2018-04-16 03:00:00+00:00,494.25
2018-04-16 04:00:00+00:00,314.75
2018-04-16 05:00:00+00:00,280.0
2018-04-16 06:00:00+00:00,154.5
2018-04-16 07:00:00+00:00,907.5
2018-04-16 08:00:00+00:00,467.25
2018-04-16 09:00:00+00:00,526.5
2018-04-16 10:00:00+00:00,423.0
2018-04-16 11:00:00+00:00,380.75
2018-04-16 12:00:00+00:00,357.5
2018-04-16 13:00:00+00:00,317.75
2018-04-16 14:00:00+00:00,335.0
2018-04-16 15:00:00+00:00,593.25
2018-04-16 16:00:00+00:00,1208.5
2018-04-16 17:00:00+00:00,349.0
2018-04-16 18:00:00+00:00,448.75
2018-04-16 19:00:00+00:00,316.25
2018-04-16 20:00:00+00:00,395.75
2018-04-16 21:00:00+00:00,544.0
2018-04-16 22:00:00+00:00,693.0
2018-04-16 23:00:00+00:00,375.0
2018-04-17 00:00:00+00:00,323.75
2018-04-17 01:00:00+00:00,279.0
2018-04-17 02:00:00+00:00,238.25
2018-04-17 03:00:00+00:00,377.5
2018-04-17 04:00:00+00:00,262.25
2018-04-17 05:00:00+00:00,326.5
2018-04-17 06:00:00+00:00,491.25
2018-04-17 07:00:00+00:00,568.25
2018-04-17 08:00:00+00:00,612.75
2018-04-17 09:00:00+00:00,739.5
2018-04-17 10:00:00+00:00,1240.0
2018-04-17 11:00:00+00:00,453.5
2018-04-17 12:00:00+00:00,504.25
2018-04-17 13:00:00+00:00,914.75
2018-04-17 14:00:00+00:00,515.75
2018-04-17 15:00:00+00:00,612.75
2018-04-17 16:00:00+00:00,757.0
2018-04-17 17:00:00+00:00,825.75
2018-04-17 18:00:00+00:00,651.5
2018-04-17 19:00:00+00:00,643.75
2018-04-17 20:00:00+00:00,596.25
2018-04-17 21:00:00+00:00,433.0
2018-04-17 22:00:00+00:00,342.75
2018-04-17 23:00:00+00:00,332.5
2018-04-18 00:00:00+00:00,348.25
2018-04-18 01:00:00+00:00,345.75
2018-04-18 02:00:00+00:00,319.0
2018-04-18 03:00:00+00:00,649.5
2018-04-18 04:00:00+00:00,401.75
2018-04-18 05:00:00+00:00,433.0
2018-04-18 06:00:00+00:00,367.25
2018-04-18 07:00:00+00:00,341.25
2018-04-18 08:00:00+00:00,320.25
2018-04-18 09:00:00+00:00,532.75
2018-04-18 10:00:00+00:00,409.0
2018-04-18 11:00:00+00:00,368.0
2018-04-18 12:00:00+00:00,323.0
2018-04-18 13:00:00+00:00,240.0
2018-04-18 14:00:00+00:00,313.0
2018-04-18 15:00:00+00:00,482.75
2018-04-18 16:00:00+00:00,829.75
2018-04-18 17:00:00+00:00,633.0
2018-04-18 18:00:00+00:00,500.75
2018-04-18 19:00:00+00:00,481.5
2018-04-18 20:00:00+00:00,348.5
2018-04-18 21:00:00+00:00,331.75
2018-04-18 22:00:00+00:00,348.25
2018-04-18 23:00:00+00:00,321.75
2018-04-19 00:00:00+00:00,321.25
2018-04-19 01:00:00+00:00,359.25
2018-04-19 02:00:00+00:00,319.5
2018-04-19 03:00:00+00:00,603.25
2018-04-19 04:00:00+00:00,378.75
2018-04-19 05:00:00+00:00,396.25
2018-04-19 06:00:00+00:00,634.75
2018-04-19 07:00:00+00:00,342.0
2018-04-19 08:00:00+00:00,280.25
2018-04-19 09:00:00+00:00,520.5
2018-04-19 10:00:00+00:00,412.5
2018-04-19 11:00:00+00:00,361.75
2018-04-19 12:00:00+00:00,392.5
2018-04-19 13:00:00+00:00,319.75
2018-04-19 14:00:00+00:00,320.25
2018-04-19 15:00:00+00:00,459.25
2018-04-19 16:00:00+00:00,347.25
2018-04-19 17:00:00+00:00,246.25
2018-04-19 18:00:00+00:00,549.5
2018-04-19 19:00:00+00:00,435.5
2018-04-19 20:00:00+00:00,370.5
2018-04-19 21:00:00+00:00,324.5
2018-04-19 22:00:00+00:00,327.0
2018-04-19 23:00:00+00:00,346.25
2018-04-20 00:00:00+00:00,326.5
2018-04-20 01:00:00+00:00,325.5
2018-04-20 02:00:00+00:00,353.5
2018-04-20 03:00:00+00:00,588.5
2018-04-20 04:00:00+00:00,374.25
2018-04-20 05:00:00+00:00,360.75
2018-04-20 06:00:00+00:00,312.75
2018-04-20 07:00:00+00:00,240.0
2018-04-20 08:00:00+00:00,270.25
2018-04-20 09:00:00+00:00,481.75
2018-04-20 10:00:00+00:00,394.5
2018-04-20 11:00:00+00:00,295.25
2018-04-20 12:00:00+00:00,276.0
2018-04-20 13:00:00+00:00,359.75
2018-04-20 14:00:00+00:00,937.5
2018-04-20 15:00:00+00:00,503.0
2018-04-20 16:00:00+00:00,329.5
2018-04-20 17:00:00+00:00,266.75
2018-04-20 18:00:00+00:00,353.25
2018-04-20 19:00:00+00:00,409.75
2018-04-20 20:00:00+00:00,458.25
2018-04-20 21:00:00+00:00,351.25
2018-04-20 22:00:00+00:00,334.75
2018-04-20 23:00:00+00:00,346.75
2018-04-21 00:00:00+00:00,322.5
2018-04-21 01:00:00+00:00,354.25
2018-04-21 02:00:00+00:00,493.75
2018-04-21 03:00:00+00:00,423.0
2018-04-21 04:00:00+00:00,348.75
2018-04-21 05:00:00+00:00,490.0
2018-04-21 06:00:00+00:00,430.5
2018-04-21 07:00:00+00:00,573.75
2018-04-21 08:00:00+00:00,1521.75
2018-04-21 09:00:00+00:00,1690.25
2018-04-21 10:00:00+00:00,2804.5
2018-04-21 11:00:00+00:00,603.0
2018-04-21 12:00:00+00:00,1143.0
2018-04-21 13:00:00+00:00,980.25
2018-04-21 14:00:00+00:00,348.75
2018-04-21 15:00:00+00:00,1619.25
2018-04-21 16:00:00+00:00,1069.0
2018-04-21 17:00:00+00:00,1090.0
2018-04-21 18:00:00+00:00,951.25
2018-04-21 19:00:00+00:00,859.25
2018-04-21 20:00:00+00:00,353.25
2018-04-21 21:00:00+00:00,234.25
2018-04-21 22:00:00+00:00,226.75
2018-04-21 23:00:00+00:00,261.5
2018-04-22 00:00:00+00:00,324.25
2018-04-22 01:00:00+00:00,323.75
2018-04-22 02:00:00+00:00,368.5
2018-04-22 03:00:00+00:00,778.25
2018-04-22 04:00:00+00:00,461.75
2018-04-22 05:00:00+00:00,411.5
2018-04-22 06:00:00+00:00,309.0
2018-04-22 07:00:00+00:00,838.75
2018-04-22 08:00:00+00:00,1550.75
2018-04-22 09:00:00+00:00,1015.0
2018-04-22 10:00:00+00:00,512.0
2018-04-22 11:00:00+00:00,429.5
2018-04-22 12:00:00+00:00,656.5
2018-04-22 13:00:00+00:00,365.5
2018-04-22 14:00:00+00:00,914.5
2018-04-22 15:00:00+00:00,1079.25
2018-04-22 16:00:00+00:00,1211.0
2018-04-22 17:00:00+00:00,1021.5
2018-04-22 18:00:00+00:00,961.5
2018-04-22 19:00:00+00:00,703.25
2018-04-22 20:00:00+00:00,387.75
2018-04-22 21:00:00+00:00,241.0
2018-04-22 22:00:00+00:00,246.0
2018-04-22 23:00:00+00:00,218.5
2018-04-23 00:00:00+00:00,239.5
2018-04-23 01:00:00+00:00,219.75
2018-04-23 02:00:00+00:00,301.25
2018-04-23 03:00:00+00:00,615.5
2018-04-23 04:00:00+00:00,1149.25
2018-04-23 05:00:00+00:00,1274.25
2018-04-23 06:00:00+00:00,412.0
2018-04-23 07:00:00+00:00,481.5
2018-04-23 08:00:00+00:00,878.0
2018-04-23 09:00:00+00:00,1630.25
2018-04-23 10:00:00+00:00,2214.5
2018-04-23 11:00:00+00:00,413.75
2018-04-23 12:00:00+00:00,439.75
2018-04-23 13:00:00+00:00,422.0
2018-04-23 14:00:00+00:00,398.25
2018-04-23 15:00:00+00:00,1240.75
2018-04-23 16:00:00+00:00,518.25
2018-04-23 17:00:00+00:00,626.25
2018-04-23 18:00:00+00:00,555.5
2018-04-23 19:00:00+00:00,1383.0
2018-04-23 20:00:00+00:00,435.25
2018-04-23 21:00:00+00:00,230.25
2018-04-23 22:00:00+00:00,152.5
2018-04-23 23:00:00+00:00,228.75
2018-04-24 00:00:00+00:00,231.5
2018-04-24 01:00:00+00:00,238.25
2018-04-24 02:00:00+00:00,371.5
2018-04-24 03:00:00+00:00,776.75
2018-04-24 04:00:00+00:00,382.5
2018-04-24 05:00:00+00:00,434.5
2018-04-24 06:00:00+00:00,405.75
2018-04-24 07:00:00+00:00,386.25
2018-04-24 08:00:00+00:00,325.75
2018-04-24 09:00:00+00:00,526.25
2018-04-24 10:00:00+00:00,456.5
2018-04-24 11:00:00+00:00,444.5
2018-04-24 12:00:00+00:00,426.25
2018-04-24 13:00:00+00:00,325.0
2018-04-24 14:00:00+00:00,351.0
2018-04-24 15:00:00+00:00,561.25
2018-04-24 16:00:00+00:00,1317.75
2018-04-24 17:00:00+00:00,294.5
2018-04-24 18:00:00+00:00,1185.25
2018-04-24 19:00:00+00:00,727.0
2018-04-24 20:00:00+00:00,560.5
2018-04-24 21:00:00+00:00,406.5
2018-04-24 22:00:00+00:00,332.5
2018-04-24 23:00:00+00:00,318.75
2018-04-25 00:00:00+00:00,348.75
2018-04-25 01:00:00+00:00,356.0
2018-04-25 02:00:00+00:00,329.0
2018-04-25 03:00:00+00:00,883.75
2018-04-25 04:00:00+00:00,300.25
2018-04-25 05:00:00+00:00,303.75
2018-04-25 06:00:00+00:00,297.75
2018-04-25 07:00:00+00:00,257.0
2018-04-25 08:00:00+00:00,146.25
2018-04-25 09:00:00+00:00,1294.5
2018-04-25 10:00:00+00:00,382.5
2018-04-25 11:00:00+00:00,527.75
2018-04-25 12:00:00+00:00,371.75
2018-04-25 13:00:00+00:00,342.5
2018-04-25 14:00:00+00:00,396.5
2018-04-25 15:00:00+00:00,560.25
2018-04-25 16:00:00+00:00,668.0
2018-04-25 17:00:00+00:00,277.0
2018-04-25 18:00:00+00:00,455.25
2018-04-25 19:00:00+00:00,605.25
2018-04-25 20:00:00+00:00,420.25
2018-04-25 21:00:00+00:00,280.5
2018-04-25 22:00:00+00:00,331.0
2018-04-25 23:00:00+00:00,333.5
2018-04-26 00:00:00+00:00,317.5
2018-04-26 01:00:00+00:00,336.5
2018-04-26 02:00:00+00:00,363.5
2018-04-26 03:00:00+00:00,1274.0
2018-04-26 04:00:00+00:00,410.25
2018-04-26 05:00:00+00:00,340.0
2018-04-26 06:00:00+00:00,400.5
2018-04-26 07:00:00+00:00,455.25
2018-04-26 08:00:00+00:00,777.25
2018-04-26 09:00:00+00:00,536.25
2018-04-26 10:00:00+00:00,405.0
2018-04-26 11:00:00+00:00,542.75
2018-04-26 12:00:00+00:00,425.5
2018-04-26 13:00:00+00:00,314.0
2018-04-26 14:00:00+00:00,417.5
2018-04-26 15:00:00+00:00,993.75
2018-04-26 16:00:00+00:00,390.5
2018-04-26 17:00:00+00:00,459.25
2018-04-26 18:00:00+00:00,1542.75
2018-04-26 19:00:00+00:00,2047.0
2018-04-26 20:00:00+00:00,3090.75
2018-04-26 21:00:00+00:00,2000.75
2018-04-26 22:00:00+00:00,2635.5
2018-04-26 23:00:00+00:00,497.5
2018-04-27 00:00:00+00:00,367.75
2018-04-27 01:00:00+00:00,374.75
2018-04-27 02:00:00+00:00,372.25
2018-04-27 03:00:00+00:00,592.5
2018-04-27 04:00:00+00:00,1609.25
2018-04-27 05:00:00+00:00,729.5
2018-04-27 06:00:00+00:00,510.25
2018-04-27 07:00:00+00:00,433.0
2018-04-27 08:00:00+00:00,411.5
2018-04-27 09:00:00+00:00,584.0
2018-04-27 10:00:00+00:00,427.75
2018-04-27 11:00:00+00:00,394.5
2018-04-27 12:00:00+00:00,387.5
2018-04-27 13:00:00+00:00,298.25
2018-04-27 14:00:00+00:00,795.5
2018-04-27 15:00:00+00:00,529.0
2018-04-27 16:00:00+00:00,408.0
2018-04-27 17:00:00+00:00,284.5
2018-04-27 18:00:00+00:00,490.5
2018-04-27 19:00:00+00:00,647.25
2018-04-27 20:00:00+00:00,1304.25
2018-04-27 21:00:00+00:00,387.5
2018-04-27 22:00:00+00:00,346.75
2018-04-27 23:00:00+00:00,342.0
2018-04-28 00:00:00+00:00,324.75
2018-04-28 01:00:00+00:00,341.75
2018-04-28 02:00:00+00:00,342.0
2018-04-28 03:00:00+00:00,406.0
2018-04-28 04:00:00+00:00,1595.5
2018-04-28 05:00:00+00:00,1254.0
2018-04-28 06:00:00+00:00,1286.0
2018-04-28 07:00:00+00:00,507.25
2018-04-28 08:00:00+00:00,1249.25
2018-04-28 09:00:00+00:00,960.0
2018-04-28 10:00:00+00:00,1164.25
2018-04-28 11:00:00+00:00,1036.25
2018-04-28 12:00:00+00:00,666.25
2018-04-28 13:00:00+00:00,690.0
2018-04-28 14:00:00+00:00,2536.75
2018-04-28 15:00:00+00:00,2400.0
2018-04-28 16:00:00+00:00,1339.0
2018-04-28 17:00:00+00:00,826.5
2018-04-28 18:00:00+00:00,1010.5
2018-04-28 19:00:00+00:00,1090.0
2018-04-28 20:00:00+00:00,522.0
2018-04-28 21:00:00+00:00,408.75
2018-04-28 22:00:00+00:00,344.0
2018-04-28 23:00:00+00:00,343.75
2018-04-29 00:00:00+00:00,345.25
2018-04-29 01:00:00+00:00,317.5
2018-04-29 02:00:00+00:00,1092.25
2018-04-29 03:00:00+00:00,1490.0
2018-04-29 04:00:00+00:00,506.75
2018-04-29 05:00:00+00:00,423.25
2018-04-29 06:00:00+00:00,344.5
2018-04-29 07:00:00+00:00,333.25
2018-04-29 08:00:00+00:00,572.0
2018-04-29 09:00:00+00:00,1244.25
2018-04-29 10:00:00+00:00,3158.75
2018-04-29 11:00:00+00:00,774.0
2018-04-29 12:00:00+00:00,621.0
2018-04-29 13:00:00+00:00,971.75
2018-04-29 14:00:00+00:00,736.5
2018-04-29 15:00:00+00:00,690.0
2018-04-29 16:00:00+00:00,1772.25
2018-04-29 17:00:00+00:00,790.75
2018-04-29 18:00:00+00:00,403.0
2018-04-29 19:00:00+00:00,462.25
2018-04-29 20:00:00+00:00,313.25
2018-04-29 21:00:00+00:00,223.5
2018-04-29 22:00:00+00:00,267.75
2018-04-29 23:00:00+00:00,234.5
2018-04-30 00:00:00+00:00,371.0
2018-04-30 01:00:00+00:00,376.25
2018-04-30 02:00:00+00:00,324.75
2018-04-30 03:00:00+00:00,627.75
2018-04-30 04:00:00+00:00,500.25
2018-04-30 05:00:00+00:00,2774.75
2018-04-30 06:00:00+00:00,666.75
2018-04-30 07:00:00+00:00,628.25
2018-04-30 08:00:00+00:00,2406.5
2018-04-30 09:00:00+00:00,923.25
2018-04-30 10:00:00+00:00,780.25
2018-04-30 11:00:00+00:00,574.75
2018-04-30 12:00:00+00:00,547.0
2018-04-30 13:00:00+00:00,1131.75
2018-04-30 14:00:00+00:00,861.75
2018-04-30 15:00:00+00:00,603.0
2018-04-30 16:00:00+00:00,707.5
2018-04-30 17:00:00+00:00,654.25
2018-04-30 18:00:00+00:00,568.25
2018-04-30 19:00:00+00:00,461.75
2018-04-30 20:00:00+00:00,336.75
2018-04-30 21:00:00+00:00,300.0
2018-04-30 22:00:00+00:00,226.5
2018-04-30 23:00:00+00:00,231.0
2018-05-01 00:00:00+00:00,229.75
2018-05-01 01:00:00+00:00,230.0
2018-05-01 02:00:00+00:00,211.25
2018-05-01 03:00:00+00:00,394.25
2018-05-01 04:00:00+00:00,294.75
2018-05-01 05:00:00+00:00,364.25
2018-05-01 06:00:00+00:00,674.25
2018-05-01 07:00:00+00:00,890.75
2018-05-01 08:00:00+00:00,442.0
2018-05-01 09:00:00+00:00,549.5
2018-05-01 10:00:00+00:00,540.0
2018-05-01 11:00:00+00:00,532.0
2018-05-01 12:00:00+00:00,1305.5
2018-05-01 13:00:00+00:00,373.25
2018-05-01 14:00:00+00:00,435.5
2018-05-01 15:00:00+00:00,1089.75
2018-05-01 16:00:00+00:00,665.25
2018-05-01 17:00:00+00:00,2212.0
2018-05-01 18:00:00+00:00,609.75
2018-05-01 19:00:00+00:00,748.0
2018-05-01 20:00:00+00:00,449.75
2018-05-01 21:00:00+00:00,307.6666666666667
2018-05-01 22:00:00+00:00,328.0
2018-05-01 23:00:00+00:00,311.0
2018-05-02 00:00:00+00:00,241.5
2018-05-02 01:00:00+00:00,203.75
2018-05-02 02:00:00+00:00,298.5
2018-05-02 03:00:00+00:00,719.0
2018-05-02 04:00:00+00:00,304.25
2018-05-02 05:00:00+00:00,297.25
2018-05-02 06:00:00+00:00,288.5
2018-05-02 07:00:00+00:00,279.0
2018-05-02 08:00:00+00:00,437.25
2018-05-02 09:00:00+00:00,588.0
2018-05-02 10:00:00+00:00,554.75
2018-05-02 11:00:00+00:00,526.0
2018-05-02 12:00:00+00:00,483.25
2018-05-02 13:00:00+00:00,874.25
2018-05-02 14:00:00+00:00,529.0
2018-05-02 15:00:00+00:00,1160.0
2018-05-02 16:00:00+00:00,800.75
2018-05-02 17:00:00+00:00,287.25
2018-05-02 18:00:00+00:00,522.75
2018-05-02 19:00:00+00:00,492.0
2018-05-02 20:00:00+00:00,622.5
2018-05-02 21:00:00+00:00,307.0
2018-05-02 22:00:00+00:00,288.75
2018-05-02 23:00:00+00:00,336.75
2018-05-03 00:00:00+00:00,325.25
2018-05-03 01:00:00+00:00,334.5
2018-05-03 02:00:00+00:00,437.5
2018-05-03 03:00:00+00:00,793.25
2018-05-03 04:00:00+00:00,369.0
2018-05-03 05:00:00+00:00,367.75
2018-05-03 06:00:00+00:00,311.0
2018-05-03 07:00:00+00:00,267.5
2018-05-03 08:00:00+00:00,319.25
2018-05-03 09:00:00+00:00,547.0
2018-05-03 10:00:00+00:00,482.75
2018-05-03 11:00:00+00:00,444.5
2018-05-03 12:00:00+00:00,430.0
2018-05-03 13:00:00+00:00,472.25
2018-05-03 14:00:00+00:00,440.0
2018-05-03 15:00:00+00:00,840.0
2018-05-03 16:00:00+00:00,489.5
2018-05-03 17:00:00+00:00,359.5
2018-05-03 18:00:00+00:00,351.75
2018-05-03 19:00:00+00:00,481.5
2018-05-03 20:00:00+00:00,317.25
2018-05-03 21:00:00+00:00,242.75
2018-05-03 22:00:00+00:00,234.25
2018-05-03 23:00:00+00:00,227.75
2018-05-04 00:00:00+00:00,264.75
2018-05-04 01:00:00+00:00,332.75
2018-05-04 02:00:00+00:00,328.0
2018-05-04 03:00:00+00:00,581.5
2018-05-04 04:00:00+00:00,551.75
2018-05-04 05:00:00+00:00,677.0
2018-05-04 06:00:00+00:00,962.0
2018-05-04 07:00:00+00:00,955.5
2018-05-04 08:00:00+00:00,549.5
2018-05-04 09:00:00+00:00,1384.5
2018-05-04 10:00:00+00:00,1678.5
2018-05-04 11:00:00+00:00,437.5
2018-05-04 12:00:00+00:00,1343.0
2018-05-04 13:00:00+00:00,1446.75
2018-05-04 14:00:00+00:00,788.75
2018-05-04 15:00:00+00:00,530.75
2018-05-04 16:00:00+00:00,994.5
2018-05-04 17:00:00+00:00,997.25
2018-05-04 18:00:00+00:00,2391.5
2018-05-04 19:00:00+00:00,2856.0
2018-05-04 20:00:00+00:00,1826.5
2018-05-04 21:00:00+00:00,600.5
2018-05-04 22:00:00+00:00,388.75
2018-05-04 23:00:00+00:00,352.25
2018-05-05 00:00:00+00:00,318.25
2018-05-05 01:00:00+00:00,346.0
2018-05-05 02:00:00+00:00,328.25
2018-05-05 03:00:00+00:00,409.75
2018-05-05 04:00:00+00:00,330.5
2018-05-05 05:00:00+00:00,532.0
2018-05-05 06:00:00+00:00,430.5
2018-05-05 07:00:00+00:00,565.75
2018-05-05 08:00:00+00:00,506.25
2018-05-05 09:00:00+00:00,743.5
2018-05-05 10:00:00+00:00,1092.25
2018-05-05 11:00:00+00:00,449.75
2018-05-05 12:00:00+00:00,453.0
2018-05-05 13:00:00+00:00,386.75
2018-05-05 14:00:00+00:00,1221.5
2018-05-05 15:00:00+00:00,1106.25
2018-05-05 16:00:00+00:00,427.25
2018-05-05 17:00:00+00:00,332.0
2018-05-05 18:00:00+00:00,317.75
2018-05-05 19:00:00+00:00,464.0
2018-05-05 20:00:00+00:00,373.5
2018-05-05 21:00:00+00:00,415.0
2018-05-05 22:00:00+00:00,296.25
2018-05-05 23:00:00+00:00,343.5
2018-05-06 00:00:00+00:00,331.5
2018-05-06 01:00:00+00:00,336.75
2018-05-06 02:00:00+00:00,334.5
2018-05-06 03:00:00+00:00,397.25
2018-05-06 04:00:00+00:00,301.25
2018-05-06 05:00:00+00:00,476.25
2018-05-06 06:00:00+00:00,413.5
2018-05-06 07:00:00+00:00,663.0
2018-05-06 08:00:00+00:00,821.0
2018-05-06 09:00:00+00:00,1129.25
2018-05-06 10:00:00+00:00,591.75
2018-05-06 11:00:00+00:00,647.0
2018-05-06 12:00:00+00:00,558.0
2018-05-06 13:00:00+00:00,679.25
2018-05-06 14:00:00+00:00,1519.0
2018-05-06 15:00:00+00:00,1520.5
2018-05-06 16:00:00+00:00,2628.75
2018-05-06 17:00:00+00:00,1475.5
2018-05-06 18:00:00+00:00,641.75
2018-05-06 19:00:00+00:00,656.5
2018-05-06 20:00:00+00:00,568.5
2018-05-06 21:00:00+00:00,350.25
2018-05-06 22:00:00+00:00,338.75
2018-05-06 23:00:00+00:00,330.75
2018-05-07 00:00:00+00:00,321.75
2018-05-07 01:00:00+00:00,306.5
2018-05-07 02:00:00+00:00,307.25
2018-05-07 03:00:00+00:00,726.5
2018-05-07 04:00:00+00:00,243.25
2018-05-07 05:00:00+00:00,330.25
2018-05-07 06:00:00+00:00,296.75
2018-05-07 07:00:00+00:00,260.25
2018-05-07 08:00:00+00:00,466.5
2018-05-07 09:00:00+00:00,788.5
2018-05-07 10:00:00+00:00,513.75
2018-05-07 11:00:00+00:00,433.75
2018-05-07 12:00:00+00:00,382.75
2018-05-07 13:00:00+00:00,427.75
2018-05-07 14:00:00+00:00,374.25
2018-05-07 15:00:00+00:00,509.0
2018-05-07 16:00:00+00:00,327.5
2018-05-07 17:00:00+00:00,384.25
2018-05-07 18:00:00+00:00,1122.5
2018-05-07 19:00:00+00:00,1025.5
2018-05-07 20:00:00+00:00,467.5
2018-05-07 21:00:00+00:00,799.5
2018-05-07 22:00:00+00:00,343.5
2018-05-07 23:00:00+00:00,324.25
2018-05-08 00:00:00+00:00,319.5
2018-05-08 01:00:00+00:00,342.25
2018-05-08 02:00:00+00:00,343.25
2018-05-08 03:00:00+00:00,1037.5
2018-05-08 04:00:00+00:00,297.5
2018-05-08 05:00:00+00:00,431.25
2018-05-08 06:00:00+00:00,370.5
2018-05-08 07:00:00+00:00,363.75
2018-05-08 08:00:00+00:00,356.5
2018-05-08 09:00:00+00:00,576.0
2018-05-08 10:00:00+00:00,452.75
2018-05-08 11:00:00+00:00,400.75
2018-05-08 12:00:00+00:00,481.25
2018-05-08 13:00:00+00:00,349.5
2018-05-08 14:00:00+00:00,314.5
2018-05-08 15:00:00+00:00,569.25
2018-05-08 16:00:00+00:00,616.0
2018-05-08 17:00:00+00:00,1057.75
2018-05-08 18:00:00+00:00,2155.0
2018-05-08 19:00:00+00:00,967.75
2018-05-08 20:00:00+00:00,403.5
2018-05-08 21:00:00+00:00,243.25
2018-05-08 22:00:00+00:00,251.75
2018-05-08 23:00:00+00:00,308.25
2018-05-09 00:00:00+00:00,242.5
2018-05-09 01:00:00+00:00,240.0
2018-05-09 02:00:00+00:00,284.0
2018-05-09 03:00:00+00:00,1223.75
2018-05-09 04:00:00+00:00,238.0
2018-05-09 05:00:00+00:00,325.0
2018-05-09 06:00:00+00:00,280.0
2018-05-09 07:00:00+00:00,251.75
2018-05-09 08:00:00+00:00,446.25
2018-05-09 09:00:00+00:00,728.0
2018-05-09 10:00:00+00:00,465.75
2018-05-09 11:00:00+00:00,432.75
2018-05-09 12:00:00+00:00,454.0
2018-05-09 13:00:00+00:00,421.5
2018-05-09 14:00:00+00:00,532.5
2018-05-09 15:00:00+00:00,2350.25
2018-05-09 16:00:00+00:00,1538.0
2018-05-09 17:00:00+00:00,2687.75
2018-05-09 18:00:00+00:00,3012.25
2018-05-09 19:00:00+00:00,2534.75
2018-05-09 20:00:00+00:00,2979.75
2018-05-09 21:00:00+00:00,930.75
2018-05-09 22:00:00+00:00,295.5
2018-05-09 23:00:00+00:00,335.0
2018-05-10 00:00:00+00:00,329.75
2018-05-10 01:00:00+00:00,334.0
2018-05-10 02:00:00+00:00,351.5
2018-05-10 03:00:00+00:00,534.75
2018-05-10 04:00:00+00:00,644.75
2018-05-10 05:00:00+00:00,417.25
2018-05-10 06:00:00+00:00,525.25
2018-05-10 07:00:00+00:00,476.75
2018-05-10 08:00:00+00:00,408.5
2018-05-10 09:00:00+00:00,420.75
2018-05-10 10:00:00+00:00,627.5
2018-05-10 11:00:00+00:00,363.75
2018-05-10 12:00:00+00:00,398.75
2018-05-10 13:00:00+00:00,232.0
2018-05-10 14:00:00+00:00,604.5
2018-05-10 15:00:00+00:00,582.75
2018-05-10 16:00:00+00:00,939.5
2018-05-10 17:00:00+00:00,1070.5
2018-05-10 18:00:00+00:00,763.5
2018-05-10 19:00:00+00:00,722.5
2018-05-10 20:00:00+00:00,542.75
2018-05-10 21:00:00+00:00,493.75
2018-05-10 22:00:00+00:00,459.0
2018-05-10 23:00:00+00:00,246.25
2018-05-11 00:00:00+00:00,226.5
2018-05-11 01:00:00+00:00,234.0
2018-05-11 02:00:00+00:00,251.75
2018-05-11 03:00:00+00:00,582.75
2018-05-11 04:00:00+00:00,364.75
2018-05-11 05:00:00+00:00,395.75
2018-05-11 06:00:00+00:00,419.25
2018-05-11 07:00:00+00:00,398.5
2018-05-11 08:00:00+00:00,334.5
2018-05-11 09:00:00+00:00,532.0
2018-05-11 10:00:00+00:00,421.0
2018-05-11 11:00:00+00:00,397.0
2018-05-11 12:00:00+00:00,364.75
2018-05-11 13:00:00+00:00,357.25
2018-05-11 14:00:00+00:00,355.5
2018-05-11 15:00:00+00:00,546.5
2018-05-11 16:00:00+00:00,488.75
2018-05-11 17:00:00+00:00,1318.25
2018-05-11 18:00:00+00:00,382.75
2018-05-11 19:00:00+00:00,881.75
2018-05-11 20:00:00+00:00,545.0
2018-05-11 21:00:00+00:00,526.75
2018-05-11 22:00:00+00:00,347.75
2018-05-11 23:00:00+00:00,319.25
2018-05-12 00:00:00+00:00,335.25
2018-05-12 01:00:00+00:00,333.5
2018-05-12 02:00:00+00:00,321.25
2018-05-12 03:00:00+00:00,407.0
2018-05-12 04:00:00+00:00,334.75
2018-05-12 05:00:00+00:00,536.0
2018-05-12 06:00:00+00:00,534.5
2018-05-12 07:00:00+00:00,1467.0
2018-05-12 08:00:00+00:00,710.25
2018-05-12 09:00:00+00:00,518.25
2018-05-12 10:00:00+00:00,475.0
2018-05-12 11:00:00+00:00,352.5
2018-05-12 12:00:00+00:00,332.25
2018-05-12 13:00:00+00:00,345.0
2018-05-12 14:00:00+00:00,344.75
2018-05-12 15:00:00+00:00,483.5
2018-05-12 16:00:00+00:00,279.25
2018-05-12 17:00:00+00:00,113.5
2018-05-12 18:00:00+00:00,353.5
2018-05-12 19:00:00+00:00,331.5
2018-05-12 20:00:00+00:00,240.5
2018-05-12 21:00:00+00:00,214.75
2018-05-12 22:00:00+00:00,258.5
2018-05-12 23:00:00+00:00,290.75
2018-05-13 00:00:00+00:00,217.5
2018-05-13 01:00:00+00:00,334.0
2018-05-13 02:00:00+00:00,253.0
2018-05-13 03:00:00+00:00,298.25
2018-05-13 04:00:00+00:00,245.5
2018-05-13 05:00:00+00:00,425.5
2018-05-13 06:00:00+00:00,248.25
2018-05-13 07:00:00+00:00,260.25
2018-05-13 08:00:00+00:00,304.75
2018-05-13 09:00:00+00:00,518.25
2018-05-13 10:00:00+00:00,283.25
2018-05-13 11:00:00+00:00,383.25
2018-05-13 12:00:00+00:00,356.0
2018-05-13 13:00:00+00:00,370.0
2018-05-13 14:00:00+00:00,438.25
2018-05-13 15:00:00+00:00,326.5
2018-05-13 16:00:00+00:00,204.75
2018-05-13 17:00:00+00:00,1077.5
2018-05-13 18:00:00+00:00,1081.5
2018-05-13 19:00:00+00:00,2249.25
2018-05-13 20:00:00+00:00,1369.5
2018-05-13 21:00:00+00:00,251.25
2018-05-13 22:00:00+00:00,249.5
2018-05-13 23:00:00+00:00,230.25
2018-05-14 00:00:00+00:00,239.25
2018-05-14 01:00:00+00:00,244.75
2018-05-14 02:00:00+00:00,332.75
2018-05-14 03:00:00+00:00,883.75
2018-05-14 04:00:00+00:00,360.75
2018-05-14 05:00:00+00:00,374.75
2018-05-14 06:00:00+00:00,353.5
2018-05-14 07:00:00+00:00,508.5
2018-05-14 08:00:00+00:00,375.25
2018-05-14 09:00:00+00:00,535.5
2018-05-14 10:00:00+00:00,708.0
2018-05-14 11:00:00+00:00,848.0
2018-05-14 12:00:00+00:00,409.75
2018-05-14 13:00:00+00:00,457.25
2018-05-14 14:00:00+00:00,319.0
2018-05-14 15:00:00+00:00,653.5
2018-05-14 16:00:00+00:00,1131.5
2018-05-14 17:00:00+00:00,1012.25
2018-05-14 18:00:00+00:00,966.25
2018-05-14 19:00:00+00:00,546.75
2018-05-14 20:00:00+00:00,288.5
2018-05-14 21:00:00+00:00,301.75
2018-05-14 22:00:00+00:00,287.75
2018-05-14 23:00:00+00:00,232.75
2018-05-15 00:00:00+00:00,232.25
2018-05-15 01:00:00+00:00,245.5
2018-05-15 02:00:00+00:00,229.0
2018-05-15 03:00:00+00:00,878.75
2018-05-15 04:00:00+00:00,272.5
2018-05-15 05:00:00+00:00,278.75
2018-05-15 06:00:00+00:00,376.0
2018-05-15 07:00:00+00:00,616.25
2018-05-15 08:00:00+00:00,820.0
2018-05-15 09:00:00+00:00,717.5
2018-05-15 10:00:00+00:00,501.5
2018-05-15 11:00:00+00:00,484.75
2018-05-15 12:00:00+00:00,437.75
2018-05-15 13:00:00+00:00,375.75
2018-05-15 14:00:00+00:00,262.25
2018-05-15 15:00:00+00:00,794.0
2018-05-15 16:00:00+00:00,1760.5
2018-05-15 17:00:00+00:00,409.0
2018-05-15 18:00:00+00:00,666.0
2018-05-15 19:00:00+00:00,631.75
2018-05-15 20:00:00+00:00,674.75
2018-05-15 21:00:00+00:00,614.75
2018-05-15 22:00:00+00:00,357.25
2018-05-15 23:00:00+00:00,329.0
2018-05-16 00:00:00+00:00,344.0
2018-05-16 01:00:00+00:00,341.5
2018-05-16 02:00:00+00:00,336.75
2018-05-16 03:00:00+00:00,1370.0
2018-05-16 04:00:00+00:00,390.5
2018-05-16 05:00:00+00:00,288.0
2018-05-16 06:00:00+00:00,390.5
2018-05-16 07:00:00+00:00,359.0
2018-05-16 08:00:00+00:00,401.0
2018-05-16 09:00:00+00:00,590.5
2018-05-16 10:00:00+00:00,447.0
2018-05-16 11:00:00+00:00,396.5
2018-05-16 12:00:00+00:00,410.75
2018-05-16 13:00:00+00:00,542.0
2018-05-16 14:00:00+00:00,505.5
2018-05-16 15:00:00+00:00,531.0
2018-05-16 16:00:00+00:00,327.5
2018-05-16 17:00:00+00:00,214.0
2018-05-16 18:00:00+00:00,745.75
2018-05-16 19:00:00+00:00,523.0
2018-05-16 20:00:00+00:00,356.5
2018-05-16 21:00:00+00:00,265.25
2018-05-16 22:00:00+00:00,235.75
2018-05-16 23:00:00+00:00,222.75
2018-05-17 00:00:00+00:00,230.75
2018-05-17 01:00:00+00:00,325.25
2018-05-17 02:00:00+00:00,335.0
2018-05-17 03:00:00+00:00,786.25
2018-05-17 04:00:00+00:00,378.0
2018-05-17 05:00:00+00:00,310.75
2018-05-17 06:00:00+00:00,347.0
2018-05-17 07:00:00+00:00,403.25
2018-05-17 08:00:00+00:00,310.5
2018-05-17 09:00:00+00:00,562.5
2018-05-17 10:00:00+00:00,456.5
2018-05-17 11:00:00+00:00,637.75
2018-05-17 12:00:00+00:00,382.5
2018-05-17 13:00:00+00:00,341.75
2018-05-17 14:00:00+00:00,1024.0
2018-05-17 15:00:00+00:00,563.75
2018-05-17 16:00:00+00:00,428.25
2018-05-17 17:00:00+00:00,396.25
2018-05-17 18:00:00+00:00,328.0
2018-05-17 19:00:00+00:00,511.0
2018-05-17 20:00:00+00:00,471.75
2018-05-17 21:00:00+00:00,454.25
2018-05-17 22:00:00+00:00,319.0
2018-05-17 23:00:00+00:00,241.75
2018-05-18 00:00:00+00:00,218.0
2018-05-18 01:00:00+00:00,234.25
2018-05-18 02:00:00+00:00,245.75
2018-05-18 03:00:00+00:00,502.25
2018-05-18 04:00:00+00:00,337.75
2018-05-18 05:00:00+00:00,329.5
2018-05-18 06:00:00+00:00,1374.5
2018-05-18 07:00:00+00:00,1449.5
2018-05-18 08:00:00+00:00,3707.5
2018-05-18 09:00:00+00:00,1288.25
2018-05-18 10:00:00+00:00,1440.5
2018-05-18 11:00:00+00:00,583.25
2018-05-18 12:00:00+00:00,563.75
2018-05-18 13:00:00+00:00,1075.0
2018-05-18 14:00:00+00:00,448.25
2018-05-18 15:00:00+00:00,536.25
2018-05-18 16:00:00+00:00,485.75
2018-05-18 17:00:00+00:00,466.75
2018-05-18 18:00:00+00:00,2568.25
2018-05-18 19:00:00+00:00,3396.75
2018-05-18 20:00:00+00:00,1380.0
2018-05-18 21:00:00+00:00,619.75
2018-05-18 22:00:00+00:00,474.75
2018-05-18 23:00:00+00:00,333.75
2018-05-19 00:00:00+00:00,337.5
2018-05-19 01:00:00+00:00,376.25
2018-05-19 02:00:00+00:00,253.5
2018-05-19 03:00:00+00:00,280.25
2018-05-19 04:00:00+00:00,287.75
2018-05-19 05:00:00+00:00,585.75
2018-05-19 06:00:00+00:00,543.0
2018-05-19 07:00:00+00:00,431.25
2018-05-19 08:00:00+00:00,930.75
2018-05-19 09:00:00+00:00,1279.5
2018-05-19 10:00:00+00:00,813.75
2018-05-19 11:00:00+00:00,459.0
2018-05-19 12:00:00+00:00,567.25
2018-05-19 13:00:00+00:00,779.25
2018-05-19 14:00:00+00:00,808.75
2018-05-19 15:00:00+00:00,1042.75
2018-05-19 16:00:00+00:00,1136.5
2018-05-19 17:00:00+00:00,372.0
2018-05-19 18:00:00+00:00,529.25
2018-05-19 19:00:00+00:00,429.25
2018-05-19 20:00:00+00:00,401.5
2018-05-19 21:00:00+00:00,251.75
2018-05-19 22:00:00+00:00,263.0
2018-05-19 23:00:00+00:00,285.75
2018-05-20 00:00:00+00:00,323.5
2018-05-20 01:00:00+00:00,320.75
2018-05-20 02:00:00+00:00,336.5
2018-05-20 03:00:00+00:00,403.75
2018-05-20 04:00:00+00:00,329.5
2018-05-20 05:00:00+00:00,478.0
2018-05-20 06:00:00+00:00,1233.75
2018-05-20 07:00:00+00:00,337.5
2018-05-20 08:00:00+00:00,1387.0
2018-05-20 09:00:00+00:00,1420.25
2018-05-20 10:00:00+00:00,1652.0
2018-05-20 11:00:00+00:00,391.75
2018-05-20 12:00:00+00:00,2887.0
2018-05-20 13:00:00+00:00,1909.25
2018-05-20 14:00:00+00:00,1861.75
2018-05-20 15:00:00+00:00,1172.5
2018-05-20 16:00:00+00:00,872.75
2018-05-20 17:00:00+00:00,417.5
2018-05-20 18:00:00+00:00,794.0
2018-05-20 19:00:00+00:00,1908.25
2018-05-20 20:00:00+00:00,1266.5
2018-05-20 21:00:00+00:00,377.5
2018-05-20 22:00:00+00:00,278.5
2018-05-20 23:00:00+00:00,257.0
2018-05-21 00:00:00+00:00,313.25
2018-05-21 01:00:00+00:00,358.5
2018-05-21 02:00:00+00:00,331.25
2018-05-21 03:00:00+00:00,452.0
2018-05-21 04:00:00+00:00,1906.0
2018-05-21 05:00:00+00:00,539.5
2018-05-21 06:00:00+00:00,425.25
2018-05-21 07:00:00+00:00,544.5
2018-05-21 08:00:00+00:00,444.5
2018-05-21 09:00:00+00:00,609.0
2018-05-21 10:00:00+00:00,431.5
2018-05-21 11:00:00+00:00,511.0
2018-05-21 12:00:00+00:00,368.5
2018-05-21 13:00:00+00:00,364.0
2018-05-21 14:00:00+00:00,309.0
2018-05-21 15:00:00+00:00,651.75
2018-05-21 16:00:00+00:00,615.5
2018-05-21 17:00:00+00:00,1001.0
2018-05-21 18:00:00+00:00,955.75
2018-05-21 19:00:00+00:00,761.0
2018-05-21 20:00:00+00:00,310.0
2018-05-21 21:00:00+00:00,200.5
2018-05-21 22:00:00+00:00,234.25
2018-05-21 23:00:00+00:00,214.25
2018-05-22 00:00:00+00:00,234.25
2018-05-22 01:00:00+00:00,243.0
2018-05-22 02:00:00+00:00,355.0
2018-05-22 03:00:00+00:00,775.25
2018-05-22 04:00:00+00:00,451.75
2018-05-22 05:00:00+00:00,390.0
2018-05-22 06:00:00+00:00,397.25
2018-05-22 07:00:00+00:00,334.5
2018-05-22 08:00:00+00:00,363.5
2018-05-22 09:00:00+00:00,574.5
2018-05-22 10:00:00+00:00,436.75
2018-05-22 11:00:00+00:00,326.5
2018-05-22 12:00:00+00:00,324.75
2018-05-22 13:00:00+00:00,378.5
2018-05-22 14:00:00+00:00,1138.25
2018-05-22 15:00:00+00:00,741.75
2018-05-22 16:00:00+00:00,1315.75
2018-05-22 17:00:00+00:00,1082.75
2018-05-22 18:00:00+00:00,550.0
2018-05-22 19:00:00+00:00,746.0
2018-05-22 20:00:00+00:00,1090.5
2018-05-22 21:00:00+00:00,386.75
2018-05-22 22:00:00+00:00,238.0
2018-05-22 23:00:00+00:00,240.5
2018-05-23 00:00:00+00:00,236.0
2018-05-23 01:00:00+00:00,227.0
2018-05-23 02:00:00+00:00,464.25
2018-05-23 03:00:00+00:00,1220.25
2018-05-23 04:00:00+00:00,432.5
2018-05-23 05:00:00+00:00,463.25
2018-05-23 06:00:00+00:00,380.5
2018-05-23 07:00:00+00:00,440.0
2018-05-23 08:00:00+00:00,366.5
2018-05-23 09:00:00+00:00,497.25
2018-05-23 10:00:00+00:00,489.0
2018-05-23 11:00:00+00:00,374.75
2018-05-23 12:00:00+00:00,445.5
2018-05-23 13:00:00+00:00,339.0
2018-05-23 14:00:00+00:00,232.0
2018-05-23 15:00:00+00:00,367.25
2018-05-23 16:00:00+00:00,267.0
2018-05-23 17:00:00+00:00,299.0
2018-05-23 18:00:00+00:00,3201.5
2018-05-23 19:00:00+00:00,3746.5
2018-05-23 20:00:00+00:00,2339.75
2018-05-23 21:00:00+00:00,211.0
2018-05-23 22:00:00+00:00,175.25
2018-05-23 23:00:00+00:00,164.0
2018-05-24 00:00:00+00:00,195.25
2018-05-24 01:00:00+00:00,269.5
2018-05-24 02:00:00+00:00,346.75
2018-05-24 03:00:00+00:00,723.0
2018-05-24 04:00:00+00:00,360.0
2018-05-24 05:00:00+00:00,275.75
2018-05-24 06:00:00+00:00,246.75
2018-05-24 07:00:00+00:00,141.0
2018-05-24 08:00:00+00:00,414.75
2018-05-24 09:00:00+00:00,36.75
2018-05-24 10:00:00+00:00,431.75
2018-05-24 11:00:00+00:00,263.5
2018-05-24 12:00:00+00:00,212.5
2018-05-24 13:00:00+00:00,392.25
2018-05-24 14:00:00+00:00,401.0
2018-05-24 15:00:00+00:00,850.0
2018-05-24 16:00:00+00:00,921.25
2018-05-24 17:00:00+00:00,495.75
2018-05-24 18:00:00+00:00,693.25
2018-05-24 19:00:00+00:00,778.0
2018-05-24 20:00:00+00:00,609.75
2018-05-24 21:00:00+00:00,358.0
2018-05-24 22:00:00+00:00,259.25
2018-05-24 23:00:00+00:00,261.5
2018-05-25 00:00:00+00:00,341.5
2018-05-25 01:00:00+00:00,329.75
2018-05-25 02:00:00+00:00,337.75
2018-05-25 03:00:00+00:00,495.5
2018-05-25 04:00:00+00:00,386.5
2018-05-25 05:00:00+00:00,864.0
2018-05-25 06:00:00+00:00,418.25
2018-05-25 07:00:00+00:00,1009.75
2018-05-25 08:00:00+00:00,579.5
2018-05-25 09:00:00+00:00,503.0
2018-05-25 10:00:00+00:00,1510.75
2018-05-25 11:00:00+00:00,1735.0
2018-05-25 12:00:00+00:00,431.5
2018-05-25 13:00:00+00:00,380.5
2018-05-25 14:00:00+00:00,384.0
2018-05-25 15:00:00+00:00,560.5
2018-05-25 16:00:00+00:00,1860.0
2018-05-25 17:00:00+00:00,778.75
2018-05-25 18:00:00+00:00,302.75
2018-05-25 19:00:00+00:00,932.75
2018-05-25 20:00:00+00:00,518.5
2018-05-25 21:00:00+00:00,313.25
2018-05-25 22:00:00+00:00,280.75
2018-05-25 23:00:00+00:00,355.0
2018-05-26 00:00:00+00:00,362.25
2018-05-26 01:00:00+00:00,352.75
2018-05-26 02:00:00+00:00,365.75
2018-05-26 03:00:00+00:00,394.25
2018-05-26 04:00:00+00:00,370.0
2018-05-26 05:00:00+00:00,508.5
2018-05-26 06:00:00+00:00,339.0
2018-05-26 07:00:00+00:00,433.75
2018-05-26 08:00:00+00:00,449.25
2018-05-26 09:00:00+00:00,1356.25
2018-05-26 10:00:00+00:00,1114.25
2018-05-26 11:00:00+00:00,892.0
2018-05-26 12:00:00+00:00,426.75
2018-05-26 13:00:00+00:00,956.5
2018-05-26 14:00:00+00:00,1161.25
2018-05-26 15:00:00+00:00,1217.25
2018-05-26 16:00:00+00:00,1124.0
2018-05-26 17:00:00+00:00,1635.5
2018-05-26 18:00:00+00:00,574.0
2018-05-26 19:00:00+00:00,321.5
2018-05-26 20:00:00+00:00,750.25
2018-05-26 21:00:00+00:00,752.5
2018-05-26 22:00:00+00:00,281.0
2018-05-26 23:00:00+00:00,254.0
2018-05-27 00:00:00+00:00,258.25
2018-05-27 01:00:00+00:00,269.5
2018-05-27 02:00:00+00:00,594.0
2018-05-27 03:00:00+00:00,982.5
2018-05-27 04:00:00+00:00,1377.0
2018-05-27 05:00:00+00:00,661.5
2018-05-27 06:00:00+00:00,1785.5
2018-05-27 07:00:00+00:00,592.0
2018-05-27 08:00:00+00:00,1443.5
2018-05-27 09:00:00+00:00,1202.25
2018-05-27 10:00:00+00:00,915.0
2018-05-27 11:00:00+00:00,468.5
2018-05-27 12:00:00+00:00,2388.75
2018-05-27 13:00:00+00:00,1860.5
2018-05-27 14:00:00+00:00,1213.5
2018-05-27 15:00:00+00:00,439.25
2018-05-27 16:00:00+00:00,1758.5
2018-05-27 17:00:00+00:00,1016.0
2018-05-27 18:00:00+00:00,1097.5
2018-05-27 19:00:00+00:00,611.75
2018-05-27 20:00:00+00:00,412.75
2018-05-27 21:00:00+00:00,381.0
2018-05-27 22:00:00+00:00,268.25
2018-05-27 23:00:00+00:00,271.75
2018-05-28 00:00:00+00:00,248.75
2018-05-28 01:00:00+00:00,256.0
2018-05-28 02:00:00+00:00,370.0
2018-05-28 03:00:00+00:00,822.25
2018-05-28 04:00:00+00:00,453.25
2018-05-28 05:00:00+00:00,344.0
2018-05-28 06:00:00+00:00,345.75
2018-05-28 07:00:00+00:00,384.25
2018-05-28 08:00:00+00:00,471.0
2018-05-28 09:00:00+00:00,648.0
2018-05-28 10:00:00+00:00,521.25
2018-05-28 11:00:00+00:00,615.25
2018-05-28 12:00:00+00:00,427.5
2018-05-28 13:00:00+00:00,382.0
2018-05-28 14:00:00+00:00,477.0
2018-05-28 15:00:00+00:00,646.5
2018-05-28 16:00:00+00:00,1038.25
2018-05-28 17:00:00+00:00,1146.5
2018-05-28 18:00:00+00:00,978.25
2018-05-28 19:00:00+00:00,692.25
2018-05-28 20:00:00+00:00,481.75
2018-05-28 21:00:00+00:00,264.75
2018-05-28 22:00:00+00:00,275.25
2018-05-28 23:00:00+00:00,247.25
2018-05-29 00:00:00+00:00,263.75
2018-05-29 01:00:00+00:00,267.25
2018-05-29 02:00:00+00:00,254.25
2018-05-29 03:00:00+00:00,868.75
2018-05-29 04:00:00+00:00,430.0
2018-05-29 05:00:00+00:00,366.0
2018-05-29 06:00:00+00:00,313.25
2018-05-29 07:00:00+00:00,391.75
2018-05-29 08:00:00+00:00,468.75
2018-05-29 09:00:00+00:00,631.5
2018-05-29 10:00:00+00:00,509.5
2018-05-29 11:00:00+00:00,498.0
2018-05-29 12:00:00+00:00,428.75
2018-05-29 13:00:00+00:00,456.0
2018-05-29 14:00:00+00:00,792.0
2018-05-29 15:00:00+00:00,2137.5
2018-05-29 16:00:00+00:00,1548.0
2018-05-29 17:00:00+00:00,997.5
2018-05-29 18:00:00+00:00,1069.0
2018-05-29 19:00:00+00:00,920.0
2018-05-29 20:00:00+00:00,683.25
2018-05-29 21:00:00+00:00,364.0
2018-05-29 22:00:00+00:00,329.75
2018-05-29 23:00:00+00:00,258.0
2018-05-30 00:00:00+00:00,269.25
2018-05-30 01:00:00+00:00,245.75
2018-05-30 02:00:00+00:00,249.5
2018-05-30 03:00:00+00:00,922.25
2018-05-30 04:00:00+00:00,375.5
2018-05-30 05:00:00+00:00,385.5
2018-05-30 06:00:00+00:00,344.25
2018-05-30 07:00:00+00:00,433.5
2018-05-30 08:00:00+00:00,466.5
2018-05-30 09:00:00+00:00,659.5
2018-05-30 10:00:00+00:00,534.75
2018-05-30 11:00:00+00:00,840.25
2018-05-30 12:00:00+00:00,476.75
2018-05-30 13:00:00+00:00,427.25
2018-05-30 14:00:00+00:00,335.5
2018-05-30 15:00:00+00:00,710.0
2018-05-30 16:00:00+00:00,483.5
2018-05-30 17:00:00+00:00,1838.75
2018-05-30 18:00:00+00:00,1911.0
2018-05-30 19:00:00+00:00,1913.5
2018-05-30 20:00:00+00:00,1094.75
2018-05-30 21:00:00+00:00,1421.75
2018-05-30 22:00:00+00:00,296.25
2018-05-30 23:00:00+00:00,249.0
2018-05-31 00:00:00+00:00,239.25
2018-05-31 01:00:00+00:00,239.5
2018-05-31 02:00:00+00:00,223.25
2018-05-31 03:00:00+00:00,356.5
2018-05-31 04:00:00+00:00,1034.25
2018-05-31 05:00:00+00:00,711.25
2018-05-31 06:00:00+00:00,1058.5
2018-05-31 07:00:00+00:00,430.5
2018-05-31 08:00:00+00:00,754.5
2018-05-31 09:00:00+00:00,728.75
2018-05-31 10:00:00+00:00,867.0
2018-05-31 11:00:00+00:00,608.5
2018-05-31 12:00:00+00:00,508.0
2018-05-31 13:00:00+00:00,400.25
2018-05-31 14:00:00+00:00,449.75
2018-05-31 15:00:00+00:00,550.0
2018-05-31 16:00:00+00:00,458.0
2018-05-31 17:00:00+00:00,466.75
2018-05-31 18:00:00+00:00,535.0
2018-05-31 19:00:00+00:00,397.75
2018-05-31 20:00:00+00:00,356.0
2018-05-31 21:00:00+00:00,277.5
2018-05-31 22:00:00+00:00,262.25
2018-05-31 23:00:00+00:00,225.25
2018-06-01 00:00:00+00:00,231.0
2018-06-01 01:00:00+00:00,248.25
2018-06-01 02:00:00+00:00,227.0
2018-06-01 03:00:00+00:00,515.0
2018-06-01 04:00:00+00:00,416.25
2018-06-01 05:00:00+00:00,365.5
2018-06-01 06:00:00+00:00,381.25
2018-06-01 07:00:00+00:00,375.25
2018-06-01 08:00:00+00:00,304.5
2018-06-01 09:00:00+00:00,494.5
2018-06-01 10:00:00+00:00,313.75
2018-06-01 11:00:00+00:00,345.75
2018-06-01 12:00:00+00:00,425.0
2018-06-01 13:00:00+00:00,562.0
2018-06-01 14:00:00+00:00,377.5
2018-06-01 15:00:00+00:00,520.75
2018-06-01 16:00:00+00:00,442.25
2018-06-01 17:00:00+00:00,414.25
2018-06-01 18:00:00+00:00,299.0
2018-06-01 19:00:00+00:00,592.75
2018-06-01 20:00:00+00:00,291.25
2018-06-01 21:00:00+00:00,228.75
2018-06-01 22:00:00+00:00,213.25
2018-06-01 23:00:00+00:00,226.25
2018-06-02 00:00:00+00:00,232.5
2018-06-02 01:00:00+00:00,225.0
2018-06-02 02:00:00+00:00,295.75
2018-06-02 03:00:00+00:00,349.0
2018-06-02 04:00:00+00:00,285.75
2018-06-02 05:00:00+00:00,528.5
2018-06-02 06:00:00+00:00,328.5
2018-06-02 07:00:00+00:00,199.75
2018-06-02 08:00:00+00:00,338.0
2018-06-02 09:00:00+00:00,322.25
2018-06-02 10:00:00+00:00,655.0
2018-06-02 11:00:00+00:00,1541.5
2018-06-02 12:00:00+00:00,1402.0
2018-06-02 13:00:00+00:00,1075.0
2018-06-02 14:00:00+00:00,1335.5
2018-06-02 15:00:00+00:00,1418.75
2018-06-02 16:00:00+00:00,472.0
2018-06-02 17:00:00+00:00,379.25
2018-06-02 18:00:00+00:00,323.0
2018-06-02 19:00:00+00:00,338.75
2018-06-02 20:00:00+00:00,443.75
2018-06-02 21:00:00+00:00,415.75
2018-06-02 22:00:00+00:00,269.75
2018-06-02 23:00:00+00:00,264.25
2018-06-03 00:00:00+00:00,280.25
2018-06-03 01:00:00+00:00,307.5
2018-06-03 02:00:00+00:00,361.5
2018-06-03 03:00:00+00:00,355.0
2018-06-03 04:00:00+00:00,401.0
2018-06-03 05:00:00+00:00,650.5
2018-06-03 06:00:00+00:00,379.25
2018-06-03 07:00:00+00:00,344.75
2018-06-03 08:00:00+00:00,388.0
2018-06-03 09:00:00+00:00,515.5
2018-06-03 10:00:00+00:00,412.0
2018-06-03 11:00:00+00:00,401.75
2018-06-03 12:00:00+00:00,372.75
2018-06-03 13:00:00+00:00,371.5
2018-06-03 14:00:00+00:00,516.75
2018-06-03 15:00:00+00:00,1071.0
2018-06-03 16:00:00+00:00,771.5
2018-06-03 17:00:00+00:00,368.5
2018-06-03 18:00:00+00:00,387.25
2018-06-03 19:00:00+00:00,409.5
2018-06-03 20:00:00+00:00,412.5
2018-06-03 21:00:00+00:00,364.0
2018-06-03 22:00:00+00:00,252.75
2018-06-03 23:00:00+00:00,276.0
2018-06-04 00:00:00+00:00,254.0
2018-06-04 01:00:00+00:00,248.75
2018-06-04 02:00:00+00:00,261.75
2018-06-04 03:00:00+00:00,468.0
2018-06-04 04:00:00+00:00,437.75
2018-06-04 05:00:00+00:00,338.5
2018-06-04 06:00:00+00:00,329.5
2018-06-04 07:00:00+00:00,412.0
2018-06-04 08:00:00+00:00,312.75
2018-06-04 09:00:00+00:00,536.5
2018-06-04 10:00:00+00:00,365.5
2018-06-04 11:00:00+00:00,428.5
2018-06-04 12:00:00+00:00,319.0
2018-06-04 13:00:00+00:00,381.0
2018-06-04 14:00:00+00:00,338.5
2018-06-04 15:00:00+00:00,496.75
2018-06-04 16:00:00+00:00,333.25
2018-06-04 17:00:00+00:00,1154.5
2018-06-04 18:00:00+00:00,891.75
2018-06-04 19:00:00+00:00,1155.5
2018-06-04 20:00:00+00:00,1154.75
2018-06-04 21:00:00+00:00,1139.5
2018-06-04 22:00:00+00:00,260.25
2018-06-04 23:00:00+00:00,225.5
2018-06-05 00:00:00+00:00,230.25
2018-06-05 01:00:00+00:00,230.25
2018-06-05 02:00:00+00:00,242.5
2018-06-05 03:00:00+00:00,505.25
2018-06-05 04:00:00+00:00,379.0
2018-06-05 05:00:00+00:00,339.75
2018-06-05 06:00:00+00:00,334.0
2018-06-05 07:00:00+00:00,329.75
2018-06-05 08:00:00+00:00,371.75
2018-06-05 09:00:00+00:00,549.0
2018-06-05 10:00:00+00:00,416.0
2018-06-05 11:00:00+00:00,530.5
2018-06-05 12:00:00+00:00,379.5
2018-06-05 13:00:00+00:00,385.75
2018-06-05 14:00:00+00:00,343.0
2018-06-05 15:00:00+00:00,460.5
2018-06-05 16:00:00+00:00,341.5
2018-06-05 17:00:00+00:00,417.0
2018-06-05 18:00:00+00:00,976.25
2018-06-05 19:00:00+00:00,1335.25
2018-06-05 20:00:00+00:00,295.75
2018-06-05 21:00:00+00:00,296.5
2018-06-05 22:00:00+00:00,231.0
2018-06-05 23:00:00+00:00,242.5
2018-06-06 00:00:00+00:00,225.0
2018-06-06 01:00:00+00:00,250.75
2018-06-06 02:00:00+00:00,226.5
2018-06-06 03:00:00+00:00,441.75
2018-06-06 04:00:00+00:00,421.5
2018-06-06 05:00:00+00:00,359.0
2018-06-06 06:00:00+00:00,345.25
2018-06-06 07:00:00+00:00,337.25
2018-06-06 08:00:00+00:00,572.75
2018-06-06 09:00:00+00:00,855.0
2018-06-06 10:00:00+00:00,440.25
2018-06-06 11:00:00+00:00,382.75
2018-06-06 12:00:00+00:00,315.25
2018-06-06 13:00:00+00:00,372.75
2018-06-06 14:00:00+00:00,309.5
2018-06-06 15:00:00+00:00,493.75
2018-06-06 16:00:00+00:00,322.25
2018-06-06 17:00:00+00:00,296.75
2018-06-06 18:00:00+00:00,248.5
2018-06-06 19:00:00+00:00,968.0
2018-06-06 20:00:00+00:00,228.25
2018-06-06 21:00:00+00:00,221.0
2018-06-06 22:00:00+00:00,256.25
2018-06-06 23:00:00+00:00,248.25
2018-06-07 00:00:00+00:00,235.5
2018-06-07 01:00:00+00:00,221.25
2018-06-07 02:00:00+00:00,231.5
2018-06-07 03:00:00+00:00,507.5
2018-06-07 04:00:00+00:00,333.75
2018-06-07 05:00:00+00:00,361.25
2018-06-07 06:00:00+00:00,342.0
2018-06-07 07:00:00+00:00,364.5
2018-06-07 08:00:00+00:00,383.75
2018-06-07 09:00:00+00:00,560.25
2018-06-07 10:00:00+00:00,637.75
2018-06-07 11:00:00+00:00,455.25
2018-06-07 12:00:00+00:00,387.25
2018-06-07 13:00:00+00:00,456.0
2018-06-07 14:00:00+00:00,467.5
2018-06-07 15:00:00+00:00,461.75
2018-06-07 16:00:00+00:00,289.0
2018-06-07 17:00:00+00:00,374.0
2018-06-07 18:00:00+00:00,390.0
2018-06-07 19:00:00+00:00,388.75
2018-06-07 20:00:00+00:00,390.75
2018-06-07 21:00:00+00:00,402.25
2018-06-07 22:00:00+00:00,271.0
2018-06-07 23:00:00+00:00,245.75
2018-06-08 00:00:00+00:00,268.5
2018-06-08 01:00:00+00:00,232.0
2018-06-08 02:00:00+00:00,227.75
2018-06-08 03:00:00+00:00,491.0
2018-06-08 04:00:00+00:00,406.0
2018-06-08 05:00:00+00:00,388.0
2018-06-08 06:00:00+00:00,325.0
2018-06-08 07:00:00+00:00,319.0
2018-06-08 08:00:00+00:00,393.75
2018-06-08 09:00:00+00:00,494.25
2018-06-08 10:00:00+00:00,421.5
2018-06-08 11:00:00+00:00,387.5
2018-06-08 12:00:00+00:00,343.75
2018-06-08 13:00:00+00:00,371.75
2018-06-08 14:00:00+00:00,370.75
2018-06-08 15:00:00+00:00,551.0
2018-06-08 16:00:00+00:00,322.25
2018-06-08 17:00:00+00:00,664.5
2018-06-08 18:00:00+00:00,1853.25
2018-06-08 19:00:00+00:00,1626.75
2018-06-08 20:00:00+00:00,643.0
2018-06-08 21:00:00+00:00,447.75
2018-06-08 22:00:00+00:00,301.0
2018-06-08 23:00:00+00:00,280.75
2018-06-09 00:00:00+00:00,247.5
2018-06-09 01:00:00+00:00,267.5
2018-06-09 02:00:00+00:00,225.0
2018-06-09 03:00:00+00:00,243.75
2018-06-09 04:00:00+00:00,330.25
2018-06-09 05:00:00+00:00,500.0
2018-06-09 06:00:00+00:00,488.25
2018-06-09 07:00:00+00:00,358.75
2018-06-09 08:00:00+00:00,416.25
2018-06-09 09:00:00+00:00,490.75
2018-06-09 10:00:00+00:00,664.75
2018-06-09 11:00:00+00:00,1157.75
2018-06-09 12:00:00+00:00,1052.0
2018-06-09 13:00:00+00:00,864.25
2018-06-09 14:00:00+00:00,847.25
2018-06-09 15:00:00+00:00,465.25
2018-06-09 16:00:00+00:00,1234.0
2018-06-09 17:00:00+00:00,2872.25
2018-06-09 18:00:00+00:00,893.5
2018-06-09 19:00:00+00:00,821.75
2018-06-09 20:00:00+00:00,618.0
2018-06-09 21:00:00+00:00,640.25
2018-06-09 22:00:00+00:00,269.0
2018-06-09 23:00:00+00:00,306.75
2018-06-10 00:00:00+00:00,275.25
2018-06-10 01:00:00+00:00,267.0
2018-06-10 02:00:00+00:00,466.5
2018-06-10 03:00:00+00:00,267.0
2018-06-10 04:00:00+00:00,341.75
2018-06-10 05:00:00+00:00,491.5
2018-06-10 06:00:00+00:00,411.75
2018-06-10 07:00:00+00:00,724.5
2018-06-10 08:00:00+00:00,811.5
2018-06-10 09:00:00+00:00,707.25
2018-06-10 10:00:00+00:00,2530.0
2018-06-10 11:00:00+00:00,578.0
2018-06-10 12:00:00+00:00,1758.25
2018-06-10 13:00:00+00:00,1041.25
2018-06-10 14:00:00+00:00,603.75
2018-06-10 15:00:00+00:00,483.75
2018-06-10 16:00:00+00:00,688.5
2018-06-10 17:00:00+00:00,1212.75
2018-06-10 18:00:00+00:00,1150.25
2018-06-10 19:00:00+00:00,671.25
2018-06-10 20:00:00+00:00,641.25
2018-06-10 21:00:00+00:00,554.0
2018-06-10 22:00:00+00:00,366.75
2018-06-10 23:00:00+00:00,277.5
2018-06-11 00:00:00+00:00,253.0
2018-06-11 01:00:00+00:00,269.25
2018-06-11 02:00:00+00:00,241.75
2018-06-11 03:00:00+00:00,330.5
2018-06-11 04:00:00+00:00,340.75
2018-06-11 05:00:00+00:00,831.0
2018-06-11 06:00:00+00:00,1660.75
2018-06-11 07:00:00+00:00,1170.75
2018-06-11 08:00:00+00:00,552.25
2018-06-11 09:00:00+00:00,1943.25
2018-06-11 10:00:00+00:00,918.75
2018-06-11 11:00:00+00:00,588.25
2018-06-11 12:00:00+00:00,431.5
2018-06-11 13:00:00+00:00,454.0
2018-06-11 14:00:00+00:00,1368.0
2018-06-11 15:00:00+00:00,1120.25
2018-06-11 16:00:00+00:00,376.75
2018-06-11 17:00:00+00:00,2229.0
2018-06-11 18:00:00+00:00,1682.5
2018-06-11 19:00:00+00:00,1510.75
2018-06-11 20:00:00+00:00,1786.0
2018-06-11 21:00:00+00:00,1619.0
2018-06-11 22:00:00+00:00,380.25
2018-06-11 23:00:00+00:00,255.0
2018-06-12 00:00:00+00:00,268.25
2018-06-12 01:00:00+00:00,269.5
2018-06-12 02:00:00+00:00,267.5
2018-06-12 03:00:00+00:00,579.0
2018-06-12 04:00:00+00:00,552.0
2018-06-12 05:00:00+00:00,574.25
2018-06-12 06:00:00+00:00,395.75
2018-06-12 07:00:00+00:00,370.0
2018-06-12 08:00:00+00:00,330.5
2018-06-12 09:00:00+00:00,747.25
2018-06-12 10:00:00+00:00,418.75
2018-06-12 11:00:00+00:00,1226.25
2018-06-12 12:00:00+00:00,2771.5
2018-06-12 13:00:00+00:00,663.75
2018-06-12 14:00:00+00:00,418.0
2018-06-12 15:00:00+00:00,1315.75
2018-06-12 16:00:00+00:00,1439.5
2018-06-12 17:00:00+00:00,1079.75
2018-06-12 18:00:00+00:00,404.0
2018-06-12 19:00:00+00:00,646.5
2018-06-12 20:00:00+00:00,598.0
2018-06-12 21:00:00+00:00,397.5
2018-06-12 22:00:00+00:00,272.25
2018-06-12 23:00:00+00:00,276.5
2018-06-13 00:00:00+00:00,262.0
2018-06-13 01:00:00+00:00,270.0
2018-06-13 02:00:00+00:00,233.75
2018-06-13 03:00:00+00:00,389.0
2018-06-13 04:00:00+00:00,395.0
2018-06-13 05:00:00+00:00,482.75
2018-06-13 06:00:00+00:00,476.5
2018-06-13 07:00:00+00:00,406.75
2018-06-13 08:00:00+00:00,476.5
2018-06-13 09:00:00+00:00,737.5
2018-06-13 10:00:00+00:00,1047.5
2018-06-13 11:00:00+00:00,896.25
2018-06-13 12:00:00+00:00,398.0
2018-06-13 13:00:00+00:00,380.0
2018-06-13 14:00:00+00:00,599.0
2018-06-13 15:00:00+00:00,813.75
2018-06-13 16:00:00+00:00,698.0
2018-06-13 17:00:00+00:00,302.0
2018-06-13 18:00:00+00:00,549.5
2018-06-13 19:00:00+00:00,1243.75
2018-06-13 20:00:00+00:00,810.5
2018-06-13 21:00:00+00:00,385.0
2018-06-13 22:00:00+00:00,193.75
2018-06-13 23:00:00+00:00,275.25
2018-06-14 00:00:00+00:00,293.0
2018-06-14 01:00:00+00:00,262.5
2018-06-14 02:00:00+00:00,329.5
2018-06-14 03:00:00+00:00,504.25
2018-06-14 04:00:00+00:00,235.0
2018-06-14 05:00:00+00:00,361.25
2018-06-14 06:00:00+00:00,577.5
2018-06-14 07:00:00+00:00,439.25
2018-06-14 08:00:00+00:00,410.25
2018-06-14 09:00:00+00:00,915.25
2018-06-14 10:00:00+00:00,1507.0
2018-06-14 11:00:00+00:00,784.75
2018-06-14 12:00:00+00:00,1018.5
2018-06-14 13:00:00+00:00,709.5
2018-06-14 14:00:00+00:00,459.5
2018-06-14 15:00:00+00:00,674.25
2018-06-14 16:00:00+00:00,819.5
2018-06-14 17:00:00+00:00,1132.0
2018-06-14 18:00:00+00:00,1472.5
2018-06-14 19:00:00+00:00,1168.0
2018-06-14 20:00:00+00:00,596.25
2018-06-14 21:00:00+00:00,611.5
2018-06-14 22:00:00+00:00,563.0
2018-06-14 23:00:00+00:00,444.25
2018-06-15 00:00:00+00:00,469.25
2018-06-15 01:00:00+00:00,332.75
2018-06-15 02:00:00+00:00,339.25
2018-06-15 03:00:00+00:00,438.25
2018-06-15 04:00:00+00:00,376.75
2018-06-15 05:00:00+00:00,406.0
2018-06-15 06:00:00+00:00,612.75
2018-06-15 07:00:00+00:00,1318.25
2018-06-15 08:00:00+00:00,757.75
2018-06-15 09:00:00+00:00,760.75
2018-06-15 10:00:00+00:00,436.25
2018-06-15 11:00:00+00:00,417.75
2018-06-15 12:00:00+00:00,1506.5
2018-06-15 13:00:00+00:00,444.25
2018-06-15 14:00:00+00:00,688.5
2018-06-15 15:00:00+00:00,1224.0
2018-06-15 16:00:00+00:00,1287.25
2018-06-15 17:00:00+00:00,1265.0
2018-06-15 18:00:00+00:00,1110.0
2018-06-15 19:00:00+00:00,797.5
2018-06-15 20:00:00+00:00,356.25
2018-06-15 21:00:00+00:00,327.0
2018-06-15 22:00:00+00:00,277.5
2018-06-15 23:00:00+00:00,249.0
2018-06-16 00:00:00+00:00,385.5
2018-06-16 01:00:00+00:00,355.5
2018-06-16 02:00:00+00:00,366.0
2018-06-16 03:00:00+00:00,359.5
2018-06-16 04:00:00+00:00,418.25
2018-06-16 05:00:00+00:00,502.25
2018-06-16 06:00:00+00:00,284.75
2018-06-16 07:00:00+00:00,321.75
2018-06-16 08:00:00+00:00,687.0
2018-06-16 09:00:00+00:00,637.5
2018-06-16 10:00:00+00:00,956.75
2018-06-16 11:00:00+00:00,539.75
2018-06-16 12:00:00+00:00,440.0
2018-06-16 13:00:00+00:00,1022.75
2018-06-16 14:00:00+00:00,1057.0
2018-06-16 15:00:00+00:00,915.5
2018-06-16 16:00:00+00:00,914.75
2018-06-16 17:00:00+00:00,1163.25
2018-06-16 18:00:00+00:00,1020.25
2018-06-16 19:00:00+00:00,971.25
2018-06-16 20:00:00+00:00,345.0
2018-06-16 21:00:00+00:00,480.75
2018-06-16 22:00:00+00:00,452.5
2018-06-16 23:00:00+00:00,305.25
2018-06-17 00:00:00+00:00,290.0
2018-06-17 01:00:00+00:00,268.75
2018-06-17 02:00:00+00:00,264.75
2018-06-17 03:00:00+00:00,316.25
2018-06-17 04:00:00+00:00,419.75
2018-06-17 05:00:00+00:00,509.0
2018-06-17 06:00:00+00:00,670.75
2018-06-17 07:00:00+00:00,601.0
2018-06-17 08:00:00+00:00,429.5
2018-06-17 09:00:00+00:00,411.75
2018-06-17 10:00:00+00:00,336.75
2018-06-17 11:00:00+00:00,338.75
2018-06-17 12:00:00+00:00,482.25
2018-06-17 13:00:00+00:00,376.5
2018-06-17 14:00:00+00:00,507.0
2018-06-17 15:00:00+00:00,456.25
2018-06-17 16:00:00+00:00,447.5
2018-06-17 17:00:00+00:00,433.5
2018-06-17 18:00:00+00:00,427.0
2018-06-17 19:00:00+00:00,455.75
2018-06-17 20:00:00+00:00,441.0
2018-06-17 21:00:00+00:00,370.75
2018-06-17 22:00:00+00:00,370.25
2018-06-17 23:00:00+00:00,252.5
2018-06-18 00:00:00+00:00,167.0
2018-06-18 01:00:00+00:00,174.75
2018-06-18 02:00:00+00:00,179.0
2018-06-18 03:00:00+00:00,291.0
2018-06-18 04:00:00+00:00,332.5
2018-06-18 05:00:00+00:00,1425.25
2018-06-18 06:00:00+00:00,440.25
2018-06-18 07:00:00+00:00,1641.75
2018-06-18 08:00:00+00:00,423.75
2018-06-18 09:00:00+00:00,607.0
2018-06-18 10:00:00+00:00,2841.75
2018-06-18 11:00:00+00:00,1096.0
2018-06-18 12:00:00+00:00,455.5
2018-06-18 13:00:00+00:00,473.75
2018-06-18 14:00:00+00:00,452.25
2018-06-18 15:00:00+00:00,540.0
2018-06-18 16:00:00+00:00,519.25
2018-06-18 17:00:00+00:00,1206.25
2018-06-18 18:00:00+00:00,1276.75
2018-06-18 19:00:00+00:00,1353.25
2018-06-18 20:00:00+00:00,814.25
2018-06-18 21:00:00+00:00,608.5
2018-06-18 22:00:00+00:00,380.0
2018-06-18 23:00:00+00:00,285.25
2018-06-19 00:00:00+00:00,315.25
2018-06-19 01:00:00+00:00,396.25
2018-06-19 02:00:00+00:00,381.5
2018-06-19 03:00:00+00:00,519.5
2018-06-19 04:00:00+00:00,335.5
2018-06-19 05:00:00+00:00,430.0
2018-06-19 06:00:00+00:00,392.75
2018-06-19 07:00:00+00:00,727.5
2018-06-19 08:00:00+00:00,383.0
2018-06-19 09:00:00+00:00,541.5
2018-06-19 10:00:00+00:00,463.25
2018-06-19 11:00:00+00:00,397.75
2018-06-19 12:00:00+00:00,372.25
2018-06-19 13:00:00+00:00,395.5
2018-06-19 14:00:00+00:00,406.0
2018-06-19 15:00:00+00:00,811.0
2018-06-19 16:00:00+00:00,404.0
2018-06-19 17:00:00+00:00,491.75
2018-06-19 18:00:00+00:00,489.5
2018-06-19 19:00:00+00:00,471.75
2018-06-19 20:00:00+00:00,504.25
2018-06-19 21:00:00+00:00,404.75
2018-06-19 22:00:00+00:00,232.5
2018-06-19 23:00:00+00:00,243.75
2018-06-20 00:00:00+00:00,237.0
2018-06-20 01:00:00+00:00,216.75
2018-06-20 02:00:00+00:00,246.75
2018-06-20 03:00:00+00:00,403.5
2018-06-20 04:00:00+00:00,332.25
2018-06-20 05:00:00+00:00,410.0
2018-06-20 06:00:00+00:00,772.75
2018-06-20 07:00:00+00:00,518.75
2018-06-20 08:00:00+00:00,748.0
2018-06-20 09:00:00+00:00,836.75
2018-06-20 10:00:00+00:00,528.25
2018-06-20 11:00:00+00:00,355.5
2018-06-20 12:00:00+00:00,358.75
2018-06-20 13:00:00+00:00,325.25
2018-06-20 14:00:00+00:00,770.25
2018-06-20 15:00:00+00:00,1269.25
2018-06-20 16:00:00+00:00,1185.75
2018-06-20 17:00:00+00:00,1825.5
2018-06-20 18:00:00+00:00,960.5
2018-06-20 19:00:00+00:00,313.25
2018-06-20 20:00:00+00:00,387.5
2018-06-20 21:00:00+00:00,412.75
2018-06-20 22:00:00+00:00,380.25
2018-06-20 23:00:00+00:00,315.75
2018-06-21 00:00:00+00:00,270.0
2018-06-21 01:00:00+00:00,260.0
2018-06-21 02:00:00+00:00,249.0
2018-06-21 03:00:00+00:00,362.25
2018-06-21 04:00:00+00:00,391.75
2018-06-21 05:00:00+00:00,351.0
2018-06-21 06:00:00+00:00,1846.5
2018-06-21 07:00:00+00:00,500.5
2018-06-21 08:00:00+00:00,1961.0
2018-06-21 09:00:00+00:00,2637.5
2018-06-21 10:00:00+00:00,922.0
2018-06-21 11:00:00+00:00,773.0
2018-06-21 12:00:00+00:00,870.5
2018-06-21 13:00:00+00:00,579.5
2018-06-21 14:00:00+00:00,1160.25
2018-06-21 15:00:00+00:00,2366.0
2018-06-21 16:00:00+00:00,1373.25
2018-06-21 17:00:00+00:00,1939.75
2018-06-21 18:00:00+00:00,2288.25
2018-06-21 19:00:00+00:00,772.75
2018-06-21 20:00:00+00:00,488.25
2018-06-21 21:00:00+00:00,386.5
2018-06-21 22:00:00+00:00,298.0
2018-06-21 23:00:00+00:00,363.75
2018-06-22 00:00:00+00:00,363.5
2018-06-22 01:00:00+00:00,356.5
2018-06-22 02:00:00+00:00,516.0
2018-06-22 03:00:00+00:00,3584.75
2018-06-22 04:00:00+00:00,556.0
2018-06-22 05:00:00+00:00,329.25
2018-06-22 06:00:00+00:00,277.25
2018-06-22 07:00:00+00:00,369.5
2018-06-22 08:00:00+00:00,366.5
2018-06-22 09:00:00+00:00,694.75
2018-06-22 10:00:00+00:00,737.5
2018-06-22 11:00:00+00:00,367.25
2018-06-22 12:00:00+00:00,473.25
2018-06-22 13:00:00+00:00,418.0
2018-06-22 14:00:00+00:00,356.0
2018-06-22 15:00:00+00:00,1508.0
2018-06-22 16:00:00+00:00,744.0
2018-06-22 17:00:00+00:00,1896.75
2018-06-22 18:00:00+00:00,3341.75
2018-06-22 19:00:00+00:00,1859.25
2018-06-22 20:00:00+00:00,733.25
2018-06-22 21:00:00+00:00,610.0
2018-06-22 22:00:00+00:00,358.0
2018-06-22 23:00:00+00:00,356.0
2018-06-23 00:00:00+00:00,375.0
2018-06-23 01:00:00+00:00,350.0
2018-06-23 02:00:00+00:00,334.25
2018-06-23 03:00:00+00:00,364.0
2018-06-23 04:00:00+00:00,405.5
2018-06-23 05:00:00+00:00,488.75
2018-06-23 06:00:00+00:00,432.0
2018-06-23 07:00:00+00:00,571.0
2018-06-23 08:00:00+00:00,986.75
2018-06-23 09:00:00+00:00,913.0
2018-06-23 10:00:00+00:00,843.25
2018-06-23 11:00:00+00:00,969.0
2018-06-23 12:00:00+00:00,550.5
2018-06-23 13:00:00+00:00,455.75
2018-06-23 14:00:00+00:00,448.0
2018-06-23 15:00:00+00:00,748.5
2018-06-23 16:00:00+00:00,485.75
2018-06-23 17:00:00+00:00,516.75
2018-06-23 18:00:00+00:00,931.0
2018-06-23 19:00:00+00:00,1164.75
2018-06-23 20:00:00+00:00,643.5
2018-06-23 21:00:00+00:00,526.0
2018-06-23 22:00:00+00:00,506.75
2018-06-23 23:00:00+00:00,411.5
2018-06-24 00:00:00+00:00,325.75
2018-06-24 01:00:00+00:00,251.75
2018-06-24 02:00:00+00:00,226.25
2018-06-24 03:00:00+00:00,324.5
2018-06-24 04:00:00+00:00,278.5
2018-06-24 05:00:00+00:00,596.25
2018-06-24 06:00:00+00:00,334.0
2018-06-24 07:00:00+00:00,472.5
2018-06-24 08:00:00+00:00,1059.25
2018-06-24 09:00:00+00:00,1894.5
2018-06-24 10:00:00+00:00,1161.75
2018-06-24 11:00:00+00:00,656.5
2018-06-24 12:00:00+00:00,691.25
2018-06-24 13:00:00+00:00,525.5
2018-06-24 14:00:00+00:00,599.75
2018-06-24 15:00:00+00:00,537.5
2018-06-24 16:00:00+00:00,446.75
2018-06-24 17:00:00+00:00,1009.75
2018-06-24 18:00:00+00:00,703.0
2018-06-24 19:00:00+00:00,1531.75
2018-06-24 20:00:00+00:00,847.0
2018-06-24 21:00:00+00:00,588.25
2018-06-24 22:00:00+00:00,332.5
2018-06-24 23:00:00+00:00,274.25
2018-06-25 00:00:00+00:00,256.75
2018-06-25 01:00:00+00:00,249.75
2018-06-25 02:00:00+00:00,329.0
2018-06-25 03:00:00+00:00,462.25
2018-06-25 04:00:00+00:00,281.5
2018-06-25 05:00:00+00:00,464.25
2018-06-25 06:00:00+00:00,644.0
2018-06-25 07:00:00+00:00,365.0
2018-06-25 08:00:00+00:00,510.0
2018-06-25 09:00:00+00:00,686.5
2018-06-25 10:00:00+00:00,875.75
2018-06-25 11:00:00+00:00,1258.5
2018-06-25 12:00:00+00:00,495.25
2018-06-25 13:00:00+00:00,509.75
2018-06-25 14:00:00+00:00,395.75
2018-06-25 15:00:00+00:00,740.5
2018-06-25 16:00:00+00:00,975.5
2018-06-25 17:00:00+00:00,983.25
2018-06-25 18:00:00+00:00,654.25
2018-06-25 19:00:00+00:00,431.75
2018-06-25 20:00:00+00:00,577.75
2018-06-25 21:00:00+00:00,587.5
2018-06-25 22:00:00+00:00,580.5
2018-06-25 23:00:00+00:00,297.5
2018-06-26 00:00:00+00:00,267.0
2018-06-26 01:00:00+00:00,249.5
2018-06-26 02:00:00+00:00,280.0
2018-06-26 03:00:00+00:00,474.75
2018-06-26 04:00:00+00:00,428.75
2018-06-26 05:00:00+00:00,535.0
2018-06-26 06:00:00+00:00,452.25
2018-06-26 07:00:00+00:00,342.25
2018-06-26 08:00:00+00:00,340.0
2018-06-26 09:00:00+00:00,545.75
2018-06-26 10:00:00+00:00,395.75
2018-06-26 11:00:00+00:00,825.25
2018-06-26 12:00:00+00:00,972.75
2018-06-26 13:00:00+00:00,957.0
2018-06-26 14:00:00+00:00,601.5
2018-06-26 15:00:00+00:00,884.5
2018-06-26 16:00:00+00:00,1197.25
2018-06-26 17:00:00+00:00,1466.0
2018-06-26 18:00:00+00:00,1144.5
2018-06-26 19:00:00+00:00,854.75
2018-06-26 20:00:00+00:00,621.5
2018-06-26 21:00:00+00:00,497.0
2018-06-26 22:00:00+00:00,263.0
2018-06-26 23:00:00+00:00,289.5
2018-06-27 00:00:00+00:00,349.75
2018-06-27 01:00:00+00:00,367.0
2018-06-27 02:00:00+00:00,348.0
2018-06-27 03:00:00+00:00,402.0
2018-06-27 04:00:00+00:00,483.5
2018-06-27 05:00:00+00:00,754.75
2018-06-27 06:00:00+00:00,465.5
2018-06-27 07:00:00+00:00,403.0
2018-06-27 08:00:00+00:00,523.5
2018-06-27 09:00:00+00:00,574.75
2018-06-27 10:00:00+00:00,332.5
2018-06-27 11:00:00+00:00,218.5
2018-06-27 12:00:00+00:00,623.25
2018-06-27 13:00:00+00:00,491.0
2018-06-27 14:00:00+00:00,675.5
2018-06-27 15:00:00+00:00,1735.25
2018-06-27 16:00:00+00:00,1966.25
2018-06-27 17:00:00+00:00,1852.75
2018-06-27 18:00:00+00:00,1072.25
2018-06-27 19:00:00+00:00,746.0
2018-06-27 20:00:00+00:00,665.75
2018-06-27 21:00:00+00:00,597.75
2018-06-27 22:00:00+00:00,492.75
2018-06-27 23:00:00+00:00,357.75
2018-06-28 00:00:00+00:00,375.5
2018-06-28 01:00:00+00:00,362.5
2018-06-28 02:00:00+00:00,356.5
2018-06-28 03:00:00+00:00,468.0
2018-06-28 04:00:00+00:00,479.5
2018-06-28 05:00:00+00:00,550.25
2018-06-28 06:00:00+00:00,316.0
2018-06-28 07:00:00+00:00,486.25
2018-06-28 08:00:00+00:00,403.75
2018-06-28 09:00:00+00:00,621.75
2018-06-28 10:00:00+00:00,378.0
2018-06-28 11:00:00+00:00,388.75
2018-06-28 12:00:00+00:00,1747.5
2018-06-28 13:00:00+00:00,602.5
2018-06-28 14:00:00+00:00,1620.25
2018-06-28 15:00:00+00:00,2533.5
2018-06-28 16:00:00+00:00,525.75
2018-06-28 17:00:00+00:00,1174.75
2018-06-28 18:00:00+00:00,651.5
2018-06-28 19:00:00+00:00,637.25
2018-06-28 20:00:00+00:00,480.5
2018-06-28 21:00:00+00:00,303.75
2018-06-28 22:00:00+00:00,182.75
2018-06-28 23:00:00+00:00,196.25
2018-06-29 00:00:00+00:00,164.25
2018-06-29 01:00:00+00:00,173.0
2018-06-29 02:00:00+00:00,199.0
2018-06-29 03:00:00+00:00,328.5
2018-06-29 04:00:00+00:00,254.25
2018-06-29 05:00:00+00:00,425.5
2018-06-29 06:00:00+00:00,1285.75
2018-06-29 07:00:00+00:00,1262.25
2018-06-29 08:00:00+00:00,839.25
2018-06-29 09:00:00+00:00,2156.25
2018-06-29 10:00:00+00:00,483.5
2018-06-29 11:00:00+00:00,528.75
2018-06-29 12:00:00+00:00,372.75
2018-06-29 13:00:00+00:00,501.75
2018-06-29 14:00:00+00:00,1509.25
2018-06-29 15:00:00+00:00,1969.75
2018-06-29 16:00:00+00:00,2659.75
2018-06-29 17:00:00+00:00,1111.25
2018-06-29 18:00:00+00:00,853.0
2018-06-29 19:00:00+00:00,361.0
2018-06-29 20:00:00+00:00,595.5
2018-06-29 21:00:00+00:00,435.5
2018-06-29 22:00:00+00:00,344.5
2018-06-29 23:00:00+00:00,254.25
2018-06-30 00:00:00+00:00,264.0
2018-06-30 01:00:00+00:00,268.25
2018-06-30 02:00:00+00:00,253.5
2018-06-30 03:00:00+00:00,322.0
2018-06-30 04:00:00+00:00,397.0
2018-06-30 05:00:00+00:00,517.75
2018-06-30 06:00:00+00:00,396.25
2018-06-30 07:00:00+00:00,546.5
2018-06-30 08:00:00+00:00,634.75
2018-06-30 09:00:00+00:00,801.25
2018-06-30 10:00:00+00:00,692.5
2018-06-30 11:00:00+00:00,562.5
2018-06-30 12:00:00+00:00,575.75
2018-06-30 13:00:00+00:00,485.75
2018-06-30 14:00:00+00:00,431.75
2018-06-30 15:00:00+00:00,567.0
2018-06-30 16:00:00+00:00,424.0
2018-06-30 17:00:00+00:00,397.75
2018-06-30 18:00:00+00:00,353.25
2018-06-30 19:00:00+00:00,602.75
2018-06-30 20:00:00+00:00,523.0
2018-06-30 21:00:00+00:00,430.5
2018-06-30 22:00:00+00:00,316.25
2018-06-30 23:00:00+00:00,296.5
2018-07-01 00:00:00+00:00,258.25
2018-07-01 01:00:00+00:00,312.25
2018-07-01 02:00:00+00:00,766.5
2018-07-01 03:00:00+00:00,861.25
2018-07-01 04:00:00+00:00,385.5
2018-07-01 05:00:00+00:00,466.0
2018-07-01 06:00:00+00:00,453.5
2018-07-01 07:00:00+00:00,1272.0
2018-07-01 08:00:00+00:00,1419.75
2018-07-01 09:00:00+00:00,692.5
2018-07-01 10:00:00+00:00,638.25
2018-07-01 11:00:00+00:00,624.5
2018-07-01 12:00:00+00:00,1131.75
2018-07-01 13:00:00+00:00,1867.5
2018-07-01 14:00:00+00:00,1569.75
2018-07-01 15:00:00+00:00,455.75
2018-07-01 16:00:00+00:00,560.5
2018-07-01 17:00:00+00:00,3495.75
2018-07-01 18:00:00+00:00,1879.75
2018-07-01 19:00:00+00:00,963.75
2018-07-01 20:00:00+00:00,2554.25
2018-07-01 21:00:00+00:00,683.5
2018-07-01 22:00:00+00:00,326.5
2018-07-01 23:00:00+00:00,309.75
2018-07-02 00:00:00+00:00,406.5
2018-07-02 01:00:00+00:00,402.5
2018-07-02 02:00:00+00:00,463.5
2018-07-02 03:00:00+00:00,901.5
2018-07-02 04:00:00+00:00,396.75
2018-07-02 05:00:00+00:00,427.25
2018-07-02 06:00:00+00:00,378.25
2018-07-02 07:00:00+00:00,483.5
2018-07-02 08:00:00+00:00,466.25
2018-07-02 09:00:00+00:00,600.75
2018-07-02 10:00:00+00:00,796.75
2018-07-02 11:00:00+00:00,370.0
2018-07-02 12:00:00+00:00,343.0
2018-07-02 13:00:00+00:00,325.0
2018-07-02 14:00:00+00:00,418.25
2018-07-02 15:00:00+00:00,691.5
2018-07-02 16:00:00+00:00,388.75
2018-07-02 17:00:00+00:00,1103.25
2018-07-02 18:00:00+00:00,1074.75
2018-07-02 19:00:00+00:00,1126.25
2018-07-02 20:00:00+00:00,720.0
2018-07-02 21:00:00+00:00,300.0
2018-07-02 22:00:00+00:00,300.75
2018-07-02 23:00:00+00:00,268.0
2018-07-03 00:00:00+00:00,278.5
2018-07-03 01:00:00+00:00,396.0
2018-07-03 02:00:00+00:00,483.0
2018-07-03 03:00:00+00:00,698.5
2018-07-03 04:00:00+00:00,417.25
2018-07-03 05:00:00+00:00,410.5
2018-07-03 06:00:00+00:00,375.75
2018-07-03 07:00:00+00:00,387.25
2018-07-03 08:00:00+00:00,431.5
2018-07-03 09:00:00+00:00,857.75
2018-07-03 10:00:00+00:00,468.75
2018-07-03 11:00:00+00:00,440.5
2018-07-03 12:00:00+00:00,458.5
2018-07-03 13:00:00+00:00,458.75
2018-07-03 14:00:00+00:00,382.75
2018-07-03 15:00:00+00:00,533.0
2018-07-03 16:00:00+00:00,380.25
2018-07-03 17:00:00+00:00,387.0
2018-07-03 18:00:00+00:00,1164.25
2018-07-03 19:00:00+00:00,3578.5
2018-07-03 20:00:00+00:00,1600.5
2018-07-03 21:00:00+00:00,786.5
2018-07-03 22:00:00+00:00,342.75
2018-07-03 23:00:00+00:00,279.75
2018-07-04 00:00:00+00:00,321.5
2018-07-04 01:00:00+00:00,378.5
2018-07-04 02:00:00+00:00,491.25
2018-07-04 03:00:00+00:00,901.5
2018-07-04 04:00:00+00:00,440.25
2018-07-04 05:00:00+00:00,432.0
2018-07-04 06:00:00+00:00,414.5
2018-07-04 07:00:00+00:00,427.5
2018-07-04 08:00:00+00:00,376.0
2018-07-04 09:00:00+00:00,592.0
2018-07-04 10:00:00+00:00,442.75
2018-07-04 11:00:00+00:00,421.0
2018-07-04 12:00:00+00:00,703.5
2018-07-04 13:00:00+00:00,704.5
2018-07-04 14:00:00+00:00,549.0
2018-07-04 15:00:00+00:00,539.25
2018-07-04 16:00:00+00:00,501.5
2018-07-04 17:00:00+00:00,988.5
2018-07-04 18:00:00+00:00,1068.25
2018-07-04 19:00:00+00:00,1000.25
2018-07-04 20:00:00+00:00,637.75
2018-07-04 21:00:00+00:00,429.5
2018-07-04 22:00:00+00:00,313.0
2018-07-04 23:00:00+00:00,282.25
2018-07-05 00:00:00+00:00,273.0
2018-07-05 01:00:00+00:00,299.75
2018-07-05 02:00:00+00:00,347.25
2018-07-05 03:00:00+00:00,572.0
2018-07-05 04:00:00+00:00,470.75
2018-07-05 05:00:00+00:00,386.25
2018-07-05 06:00:00+00:00,412.25
2018-07-05 07:00:00+00:00,387.0
2018-07-05 08:00:00+00:00,426.0
2018-07-05 09:00:00+00:00,625.5
2018-07-05 10:00:00+00:00,454.0
2018-07-05 11:00:00+00:00,427.75
2018-07-05 12:00:00+00:00,465.25
2018-07-05 13:00:00+00:00,406.0
2018-07-05 14:00:00+00:00,435.0
2018-07-05 15:00:00+00:00,589.25
2018-07-05 16:00:00+00:00,581.5
2018-07-05 17:00:00+00:00,695.0
2018-07-05 18:00:00+00:00,372.0
2018-07-05 19:00:00+00:00,547.0
2018-07-05 20:00:00+00:00,650.0
2018-07-05 21:00:00+00:00,436.0
2018-07-05 22:00:00+00:00,293.25
2018-07-05 23:00:00+00:00,253.75
2018-07-06 00:00:00+00:00,203.25
2018-07-06 01:00:00+00:00,187.75
2018-07-06 02:00:00+00:00,191.75
2018-07-06 03:00:00+00:00,976.0
2018-07-06 04:00:00+00:00,768.25
2018-07-06 05:00:00+00:00,983.0
2018-07-06 06:00:00+00:00,740.5
2018-07-06 07:00:00+00:00,316.5
2018-07-06 08:00:00+00:00,355.75
2018-07-06 09:00:00+00:00,588.75
2018-07-06 10:00:00+00:00,464.5
2018-07-06 11:00:00+00:00,480.0
2018-07-06 12:00:00+00:00,475.5
2018-07-06 13:00:00+00:00,478.5
2018-07-06 14:00:00+00:00,547.0
2018-07-06 15:00:00+00:00,516.25
2018-07-06 16:00:00+00:00,754.75
2018-07-06 17:00:00+00:00,1612.75
2018-07-06 18:00:00+00:00,1114.0
2018-07-06 19:00:00+00:00,1665.0
2018-07-06 20:00:00+00:00,1395.75
2018-07-06 21:00:00+00:00,743.0
2018-07-06 22:00:00+00:00,311.0
2018-07-06 23:00:00+00:00,278.0
2018-07-07 00:00:00+00:00,297.75
2018-07-07 01:00:00+00:00,375.5
2018-07-07 02:00:00+00:00,376.0
2018-07-07 03:00:00+00:00,400.75
2018-07-07 04:00:00+00:00,699.0
2018-07-07 05:00:00+00:00,611.0
2018-07-07 06:00:00+00:00,1404.5
2018-07-07 07:00:00+00:00,610.25
2018-07-07 08:00:00+00:00,771.5
2018-07-07 09:00:00+00:00,1057.25
2018-07-07 10:00:00+00:00,1339.25
2018-07-07 11:00:00+00:00,1484.5
2018-07-07 12:00:00+00:00,960.0
2018-07-07 13:00:00+00:00,495.0
2018-07-07 14:00:00+00:00,582.75
2018-07-07 15:00:00+00:00,564.5
2018-07-07 16:00:00+00:00,972.0
2018-07-07 17:00:00+00:00,1137.25
2018-07-07 18:00:00+00:00,2071.0
2018-07-07 19:00:00+00:00,1302.75
2018-07-07 20:00:00+00:00,591.25
2018-07-07 21:00:00+00:00,396.25
2018-07-07 22:00:00+00:00,356.75
2018-07-07 23:00:00+00:00,285.25
2018-07-08 00:00:00+00:00,335.25
2018-07-08 01:00:00+00:00,399.5
2018-07-08 02:00:00+00:00,373.0
2018-07-08 03:00:00+00:00,377.5
2018-07-08 04:00:00+00:00,313.0
2018-07-08 05:00:00+00:00,577.25
2018-07-08 06:00:00+00:00,412.5
2018-07-08 07:00:00+00:00,473.25
2018-07-08 08:00:00+00:00,664.75
2018-07-08 09:00:00+00:00,744.0
2018-07-08 10:00:00+00:00,859.0
2018-07-08 11:00:00+00:00,1005.25
2018-07-08 12:00:00+00:00,989.0
2018-07-08 13:00:00+00:00,515.25
2018-07-08 14:00:00+00:00,852.75
2018-07-08 15:00:00+00:00,1329.25
2018-07-08 16:00:00+00:00,1558.25
2018-07-08 17:00:00+00:00,1399.25
2018-07-08 18:00:00+00:00,1148.5
2018-07-08 19:00:00+00:00,502.0
2018-07-08 20:00:00+00:00,593.25
2018-07-08 21:00:00+00:00,423.75
2018-07-08 22:00:00+00:00,381.0
2018-07-08 23:00:00+00:00,313.0
2018-07-09 00:00:00+00:00,324.25
2018-07-09 01:00:00+00:00,313.75
2018-07-09 02:00:00+00:00,489.25
2018-07-09 03:00:00+00:00,1598.25
2018-07-09 04:00:00+00:00,557.0
2018-07-09 05:00:00+00:00,446.75
2018-07-09 06:00:00+00:00,420.0
2018-07-09 07:00:00+00:00,407.25
2018-07-09 08:00:00+00:00,380.25
2018-07-09 09:00:00+00:00,575.0
2018-07-09 10:00:00+00:00,522.25
2018-07-09 11:00:00+00:00,547.0
2018-07-09 12:00:00+00:00,433.75
2018-07-09 13:00:00+00:00,470.25
2018-07-09 14:00:00+00:00,472.75
2018-07-09 15:00:00+00:00,544.5
2018-07-09 16:00:00+00:00,422.75
2018-07-09 17:00:00+00:00,753.75
2018-07-09 18:00:00+00:00,1406.75
2018-07-09 19:00:00+00:00,962.75
2018-07-09 20:00:00+00:00,648.5
2018-07-09 21:00:00+00:00,344.75
2018-07-09 22:00:00+00:00,297.0
2018-07-09 23:00:00+00:00,308.0
2018-07-10 00:00:00+00:00,269.25
2018-07-10 01:00:00+00:00,282.5
2018-07-10 02:00:00+00:00,409.0
2018-07-10 03:00:00+00:00,736.5
2018-07-10 04:00:00+00:00,370.25
2018-07-10 05:00:00+00:00,430.0
2018-07-10 06:00:00+00:00,363.75
2018-07-10 07:00:00+00:00,367.75
2018-07-10 08:00:00+00:00,318.0
2018-07-10 09:00:00+00:00,561.5
2018-07-10 10:00:00+00:00,574.0
2018-07-10 11:00:00+00:00,492.75
2018-07-10 12:00:00+00:00,680.75
2018-07-10 13:00:00+00:00,497.75
2018-07-10 14:00:00+00:00,523.5
2018-07-10 15:00:00+00:00,837.5
2018-07-10 16:00:00+00:00,889.75
2018-07-10 17:00:00+00:00,508.0
2018-07-10 18:00:00+00:00,345.25
2018-07-10 19:00:00+00:00,536.0
2018-07-10 20:00:00+00:00,392.5
2018-07-10 21:00:00+00:00,266.25
2018-07-10 22:00:00+00:00,389.5
2018-07-10 23:00:00+00:00,381.25
2018-07-11 00:00:00+00:00,367.5
2018-07-11 01:00:00+00:00,392.5
2018-07-11 02:00:00+00:00,391.75
2018-07-11 03:00:00+00:00,612.75
2018-07-11 04:00:00+00:00,621.5
2018-07-11 05:00:00+00:00,1293.0
2018-07-11 06:00:00+00:00,491.0
2018-07-11 07:00:00+00:00,350.25
2018-07-11 08:00:00+00:00,428.25
2018-07-11 09:00:00+00:00,460.75
2018-07-11 10:00:00+00:00,417.0
2018-07-11 11:00:00+00:00,368.0
2018-07-11 12:00:00+00:00,537.75
2018-07-11 13:00:00+00:00,378.5
2018-07-11 14:00:00+00:00,386.0
2018-07-11 15:00:00+00:00,926.75
2018-07-11 16:00:00+00:00,961.5
2018-07-11 17:00:00+00:00,639.5
2018-07-11 18:00:00+00:00,480.5
2018-07-11 19:00:00+00:00,855.0
2018-07-11 20:00:00+00:00,589.75
2018-07-11 21:00:00+00:00,361.25
2018-07-11 22:00:00+00:00,467.5
2018-07-11 23:00:00+00:00,445.75
2018-07-12 00:00:00+00:00,451.0
2018-07-12 01:00:00+00:00,457.25
2018-07-12 02:00:00+00:00,600.0
2018-07-12 03:00:00+00:00,934.0
2018-07-12 04:00:00+00:00,492.0
2018-07-12 05:00:00+00:00,481.25
2018-07-12 06:00:00+00:00,488.25
2018-07-12 07:00:00+00:00,440.75
2018-07-12 08:00:00+00:00,482.0
2018-07-12 09:00:00+00:00,1228.75
2018-07-12 10:00:00+00:00,973.25
2018-07-12 11:00:00+00:00,488.0
2018-07-12 12:00:00+00:00,569.5
2018-07-12 13:00:00+00:00,492.0
2018-07-12 14:00:00+00:00,445.5
2018-07-12 15:00:00+00:00,709.5
2018-07-12 16:00:00+00:00,780.25
2018-07-12 17:00:00+00:00,651.0
2018-07-12 18:00:00+00:00,339.0
2018-07-12 19:00:00+00:00,444.25
2018-07-12 20:00:00+00:00,476.0
2018-07-12 21:00:00+00:00,347.5
2018-07-12 22:00:00+00:00,223.0
2018-07-12 23:00:00+00:00,234.75
2018-07-13 00:00:00+00:00,291.25
2018-07-13 01:00:00+00:00,282.75
2018-07-13 02:00:00+00:00,312.5
2018-07-13 03:00:00+00:00,559.0
2018-07-13 04:00:00+00:00,226.25
2018-07-13 05:00:00+00:00,357.5
2018-07-13 06:00:00+00:00,363.25
2018-07-13 07:00:00+00:00,313.5
2018-07-13 08:00:00+00:00,391.75
2018-07-13 09:00:00+00:00,665.0
2018-07-13 10:00:00+00:00,441.5
2018-07-13 11:00:00+00:00,452.75
2018-07-13 12:00:00+00:00,427.75
2018-07-13 13:00:00+00:00,455.0
2018-07-13 14:00:00+00:00,521.0
2018-07-13 15:00:00+00:00,1032.5
2018-07-13 16:00:00+00:00,1334.25
2018-07-13 17:00:00+00:00,1361.5
2018-07-13 18:00:00+00:00,1188.5
2018-07-13 19:00:00+00:00,967.5
2018-07-13 20:00:00+00:00,1899.0
2018-07-13 21:00:00+00:00,634.5
2018-07-13 22:00:00+00:00,402.75
2018-07-13 23:00:00+00:00,349.25
2018-07-14 00:00:00+00:00,272.0
2018-07-14 01:00:00+00:00,212.75
2018-07-14 02:00:00+00:00,233.0
2018-07-14 03:00:00+00:00,368.25
2018-07-14 04:00:00+00:00,393.5
2018-07-14 05:00:00+00:00,617.25
2018-07-14 06:00:00+00:00,603.5
2018-07-14 07:00:00+00:00,752.25
2018-07-14 08:00:00+00:00,713.5
2018-07-14 09:00:00+00:00,1070.5
2018-07-14 10:00:00+00:00,753.75
2018-07-14 11:00:00+00:00,568.0
2018-07-14 12:00:00+00:00,593.25
2018-07-14 13:00:00+00:00,494.25
2018-07-14 14:00:00+00:00,369.5
2018-07-14 15:00:00+00:00,457.0
2018-07-14 16:00:00+00:00,336.25
2018-07-14 17:00:00+00:00,276.25
2018-07-14 18:00:00+00:00,299.0
2018-07-14 19:00:00+00:00,638.75
2018-07-14 20:00:00+00:00,649.75
2018-07-14 21:00:00+00:00,432.75
2018-07-14 22:00:00+00:00,355.5
2018-07-14 23:00:00+00:00,245.5
2018-07-15 00:00:00+00:00,220.75
2018-07-15 01:00:00+00:00,205.5
2018-07-15 02:00:00+00:00,309.75
2018-07-15 03:00:00+00:00,1243.5
2018-07-15 04:00:00+00:00,929.0
2018-07-15 05:00:00+00:00,673.25
2018-07-15 06:00:00+00:00,519.0
2018-07-15 07:00:00+00:00,476.75
2018-07-15 08:00:00+00:00,508.75
2018-07-15 09:00:00+00:00,1100.0
2018-07-15 10:00:00+00:00,1955.25
2018-07-15 11:00:00+00:00,506.0
2018-07-15 12:00:00+00:00,1187.25
2018-07-15 13:00:00+00:00,1707.25
2018-07-15 14:00:00+00:00,3532.75
2018-07-15 15:00:00+00:00,542.0
2018-07-15 16:00:00+00:00,2197.5
2018-07-15 17:00:00+00:00,1148.5
2018-07-15 18:00:00+00:00,2883.5
2018-07-15 19:00:00+00:00,1402.75
2018-07-15 20:00:00+00:00,1772.5
2018-07-15 21:00:00+00:00,596.0
2018-07-15 22:00:00+00:00,354.5
2018-07-15 23:00:00+00:00,314.5
2018-07-16 00:00:00+00:00,187.75
2018-07-16 01:00:00+00:00,229.0
2018-07-16 02:00:00+00:00,555.75
2018-07-16 03:00:00+00:00,538.25
2018-07-16 04:00:00+00:00,900.0
2018-07-16 05:00:00+00:00,432.0
2018-07-16 06:00:00+00:00,434.25
2018-07-16 07:00:00+00:00,654.0
2018-07-16 08:00:00+00:00,486.0
2018-07-16 09:00:00+00:00,467.5
2018-07-16 10:00:00+00:00,715.25
2018-07-16 11:00:00+00:00,373.0
2018-07-16 12:00:00+00:00,726.75
2018-07-16 13:00:00+00:00,679.5
2018-07-16 14:00:00+00:00,2286.75
2018-07-16 15:00:00+00:00,577.5
2018-07-16 16:00:00+00:00,858.25
2018-07-16 17:00:00+00:00,1820.5
2018-07-16 18:00:00+00:00,1386.25
2018-07-16 19:00:00+00:00,860.5
2018-07-16 20:00:00+00:00,1529.5
2018-07-16 21:00:00+00:00,396.5
2018-07-16 22:00:00+00:00,259.5
2018-07-16 23:00:00+00:00,200.75
2018-07-17 00:00:00+00:00,185.25
2018-07-17 01:00:00+00:00,167.25
2018-07-17 02:00:00+00:00,250.75
2018-07-17 03:00:00+00:00,798.0
2018-07-17 04:00:00+00:00,382.5
2018-07-17 05:00:00+00:00,431.5
2018-07-17 06:00:00+00:00,405.25
2018-07-17 07:00:00+00:00,383.25
2018-07-17 08:00:00+00:00,343.5
2018-07-17 09:00:00+00:00,534.0
2018-07-17 10:00:00+00:00,358.75
2018-07-17 11:00:00+00:00,324.0
2018-07-17 12:00:00+00:00,384.0
2018-07-17 13:00:00+00:00,454.75
2018-07-17 14:00:00+00:00,423.25
2018-07-17 15:00:00+00:00,1576.0
2018-07-17 16:00:00+00:00,762.0
2018-07-17 17:00:00+00:00,375.75
2018-07-17 18:00:00+00:00,922.5
2018-07-17 19:00:00+00:00,946.25
2018-07-17 20:00:00+00:00,789.5
2018-07-17 21:00:00+00:00,421.25
2018-07-17 22:00:00+00:00,262.75
2018-07-17 23:00:00+00:00,206.5
2018-07-18 00:00:00+00:00,183.0
2018-07-18 01:00:00+00:00,289.5
2018-07-18 02:00:00+00:00,644.5
2018-07-18 03:00:00+00:00,711.5
2018-07-18 04:00:00+00:00,406.0
2018-07-18 05:00:00+00:00,396.5
2018-07-18 06:00:00+00:00,385.5
2018-07-18 07:00:00+00:00,412.5
2018-07-18 08:00:00+00:00,307.5
2018-07-18 09:00:00+00:00,693.5
2018-07-18 10:00:00+00:00,489.5
2018-07-18 11:00:00+00:00,442.25
2018-07-18 12:00:00+00:00,596.25
2018-07-18 13:00:00+00:00,453.75
2018-07-18 14:00:00+00:00,411.0
2018-07-18 15:00:00+00:00,1220.0
2018-07-18 16:00:00+00:00,1255.25
2018-07-18 17:00:00+00:00,1709.25
2018-07-18 18:00:00+00:00,1274.75
2018-07-18 19:00:00+00:00,805.0
2018-07-18 20:00:00+00:00,394.25
2018-07-18 21:00:00+00:00,305.25
2018-07-18 22:00:00+00:00,265.0
2018-07-18 23:00:00+00:00,779.75
2018-07-19 00:00:00+00:00,879.75
2018-07-19 01:00:00+00:00,600.5
2018-07-19 02:00:00+00:00,578.75
2018-07-19 03:00:00+00:00,1914.75
2018-07-19 04:00:00+00:00,425.5
2018-07-19 05:00:00+00:00,438.0
2018-07-19 06:00:00+00:00,370.25
2018-07-19 07:00:00+00:00,367.75
2018-07-19 08:00:00+00:00,338.25
2018-07-19 09:00:00+00:00,578.25
2018-07-19 10:00:00+00:00,452.0
2018-07-19 11:00:00+00:00,498.5
2018-07-19 12:00:00+00:00,545.5
2018-07-19 13:00:00+00:00,523.5
2018-07-19 14:00:00+00:00,752.25
2018-07-19 15:00:00+00:00,1267.25
2018-07-19 16:00:00+00:00,531.75
2018-07-19 17:00:00+00:00,1228.75
2018-07-19 18:00:00+00:00,1525.25
2018-07-19 19:00:00+00:00,1136.75
2018-07-19 20:00:00+00:00,428.0
2018-07-19 21:00:00+00:00,155.0
2018-07-19 22:00:00+00:00,210.5
2018-07-19 23:00:00+00:00,300.5
2018-07-20 00:00:00+00:00,274.0
2018-07-20 01:00:00+00:00,350.75
2018-07-20 02:00:00+00:00,371.5
2018-07-20 03:00:00+00:00,654.0
2018-07-20 04:00:00+00:00,1370.0
2018-07-20 05:00:00+00:00,926.75
2018-07-20 06:00:00+00:00,389.0
2018-07-20 07:00:00+00:00,338.75
2018-07-20 08:00:00+00:00,267.0
2018-07-20 09:00:00+00:00,566.75
2018-07-20 10:00:00+00:00,451.5
2018-07-20 11:00:00+00:00,408.0
2018-07-20 12:00:00+00:00,358.75
2018-07-20 13:00:00+00:00,341.25
2018-07-20 14:00:00+00:00,378.5
2018-07-20 15:00:00+00:00,987.0
2018-07-20 16:00:00+00:00,956.5
2018-07-20 17:00:00+00:00,1009.5
2018-07-20 18:00:00+00:00,1011.25
2018-07-20 19:00:00+00:00,744.75
2018-07-20 20:00:00+00:00,491.75
2018-07-20 21:00:00+00:00,374.5
2018-07-20 22:00:00+00:00,278.25
2018-07-20 23:00:00+00:00,279.5
2018-07-21 00:00:00+00:00,271.5
2018-07-21 01:00:00+00:00,272.25
2018-07-21 02:00:00+00:00,283.0
2018-07-21 03:00:00+00:00,263.5
2018-07-21 04:00:00+00:00,500.5
2018-07-21 05:00:00+00:00,422.0
2018-07-21 06:00:00+00:00,319.0
2018-07-21 07:00:00+00:00,341.25
2018-07-21 08:00:00+00:00,409.0
2018-07-21 09:00:00+00:00,371.25
2018-07-21 10:00:00+00:00,446.25
2018-07-21 11:00:00+00:00,554.25
2018-07-21 12:00:00+00:00,1898.5
2018-07-21 13:00:00+00:00,1799.5
2018-07-21 14:00:00+00:00,3040.25
2018-07-21 15:00:00+00:00,1441.5
2018-07-21 16:00:00+00:00,1133.75
2018-07-21 17:00:00+00:00,649.5
2018-07-21 18:00:00+00:00,372.75
2018-07-21 19:00:00+00:00,551.0
2018-07-21 20:00:00+00:00,764.5
2018-07-21 21:00:00+00:00,576.5
2018-07-21 22:00:00+00:00,312.0
2018-07-21 23:00:00+00:00,302.5
2018-07-22 00:00:00+00:00,297.0
2018-07-22 01:00:00+00:00,284.25
2018-07-22 02:00:00+00:00,302.5
2018-07-22 03:00:00+00:00,349.25
2018-07-22 04:00:00+00:00,2616.75
2018-07-22 05:00:00+00:00,1810.0
2018-07-22 06:00:00+00:00,596.25
2018-07-22 07:00:00+00:00,407.25
2018-07-22 08:00:00+00:00,2516.75
2018-07-22 09:00:00+00:00,3516.5
2018-07-22 10:00:00+00:00,1304.75
2018-07-22 11:00:00+00:00,853.5
2018-07-22 12:00:00+00:00,875.25
2018-07-22 13:00:00+00:00,676.0
2018-07-22 14:00:00+00:00,523.0
2018-07-22 15:00:00+00:00,833.25
2018-07-22 16:00:00+00:00,637.75
2018-07-22 17:00:00+00:00,374.75
2018-07-22 18:00:00+00:00,546.75
2018-07-22 19:00:00+00:00,1191.0
2018-07-22 20:00:00+00:00,562.25
2018-07-22 21:00:00+00:00,486.75
2018-07-22 22:00:00+00:00,293.75
2018-07-22 23:00:00+00:00,277.5
2018-07-23 00:00:00+00:00,252.0
2018-07-23 01:00:00+00:00,279.0
2018-07-23 02:00:00+00:00,558.75
2018-07-23 03:00:00+00:00,581.75
2018-07-23 04:00:00+00:00,384.75
2018-07-23 05:00:00+00:00,405.75
2018-07-23 06:00:00+00:00,384.5
2018-07-23 07:00:00+00:00,380.5
2018-07-23 08:00:00+00:00,378.0
2018-07-23 09:00:00+00:00,602.75
2018-07-23 10:00:00+00:00,442.0
2018-07-23 11:00:00+00:00,405.0
2018-07-23 12:00:00+00:00,381.75
2018-07-23 13:00:00+00:00,367.5
2018-07-23 14:00:00+00:00,399.25
2018-07-23 15:00:00+00:00,549.25
2018-07-23 16:00:00+00:00,1174.0
2018-07-23 17:00:00+00:00,1064.5
2018-07-23 18:00:00+00:00,474.25
2018-07-23 19:00:00+00:00,746.0
2018-07-23 20:00:00+00:00,1496.5
2018-07-23 21:00:00+00:00,451.0
2018-07-23 22:00:00+00:00,278.0
2018-07-23 23:00:00+00:00,283.25
2018-07-24 00:00:00+00:00,280.5
2018-07-24 01:00:00+00:00,271.5
2018-07-24 02:00:00+00:00,273.75
2018-07-24 03:00:00+00:00,819.0
2018-07-24 04:00:00+00:00,372.25
2018-07-24 05:00:00+00:00,415.25
2018-07-24 06:00:00+00:00,362.5
2018-07-24 07:00:00+00:00,376.0
2018-07-24 08:00:00+00:00,392.25
2018-07-24 09:00:00+00:00,586.75
2018-07-24 10:00:00+00:00,484.5
2018-07-24 11:00:00+00:00,412.75
2018-07-24 12:00:00+00:00,446.5
2018-07-24 13:00:00+00:00,549.5
2018-07-24 14:00:00+00:00,471.5
2018-07-24 15:00:00+00:00,502.5
2018-07-24 16:00:00+00:00,460.5
2018-07-24 17:00:00+00:00,2226.5
2018-07-24 18:00:00+00:00,1774.0
2018-07-24 19:00:00+00:00,1195.75
2018-07-24 20:00:00+00:00,2435.0
2018-07-24 21:00:00+00:00,530.5
2018-07-24 22:00:00+00:00,286.75
2018-07-24 23:00:00+00:00,306.75
2018-07-25 00:00:00+00:00,263.0
2018-07-25 01:00:00+00:00,271.5
2018-07-25 02:00:00+00:00,283.0
2018-07-25 03:00:00+00:00,1069.25
2018-07-25 04:00:00+00:00,395.25
2018-07-25 05:00:00+00:00,400.75
2018-07-25 06:00:00+00:00,344.75
2018-07-25 07:00:00+00:00,369.25
2018-07-25 08:00:00+00:00,402.0
2018-07-25 09:00:00+00:00,587.0
2018-07-25 10:00:00+00:00,445.25
2018-07-25 11:00:00+00:00,430.25
2018-07-25 12:00:00+00:00,425.5
2018-07-25 13:00:00+00:00,418.25
2018-07-25 14:00:00+00:00,393.0
2018-07-25 15:00:00+00:00,535.5
2018-07-25 16:00:00+00:00,431.75
2018-07-25 17:00:00+00:00,620.5
2018-07-25 18:00:00+00:00,1481.5
2018-07-25 19:00:00+00:00,1328.75
2018-07-25 20:00:00+00:00,843.5
2018-07-25 21:00:00+00:00,413.25
2018-07-25 22:00:00+00:00,184.75
2018-07-25 23:00:00+00:00,179.0
2018-07-26 00:00:00+00:00,269.0
2018-07-26 01:00:00+00:00,298.25
2018-07-26 02:00:00+00:00,378.75
2018-07-26 03:00:00+00:00,703.0
2018-07-26 04:00:00+00:00,345.75
2018-07-26 05:00:00+00:00,430.25
2018-07-26 06:00:00+00:00,400.25
2018-07-26 07:00:00+00:00,382.0
2018-07-26 08:00:00+00:00,389.5
2018-07-26 09:00:00+00:00,596.0
2018-07-26 10:00:00+00:00,438.0
2018-07-26 11:00:00+00:00,428.0
2018-07-26 12:00:00+00:00,502.0
2018-07-26 13:00:00+00:00,401.25
2018-07-26 14:00:00+00:00,762.75
2018-07-26 15:00:00+00:00,753.5
2018-07-26 16:00:00+00:00,998.75
2018-07-26 17:00:00+00:00,1544.25
2018-07-26 18:00:00+00:00,1208.5
2018-07-26 19:00:00+00:00,1959.25
2018-07-26 20:00:00+00:00,840.25
2018-07-26 21:00:00+00:00,675.5
2018-07-26 22:00:00+00:00,289.5
2018-07-26 23:00:00+00:00,280.5
2018-07-27 00:00:00+00:00,265.5
2018-07-27 01:00:00+00:00,273.5
2018-07-27 02:00:00+00:00,271.25
2018-07-27 03:00:00+00:00,558.5
2018-07-27 04:00:00+00:00,523.5
2018-07-27 05:00:00+00:00,402.25
2018-07-27 06:00:00+00:00,418.0
2018-07-27 07:00:00+00:00,353.75
2018-07-27 08:00:00+00:00,379.5
2018-07-27 09:00:00+00:00,413.25
2018-07-27 10:00:00+00:00,347.75
2018-07-27 11:00:00+00:00,377.25
2018-07-27 12:00:00+00:00,373.5
2018-07-27 13:00:00+00:00,432.0
2018-07-27 14:00:00+00:00,386.5
2018-07-27 15:00:00+00:00,278.25
2018-07-27 16:00:00+00:00,286.0
2018-07-27 17:00:00+00:00,704.25
2018-07-27 18:00:00+00:00,1374.75
2018-07-27 19:00:00+00:00,1118.5
2018-07-27 20:00:00+00:00,1065.0
2018-07-27 21:00:00+00:00,377.75
2018-07-27 22:00:00+00:00,295.0
2018-07-27 23:00:00+00:00,284.25
2018-07-28 00:00:00+00:00,262.25
2018-07-28 01:00:00+00:00,282.0
2018-07-28 02:00:00+00:00,300.0
2018-07-28 03:00:00+00:00,307.75
2018-07-28 04:00:00+00:00,376.25
2018-07-28 05:00:00+00:00,349.5
2018-07-28 06:00:00+00:00,388.5
2018-07-28 07:00:00+00:00,332.5
2018-07-28 08:00:00+00:00,360.75
2018-07-28 09:00:00+00:00,782.5
2018-07-28 10:00:00+00:00,1113.5
2018-07-28 11:00:00+00:00,407.75
2018-07-28 12:00:00+00:00,374.25
2018-07-28 13:00:00+00:00,356.5
2018-07-28 14:00:00+00:00,375.75
2018-07-28 15:00:00+00:00,326.25
2018-07-28 16:00:00+00:00,380.25
2018-07-28 17:00:00+00:00,360.75
2018-07-28 18:00:00+00:00,1820.5
2018-07-28 19:00:00+00:00,1573.25
2018-07-28 20:00:00+00:00,633.0
2018-07-28 21:00:00+00:00,274.5
2018-07-28 22:00:00+00:00,290.0
2018-07-28 23:00:00+00:00,256.0
2018-07-29 00:00:00+00:00,259.25
2018-07-29 01:00:00+00:00,278.5
2018-07-29 02:00:00+00:00,178.0
2018-07-29 03:00:00+00:00,177.0
2018-07-29 04:00:00+00:00,99.25
2018-07-29 05:00:00+00:00,219.25
2018-07-29 06:00:00+00:00,597.75
2018-07-29 07:00:00+00:00,2035.75
2018-07-29 08:00:00+00:00,1675.75
2018-07-29 09:00:00+00:00,1813.5
2018-07-29 10:00:00+00:00,1484.75
2018-07-29 11:00:00+00:00,644.5
2018-07-29 12:00:00+00:00,1391.25
2018-07-29 13:00:00+00:00,1315.0
2018-07-29 14:00:00+00:00,1428.75
2018-07-29 15:00:00+00:00,1604.25
2018-07-29 16:00:00+00:00,528.0
2018-07-29 17:00:00+00:00,696.5
2018-07-29 18:00:00+00:00,237.75
2018-07-29 19:00:00+00:00,440.0
2018-07-29 20:00:00+00:00,535.5
2018-07-29 21:00:00+00:00,412.5
2018-07-29 22:00:00+00:00,306.5
2018-07-29 23:00:00+00:00,337.75
2018-07-30 00:00:00+00:00,283.75
2018-07-30 01:00:00+00:00,208.75
2018-07-30 02:00:00+00:00,169.25
2018-07-30 03:00:00+00:00,337.5
2018-07-30 04:00:00+00:00,95.75
2018-07-30 05:00:00+00:00,311.25
2018-07-30 06:00:00+00:00,401.25
2018-07-30 07:00:00+00:00,756.75
2018-07-30 08:00:00+00:00,584.5
2018-07-30 09:00:00+00:00,563.5
2018-07-30 10:00:00+00:00,829.0
2018-07-30 11:00:00+00:00,978.75
2018-07-30 12:00:00+00:00,379.0
2018-07-30 13:00:00+00:00,370.5
2018-07-30 14:00:00+00:00,521.75
2018-07-30 15:00:00+00:00,542.75
2018-07-30 16:00:00+00:00,935.25
2018-07-30 17:00:00+00:00,1349.75
2018-07-30 18:00:00+00:00,1676.25
2018-07-30 19:00:00+00:00,846.5
2018-07-30 20:00:00+00:00,412.25
2018-07-30 21:00:00+00:00,379.75
2018-07-30 22:00:00+00:00,235.0
2018-07-30 23:00:00+00:00,185.0
2018-07-31 00:00:00+00:00,165.0
2018-07-31 01:00:00+00:00,182.25
2018-07-31 02:00:00+00:00,166.5
2018-07-31 03:00:00+00:00,477.75
2018-07-31 04:00:00+00:00,281.5
2018-07-31 05:00:00+00:00,340.75
2018-07-31 06:00:00+00:00,346.5
2018-07-31 07:00:00+00:00,362.25
2018-07-31 08:00:00+00:00,399.0
2018-07-31 09:00:00+00:00,554.0
2018-07-31 10:00:00+00:00,462.0
2018-07-31 11:00:00+00:00,358.75
2018-07-31 12:00:00+00:00,415.0
2018-07-31 13:00:00+00:00,383.5
2018-07-31 14:00:00+00:00,533.75
2018-07-31 15:00:00+00:00,677.5
2018-07-31 16:00:00+00:00,579.75
2018-07-31 17:00:00+00:00,1586.25
2018-07-31 18:00:00+00:00,1083.75
2018-07-31 19:00:00+00:00,930.75
2018-07-31 20:00:00+00:00,298.75
2018-07-31 21:00:00+00:00,276.0
2018-07-31 22:00:00+00:00,263.75
2018-07-31 23:00:00+00:00,240.25
2018-08-01 00:00:00+00:00,160.25
2018-08-01 01:00:00+00:00,179.75
2018-08-01 02:00:00+00:00,778.75
2018-08-01 03:00:00+00:00,552.25
2018-08-01 04:00:00+00:00,237.25
2018-08-01 05:00:00+00:00,313.5
2018-08-01 06:00:00+00:00,355.5
2018-08-01 07:00:00+00:00,380.75
2018-08-01 08:00:00+00:00,400.5
2018-08-01 09:00:00+00:00,536.5
2018-08-01 10:00:00+00:00,421.75
2018-08-01 11:00:00+00:00,441.0
2018-08-01 12:00:00+00:00,796.5
2018-08-01 13:00:00+00:00,808.75
2018-08-01 14:00:00+00:00,756.25
2018-08-01 15:00:00+00:00,520.0
2018-08-01 16:00:00+00:00,546.0
2018-08-01 17:00:00+00:00,1689.25
2018-08-01 18:00:00+00:00,478.0
2018-08-01 19:00:00+00:00,618.75
2018-08-01 20:00:00+00:00,413.75
2018-08-01 21:00:00+00:00,282.25
2018-08-01 22:00:00+00:00,293.25
2018-08-01 23:00:00+00:00,258.75
2018-08-02 00:00:00+00:00,271.25
2018-08-02 01:00:00+00:00,276.75
2018-08-02 02:00:00+00:00,397.5
2018-08-02 03:00:00+00:00,1842.5
2018-08-02 04:00:00+00:00,376.5
2018-08-02 05:00:00+00:00,380.5
2018-08-02 06:00:00+00:00,330.0
2018-08-02 07:00:00+00:00,250.5
2018-08-02 08:00:00+00:00,240.25
2018-08-02 09:00:00+00:00,377.0
2018-08-02 10:00:00+00:00,319.75
2018-08-02 11:00:00+00:00,377.25
2018-08-02 12:00:00+00:00,416.0
2018-08-02 13:00:00+00:00,356.75
2018-08-02 14:00:00+00:00,390.25
2018-08-02 15:00:00+00:00,612.0
2018-08-02 16:00:00+00:00,1348.25
2018-08-02 17:00:00+00:00,1144.5
2018-08-02 18:00:00+00:00,1083.75
2018-08-02 19:00:00+00:00,898.0
2018-08-02 20:00:00+00:00,376.75
2018-08-02 21:00:00+00:00,285.0
2018-08-02 22:00:00+00:00,289.75
2018-08-02 23:00:00+00:00,285.5
2018-08-03 00:00:00+00:00,277.75
2018-08-03 01:00:00+00:00,288.0
2018-08-03 02:00:00+00:00,296.5
2018-08-03 03:00:00+00:00,583.75
2018-08-03 04:00:00+00:00,112.0
2018-08-03 05:00:00+00:00,220.25
2018-08-03 06:00:00+00:00,1039.75
2018-08-03 07:00:00+00:00,577.75
2018-08-03 08:00:00+00:00,442.5
2018-08-03 09:00:00+00:00,429.0
2018-08-03 10:00:00+00:00,550.5
2018-08-03 11:00:00+00:00,383.25
2018-08-03 12:00:00+00:00,928.5
2018-08-03 13:00:00+00:00,1691.75
2018-08-03 14:00:00+00:00,625.0
2018-08-03 15:00:00+00:00,1067.5
2018-08-03 16:00:00+00:00,1384.75
2018-08-03 17:00:00+00:00,638.25
2018-08-03 18:00:00+00:00,990.5
2018-08-03 19:00:00+00:00,929.0
2018-08-03 20:00:00+00:00,423.0
2018-08-03 21:00:00+00:00,276.25
2018-08-03 22:00:00+00:00,310.25
2018-08-03 23:00:00+00:00,296.25
2018-08-04 00:00:00+00:00,262.5
2018-08-04 01:00:00+00:00,200.0
2018-08-04 02:00:00+00:00,194.0
2018-08-04 03:00:00+00:00,351.0
2018-08-04 04:00:00+00:00,127.75
2018-08-04 05:00:00+00:00,304.5
2018-08-04 06:00:00+00:00,448.0
2018-08-04 07:00:00+00:00,677.0
2018-08-04 08:00:00+00:00,682.0
2018-08-04 09:00:00+00:00,1475.5
2018-08-04 10:00:00+00:00,914.0
2018-08-04 11:00:00+00:00,612.75
2018-08-04 12:00:00+00:00,1314.5
2018-08-04 13:00:00+00:00,982.25
2018-08-04 14:00:00+00:00,802.75
2018-08-04 15:00:00+00:00,650.25
2018-08-04 16:00:00+00:00,1070.75
2018-08-04 17:00:00+00:00,2291.5
2018-08-04 18:00:00+00:00,1633.25
2018-08-04 19:00:00+00:00,1830.25
2018-08-04 20:00:00+00:00,487.75
2018-08-04 21:00:00+00:00,379.75
2018-08-04 22:00:00+00:00,301.0
2018-08-04 23:00:00+00:00,280.75
2018-08-05 00:00:00+00:00,274.0
2018-08-05 01:00:00+00:00,292.75
2018-08-05 02:00:00+00:00,232.5
2018-08-05 03:00:00+00:00,364.75
2018-08-05 04:00:00+00:00,132.25
2018-08-05 05:00:00+00:00,217.25
2018-08-05 06:00:00+00:00,275.5
2018-08-05 07:00:00+00:00,467.0
2018-08-05 08:00:00+00:00,955.75
2018-08-05 09:00:00+00:00,1172.25
2018-08-05 10:00:00+00:00,2410.75
2018-08-05 11:00:00+00:00,492.0
2018-08-05 12:00:00+00:00,432.25
2018-08-05 13:00:00+00:00,695.0
2018-08-05 14:00:00+00:00,1710.75
2018-08-05 15:00:00+00:00,999.0
2018-08-05 16:00:00+00:00,1390.5
2018-08-05 17:00:00+00:00,1227.0
2018-08-05 18:00:00+00:00,360.5
2018-08-05 19:00:00+00:00,449.0
2018-08-05 20:00:00+00:00,389.25
2018-08-05 21:00:00+00:00,290.75
2018-08-05 22:00:00+00:00,315.75
2018-08-05 23:00:00+00:00,286.5
2018-08-06 00:00:00+00:00,296.25
2018-08-06 01:00:00+00:00,283.0
2018-08-06 02:00:00+00:00,843.75
2018-08-06 03:00:00+00:00,679.5
2018-08-06 04:00:00+00:00,190.0
2018-08-06 05:00:00+00:00,234.0
2018-08-06 06:00:00+00:00,262.5
2018-08-06 07:00:00+00:00,274.5
2018-08-06 08:00:00+00:00,316.0
2018-08-06 09:00:00+00:00,349.75
2018-08-06 10:00:00+00:00,529.5
2018-08-06 11:00:00+00:00,459.5
2018-08-06 12:00:00+00:00,452.25
2018-08-06 13:00:00+00:00,434.25
2018-08-06 14:00:00+00:00,471.75
2018-08-06 15:00:00+00:00,534.75
2018-08-06 16:00:00+00:00,1263.0
2018-08-06 17:00:00+00:00,1234.75
2018-08-06 18:00:00+00:00,1376.5
2018-08-06 19:00:00+00:00,1148.75
2018-08-06 20:00:00+00:00,333.25
2018-08-06 21:00:00+00:00,263.0
2018-08-06 22:00:00+00:00,275.75
2018-08-06 23:00:00+00:00,281.25
2018-08-07 00:00:00+00:00,269.25
2018-08-07 01:00:00+00:00,268.5
2018-08-07 02:00:00+00:00,278.75
2018-08-07 03:00:00+00:00,728.0
2018-08-07 04:00:00+00:00,214.25
2018-08-07 05:00:00+00:00,331.75
2018-08-07 06:00:00+00:00,298.0
2018-08-07 07:00:00+00:00,258.5
2018-08-07 08:00:00+00:00,294.75
2018-08-07 09:00:00+00:00,332.25
2018-08-07 10:00:00+00:00,451.75
2018-08-07 11:00:00+00:00,416.25
2018-08-07 12:00:00+00:00,468.25
2018-08-07 13:00:00+00:00,371.75
2018-08-07 14:00:00+00:00,334.25
2018-08-07 15:00:00+00:00,355.25
2018-08-07 16:00:00+00:00,427.75
2018-08-07 17:00:00+00:00,1051.0
2018-08-07 18:00:00+00:00,1203.25
2018-08-07 19:00:00+00:00,628.5
2018-08-07 20:00:00+00:00,342.0
2018-08-07 21:00:00+00:00,282.5
2018-08-07 22:00:00+00:00,271.5
2018-08-07 23:00:00+00:00,260.0
2018-08-08 00:00:00+00:00,281.0
2018-08-08 01:00:00+00:00,263.75
2018-08-08 02:00:00+00:00,217.5
2018-08-08 03:00:00+00:00,964.25
2018-08-08 04:00:00+00:00,190.5
2018-08-08 05:00:00+00:00,224.25
2018-08-08 06:00:00+00:00,220.0
2018-08-08 07:00:00+00:00,376.25
2018-08-08 08:00:00+00:00,406.75
2018-08-08 09:00:00+00:00,354.0
2018-08-08 10:00:00+00:00,457.75
2018-08-08 11:00:00+00:00,338.5
2018-08-08 12:00:00+00:00,397.5
2018-08-08 13:00:00+00:00,411.75
2018-08-08 14:00:00+00:00,464.5
2018-08-08 15:00:00+00:00,450.75
2018-08-08 16:00:00+00:00,944.0
2018-08-08 17:00:00+00:00,1113.75
2018-08-08 18:00:00+00:00,1038.25
2018-08-08 19:00:00+00:00,438.75
2018-08-08 20:00:00+00:00,337.5
2018-08-08 21:00:00+00:00,263.0
2018-08-08 22:00:00+00:00,273.75
2018-08-08 23:00:00+00:00,194.75
2018-08-09 00:00:00+00:00,167.5
2018-08-09 01:00:00+00:00,181.75
2018-08-09 02:00:00+00:00,301.75
2018-08-09 03:00:00+00:00,672.0
2018-08-09 04:00:00+00:00,837.25
2018-08-09 05:00:00+00:00,506.0
2018-08-09 06:00:00+00:00,352.0
2018-08-09 07:00:00+00:00,371.75
2018-08-09 08:00:00+00:00,405.25
2018-08-09 09:00:00+00:00,597.0
2018-08-09 10:00:00+00:00,585.0
2018-08-09 11:00:00+00:00,427.0
2018-08-09 12:00:00+00:00,394.25
2018-08-09 13:00:00+00:00,383.5
2018-08-09 14:00:00+00:00,399.25
2018-08-09 15:00:00+00:00,1277.75
2018-08-09 16:00:00+00:00,1792.25
2018-08-09 17:00:00+00:00,1748.25
2018-08-09 18:00:00+00:00,873.0
2018-08-09 19:00:00+00:00,330.0
2018-08-09 20:00:00+00:00,199.5
2018-08-09 21:00:00+00:00,170.75
2018-08-09 22:00:00+00:00,197.5
2018-08-09 23:00:00+00:00,169.0
2018-08-10 00:00:00+00:00,201.5
2018-08-10 01:00:00+00:00,288.5
2018-08-10 02:00:00+00:00,288.5
2018-08-10 03:00:00+00:00,590.0
2018-08-10 04:00:00+00:00,610.25
2018-08-10 05:00:00+00:00,584.0
2018-08-10 06:00:00+00:00,352.75
2018-08-10 07:00:00+00:00,305.75
2018-08-10 08:00:00+00:00,413.5
2018-08-10 09:00:00+00:00,387.25
2018-08-10 10:00:00+00:00,399.75
2018-08-10 11:00:00+00:00,316.5
2018-08-10 12:00:00+00:00,292.5
2018-08-10 13:00:00+00:00,315.5
2018-08-10 14:00:00+00:00,672.5
2018-08-10 15:00:00+00:00,1683.0
2018-08-10 16:00:00+00:00,1214.0
2018-08-10 17:00:00+00:00,721.75
2018-08-10 18:00:00+00:00,666.0
2018-08-10 19:00:00+00:00,428.0
2018-08-10 20:00:00+00:00,396.5
2018-08-10 21:00:00+00:00,249.5
2018-08-10 22:00:00+00:00,273.0
2018-08-10 23:00:00+00:00,276.25
2018-08-11 00:00:00+00:00,205.0
2018-08-11 01:00:00+00:00,169.0
2018-08-11 02:00:00+00:00,196.5
2018-08-11 03:00:00+00:00,329.75
2018-08-11 04:00:00+00:00,82.5
2018-08-11 05:00:00+00:00,292.75
2018-08-11 06:00:00+00:00,538.0
2018-08-11 07:00:00+00:00,374.25
2018-08-11 08:00:00+00:00,497.75
2018-08-11 09:00:00+00:00,468.0
2018-08-11 10:00:00+00:00,485.5
2018-08-11 11:00:00+00:00,433.0
2018-08-11 12:00:00+00:00,545.0
2018-08-11 13:00:00+00:00,348.75
2018-08-11 14:00:00+00:00,376.0
2018-08-11 15:00:00+00:00,502.0
2018-08-11 16:00:00+00:00,324.75
2018-08-11 17:00:00+00:00,362.25
2018-08-11 18:00:00+00:00,179.75
2018-08-11 19:00:00+00:00,430.5
2018-08-11 20:00:00+00:00,453.5
2018-08-11 21:00:00+00:00,628.0
2018-08-11 22:00:00+00:00,341.25
2018-08-11 23:00:00+00:00,278.25
2018-08-12 00:00:00+00:00,277.25
2018-08-12 01:00:00+00:00,278.5
2018-08-12 02:00:00+00:00,274.5
2018-08-12 03:00:00+00:00,438.75
2018-08-12 04:00:00+00:00,206.0
2018-08-12 05:00:00+00:00,1105.75
2018-08-12 06:00:00+00:00,989.0
2018-08-12 07:00:00+00:00,1663.75
2018-08-12 08:00:00+00:00,662.0
2018-08-12 09:00:00+00:00,1422.25
2018-08-12 10:00:00+00:00,1684.0
2018-08-12 11:00:00+00:00,499.75
2018-08-12 12:00:00+00:00,434.75
2018-08-12 13:00:00+00:00,433.5
2018-08-12 14:00:00+00:00,893.25
2018-08-12 15:00:00+00:00,357.5
2018-08-12 16:00:00+00:00,352.75
2018-08-12 17:00:00+00:00,533.75
2018-08-12 18:00:00+00:00,1054.0
2018-08-12 19:00:00+00:00,575.0
2018-08-12 20:00:00+00:00,368.5
2018-08-12 21:00:00+00:00,258.25
2018-08-12 22:00:00+00:00,163.5
2018-08-12 23:00:00+00:00,175.25
2018-08-13 00:00:00+00:00,151.25
2018-08-13 01:00:00+00:00,182.75
2018-08-13 02:00:00+00:00,391.75
2018-08-13 03:00:00+00:00,970.0
2018-08-13 04:00:00+00:00,220.0
2018-08-13 05:00:00+00:00,270.0
2018-08-13 06:00:00+00:00,323.0
2018-08-13 07:00:00+00:00,388.5
2018-08-13 08:00:00+00:00,371.25
2018-08-13 09:00:00+00:00,378.75
2018-08-13 10:00:00+00:00,545.75
2018-08-13 11:00:00+00:00,336.25
2018-08-13 12:00:00+00:00,328.0
2018-08-13 13:00:00+00:00,244.0
2018-08-13 14:00:00+00:00,280.0
2018-08-13 15:00:00+00:00,307.25
2018-08-13 16:00:00+00:00,485.5
2018-08-13 17:00:00+00:00,582.25
2018-08-13 18:00:00+00:00,1076.0
2018-08-13 19:00:00+00:00,621.75
2018-08-13 20:00:00+00:00,915.25
2018-08-13 21:00:00+00:00,281.0
2018-08-13 22:00:00+00:00,278.0
2018-08-13 23:00:00+00:00,268.0
2018-08-14 00:00:00+00:00,263.75
2018-08-14 01:00:00+00:00,198.5
2018-08-14 02:00:00+00:00,172.75
2018-08-14 03:00:00+00:00,675.0
2018-08-14 04:00:00+00:00,184.5
2018-08-14 05:00:00+00:00,83.0
2018-08-14 06:00:00+00:00,343.5
2018-08-14 07:00:00+00:00,305.75
2018-08-14 08:00:00+00:00,420.25
2018-08-14 09:00:00+00:00,358.75
2018-08-14 10:00:00+00:00,501.75
2018-08-14 11:00:00+00:00,357.0
2018-08-14 12:00:00+00:00,367.0
2018-08-14 13:00:00+00:00,376.0
2018-08-14 14:00:00+00:00,373.25
2018-08-14 15:00:00+00:00,410.75
2018-08-14 16:00:00+00:00,598.0
2018-08-14 17:00:00+00:00,434.25
2018-08-14 18:00:00+00:00,382.0
2018-08-14 19:00:00+00:00,483.0
2018-08-14 20:00:00+00:00,333.25
2018-08-14 21:00:00+00:00,268.75
2018-08-14 22:00:00+00:00,250.75
2018-08-14 23:00:00+00:00,289.5
2018-08-15 00:00:00+00:00,261.25
2018-08-15 01:00:00+00:00,255.75
2018-08-15 02:00:00+00:00,181.5
2018-08-15 03:00:00+00:00,716.25
2018-08-15 04:00:00+00:00,203.25
2018-08-15 05:00:00+00:00,117.75
2018-08-15 06:00:00+00:00,210.25
2018-08-15 07:00:00+00:00,326.75
2018-08-15 08:00:00+00:00,329.75
2018-08-15 09:00:00+00:00,421.75
2018-08-15 10:00:00+00:00,514.5
2018-08-15 11:00:00+00:00,352.0
2018-08-15 12:00:00+00:00,354.75
2018-08-15 13:00:00+00:00,409.75
2018-08-15 14:00:00+00:00,357.75
2018-08-15 15:00:00+00:00,271.5
2018-08-15 16:00:00+00:00,631.5
2018-08-15 17:00:00+00:00,401.0
2018-08-15 18:00:00+00:00,231.5
2018-08-15 19:00:00+00:00,464.0
2018-08-15 20:00:00+00:00,373.5
2018-08-15 21:00:00+00:00,263.5
2018-08-15 22:00:00+00:00,278.5
2018-08-15 23:00:00+00:00,239.5
2018-08-16 00:00:00+00:00,276.0
2018-08-16 01:00:00+00:00,205.25
2018-08-16 02:00:00+00:00,148.25
2018-08-16 03:00:00+00:00,510.25
2018-08-16 04:00:00+00:00,170.75
2018-08-16 05:00:00+00:00,183.25
2018-08-16 06:00:00+00:00,579.5
2018-08-16 07:00:00+00:00,554.5
2018-08-16 08:00:00+00:00,771.25
2018-08-16 09:00:00+00:00,495.5
2018-08-16 10:00:00+00:00,1284.25
2018-08-16 11:00:00+00:00,1220.0
2018-08-16 12:00:00+00:00,526.0
2018-08-16 13:00:00+00:00,860.5
2018-08-16 14:00:00+00:00,1522.5
2018-08-16 15:00:00+00:00,436.0
2018-08-16 16:00:00+00:00,620.0
2018-08-16 17:00:00+00:00,1059.5
2018-08-16 18:00:00+00:00,921.25
2018-08-16 19:00:00+00:00,465.25
2018-08-16 20:00:00+00:00,249.75
2018-08-16 21:00:00+00:00,272.5
2018-08-16 22:00:00+00:00,276.0
2018-08-16 23:00:00+00:00,269.25
2018-08-17 00:00:00+00:00,276.0
2018-08-17 01:00:00+00:00,252.0
2018-08-17 02:00:00+00:00,273.25
2018-08-17 03:00:00+00:00,712.5
2018-08-17 04:00:00+00:00,440.0
2018-08-17 05:00:00+00:00,230.25
2018-08-17 06:00:00+00:00,253.0
2018-08-17 07:00:00+00:00,398.75
2018-08-17 08:00:00+00:00,257.75
2018-08-17 09:00:00+00:00,390.75
2018-08-17 10:00:00+00:00,575.0
2018-08-17 11:00:00+00:00,389.25
2018-08-17 12:00:00+00:00,415.25
2018-08-17 13:00:00+00:00,610.5
2018-08-17 14:00:00+00:00,574.5
2018-08-17 15:00:00+00:00,550.75
2018-08-17 16:00:00+00:00,367.75
2018-08-17 17:00:00+00:00,295.25
2018-08-17 18:00:00+00:00,1020.75
2018-08-17 19:00:00+00:00,710.5
2018-08-17 20:00:00+00:00,552.25
2018-08-17 21:00:00+00:00,386.0
2018-08-17 22:00:00+00:00,255.75
2018-08-17 23:00:00+00:00,177.0
2018-08-18 00:00:00+00:00,173.5
2018-08-18 01:00:00+00:00,159.5
2018-08-18 02:00:00+00:00,181.5
2018-08-18 03:00:00+00:00,355.5
2018-08-18 04:00:00+00:00,183.25
2018-08-18 05:00:00+00:00,349.75
2018-08-18 06:00:00+00:00,1016.0
2018-08-18 07:00:00+00:00,624.25
2018-08-18 08:00:00+00:00,952.5
2018-08-18 09:00:00+00:00,1799.75
2018-08-18 10:00:00+00:00,2399.75
2018-08-18 11:00:00+00:00,568.0
2018-08-18 12:00:00+00:00,459.75
2018-08-18 13:00:00+00:00,432.75
2018-08-18 14:00:00+00:00,388.75
2018-08-18 15:00:00+00:00,368.25
2018-08-18 16:00:00+00:00,467.5
2018-08-18 17:00:00+00:00,2084.0
2018-08-18 18:00:00+00:00,1135.0
2018-08-18 19:00:00+00:00,1407.5
2018-08-18 20:00:00+00:00,1353.5
2018-08-18 21:00:00+00:00,462.25
2018-08-18 22:00:00+00:00,244.5
2018-08-18 23:00:00+00:00,183.5
2018-08-19 00:00:00+00:00,155.75
2018-08-19 01:00:00+00:00,155.5
2018-08-19 02:00:00+00:00,171.25
2018-08-19 03:00:00+00:00,362.75
2018-08-19 04:00:00+00:00,276.25
2018-08-19 05:00:00+00:00,872.0
2018-08-19 06:00:00+00:00,1399.5
2018-08-19 07:00:00+00:00,986.5
2018-08-19 08:00:00+00:00,1558.75
2018-08-19 09:00:00+00:00,2486.5
2018-08-19 10:00:00+00:00,1362.25
2018-08-19 11:00:00+00:00,1088.5
2018-08-19 12:00:00+00:00,1235.0
2018-08-19 13:00:00+00:00,367.25
2018-08-19 14:00:00+00:00,422.25
2018-08-19 15:00:00+00:00,508.75
2018-08-19 16:00:00+00:00,1242.5
2018-08-19 17:00:00+00:00,1179.75
2018-08-19 18:00:00+00:00,995.25
2018-08-19 19:00:00+00:00,442.5
2018-08-19 20:00:00+00:00,278.25
2018-08-19 21:00:00+00:00,256.75
2018-08-19 22:00:00+00:00,272.0
2018-08-19 23:00:00+00:00,251.0
2018-08-20 00:00:00+00:00,254.0
2018-08-20 01:00:00+00:00,261.75
2018-08-20 02:00:00+00:00,241.75
2018-08-20 03:00:00+00:00,676.25
2018-08-20 04:00:00+00:00,176.75
2018-08-20 05:00:00+00:00,191.5
2018-08-20 06:00:00+00:00,286.25
2018-08-20 07:00:00+00:00,348.0
2018-08-20 08:00:00+00:00,411.5
2018-08-20 09:00:00+00:00,421.5
2018-08-20 10:00:00+00:00,523.0
2018-08-20 11:00:00+00:00,429.25
2018-08-20 12:00:00+00:00,466.25
2018-08-20 13:00:00+00:00,436.5
2018-08-20 14:00:00+00:00,980.25
2018-08-20 15:00:00+00:00,336.5
2018-08-20 16:00:00+00:00,1038.25
2018-08-20 17:00:00+00:00,1060.5
2018-08-20 18:00:00+00:00,1076.75
2018-08-20 19:00:00+00:00,378.25
2018-08-20 20:00:00+00:00,269.75
2018-08-20 21:00:00+00:00,258.75
2018-08-20 22:00:00+00:00,268.25
2018-08-20 23:00:00+00:00,206.25
2018-08-21 00:00:00+00:00,185.5
2018-08-21 01:00:00+00:00,171.25
2018-08-21 02:00:00+00:00,146.5
2018-08-21 03:00:00+00:00,727.75
2018-08-21 04:00:00+00:00,2294.25
2018-08-21 05:00:00+00:00,965.25
2018-08-21 06:00:00+00:00,389.0
2018-08-21 07:00:00+00:00,549.5
2018-08-21 08:00:00+00:00,372.5
2018-08-21 09:00:00+00:00,447.5
2018-08-21 10:00:00+00:00,539.5
2018-08-21 11:00:00+00:00,506.25
2018-08-21 12:00:00+00:00,480.0
2018-08-21 13:00:00+00:00,2149.25
2018-08-21 14:00:00+00:00,862.75
2018-08-21 15:00:00+00:00,1289.25
2018-08-21 16:00:00+00:00,1993.0
2018-08-21 17:00:00+00:00,1951.5
2018-08-21 18:00:00+00:00,1460.25
2018-08-21 19:00:00+00:00,1077.5
2018-08-21 20:00:00+00:00,362.5
2018-08-21 21:00:00+00:00,258.25
2018-08-21 22:00:00+00:00,260.5
2018-08-21 23:00:00+00:00,260.0
2018-08-22 00:00:00+00:00,255.25
2018-08-22 01:00:00+00:00,187.5
2018-08-22 02:00:00+00:00,741.0
2018-08-22 03:00:00+00:00,536.0
2018-08-22 04:00:00+00:00,181.5
2018-08-22 05:00:00+00:00,257.0
2018-08-22 06:00:00+00:00,349.25
2018-08-22 07:00:00+00:00,396.5
2018-08-22 08:00:00+00:00,356.75
2018-08-22 09:00:00+00:00,403.75
2018-08-22 10:00:00+00:00,476.5
2018-08-22 11:00:00+00:00,1098.75
2018-08-22 12:00:00+00:00,407.0
2018-08-22 13:00:00+00:00,404.75
2018-08-22 14:00:00+00:00,402.0
2018-08-22 15:00:00+00:00,548.25
2018-08-22 16:00:00+00:00,1087.25
2018-08-22 17:00:00+00:00,1106.0
2018-08-22 18:00:00+00:00,995.5
2018-08-22 19:00:00+00:00,424.0
2018-08-22 20:00:00+00:00,359.5
2018-08-22 21:00:00+00:00,287.0
2018-08-22 22:00:00+00:00,274.75
2018-08-22 23:00:00+00:00,290.0
2018-08-23 00:00:00+00:00,252.25
2018-08-23 01:00:00+00:00,255.25
2018-08-23 02:00:00+00:00,394.75
2018-08-23 03:00:00+00:00,864.75
2018-08-23 04:00:00+00:00,179.25
2018-08-23 05:00:00+00:00,215.0
2018-08-23 06:00:00+00:00,257.5
2018-08-23 07:00:00+00:00,282.0
2018-08-23 08:00:00+00:00,461.5
2018-08-23 09:00:00+00:00,1292.5
2018-08-23 10:00:00+00:00,755.0
2018-08-23 11:00:00+00:00,386.5
2018-08-23 12:00:00+00:00,388.75
2018-08-23 13:00:00+00:00,413.5
2018-08-23 14:00:00+00:00,420.75
2018-08-23 15:00:00+00:00,412.75
2018-08-23 16:00:00+00:00,353.5
2018-08-23 17:00:00+00:00,200.25
2018-08-23 18:00:00+00:00,478.0
2018-08-23 19:00:00+00:00,1030.25
2018-08-23 20:00:00+00:00,847.25
2018-08-23 21:00:00+00:00,524.25
2018-08-23 22:00:00+00:00,356.5
2018-08-23 23:00:00+00:00,278.5
2018-08-24 00:00:00+00:00,249.5
2018-08-24 01:00:00+00:00,219.75
2018-08-24 02:00:00+00:00,178.75
2018-08-24 03:00:00+00:00,440.0
2018-08-24 04:00:00+00:00,755.5
2018-08-24 05:00:00+00:00,1640.75
2018-08-24 06:00:00+00:00,662.5
2018-08-24 07:00:00+00:00,345.0
2018-08-24 08:00:00+00:00,373.75
2018-08-24 09:00:00+00:00,397.0
2018-08-24 10:00:00+00:00,470.5
2018-08-24 11:00:00+00:00,294.5
2018-08-24 12:00:00+00:00,431.5
2018-08-24 13:00:00+00:00,360.0
2018-08-24 14:00:00+00:00,316.25
2018-08-24 15:00:00+00:00,367.0
2018-08-24 16:00:00+00:00,537.75
2018-08-24 17:00:00+00:00,417.0
2018-08-24 18:00:00+00:00,490.75
2018-08-24 19:00:00+00:00,545.5
2018-08-24 20:00:00+00:00,468.0
2018-08-24 21:00:00+00:00,450.5
2018-08-24 22:00:00+00:00,349.25
2018-08-24 23:00:00+00:00,155.0
2018-08-25 00:00:00+00:00,169.0
2018-08-25 01:00:00+00:00,233.0
2018-08-25 02:00:00+00:00,275.5
2018-08-25 03:00:00+00:00,406.25
2018-08-25 04:00:00+00:00,463.5
2018-08-25 05:00:00+00:00,1211.0
2018-08-25 06:00:00+00:00,1269.75
2018-08-25 07:00:00+00:00,2824.75
2018-08-25 08:00:00+00:00,428.25
2018-08-25 09:00:00+00:00,308.75
2018-08-25 10:00:00+00:00,1963.0
2018-08-25 11:00:00+00:00,725.25
2018-08-25 12:00:00+00:00,686.75
2018-08-25 13:00:00+00:00,328.25
2018-08-25 14:00:00+00:00,484.5
2018-08-25 15:00:00+00:00,288.75
2018-08-25 16:00:00+00:00,2033.75
2018-08-25 17:00:00+00:00,1575.5
2018-08-25 18:00:00+00:00,500.5
2018-08-25 19:00:00+00:00,2346.5
2018-08-25 20:00:00+00:00,1719.5
2018-08-25 21:00:00+00:00,332.75
2018-08-25 22:00:00+00:00,249.5
2018-08-25 23:00:00+00:00,290.75
2018-08-26 00:00:00+00:00,232.5
2018-08-26 01:00:00+00:00,263.75
2018-08-26 02:00:00+00:00,226.5
2018-08-26 03:00:00+00:00,364.75
2018-08-26 04:00:00+00:00,101.5
2018-08-26 05:00:00+00:00,924.0
2018-08-26 06:00:00+00:00,749.75
2018-08-26 07:00:00+00:00,398.75
2018-08-26 08:00:00+00:00,561.25
2018-08-26 09:00:00+00:00,3364.0
2018-08-26 10:00:00+00:00,2851.5
2018-08-26 11:00:00+00:00,434.25
2018-08-26 12:00:00+00:00,514.75
2018-08-26 13:00:00+00:00,490.5
2018-08-26 14:00:00+00:00,445.25
2018-08-26 15:00:00+00:00,460.25
2018-08-26 16:00:00+00:00,519.5
2018-08-26 17:00:00+00:00,636.5
2018-08-26 18:00:00+00:00,458.75
2018-08-26 19:00:00+00:00,462.0
2018-08-26 20:00:00+00:00,433.5
2018-08-26 21:00:00+00:00,194.5
2018-08-26 22:00:00+00:00,139.25
2018-08-26 23:00:00+00:00,176.5
2018-08-27 00:00:00+00:00,196.0
2018-08-27 01:00:00+00:00,226.75
2018-08-27 02:00:00+00:00,254.75
2018-08-27 03:00:00+00:00,939.5
2018-08-27 04:00:00+00:00,241.25
2018-08-27 05:00:00+00:00,390.75
2018-08-27 06:00:00+00:00,556.75
2018-08-27 07:00:00+00:00,374.75
2018-08-27 08:00:00+00:00,333.25
2018-08-27 09:00:00+00:00,298.5
2018-08-27 10:00:00+00:00,383.5
2018-08-27 11:00:00+00:00,286.0
2018-08-27 12:00:00+00:00,238.0
2018-08-27 13:00:00+00:00,250.0
2018-08-27 14:00:00+00:00,410.75
2018-08-27 15:00:00+00:00,624.5
2018-08-27 16:00:00+00:00,1000.75
2018-08-27 17:00:00+00:00,323.75
2018-08-27 18:00:00+00:00,364.0
2018-08-27 19:00:00+00:00,503.5
2018-08-27 20:00:00+00:00,466.25
2018-08-27 21:00:00+00:00,262.75
2018-08-27 22:00:00+00:00,177.5
2018-08-27 23:00:00+00:00,194.5
2018-08-28 00:00:00+00:00,129.75
2018-08-28 01:00:00+00:00,167.75
2018-08-28 02:00:00+00:00,160.75
2018-08-28 03:00:00+00:00,350.0
2018-08-28 04:00:00+00:00,257.75
2018-08-28 05:00:00+00:00,1318.0
2018-08-28 06:00:00+00:00,1118.5
2018-08-28 07:00:00+00:00,891.25
2018-08-28 08:00:00+00:00,663.75
2018-08-28 09:00:00+00:00,1011.75
2018-08-28 10:00:00+00:00,601.5
2018-08-28 11:00:00+00:00,462.0
2018-08-28 12:00:00+00:00,442.5
2018-08-28 13:00:00+00:00,405.25
2018-08-28 14:00:00+00:00,484.5
2018-08-28 15:00:00+00:00,1214.5
2018-08-28 16:00:00+00:00,1326.5
2018-08-28 17:00:00+00:00,2571.25
2018-08-28 18:00:00+00:00,1995.6666666666667
2018-08-28 19:00:00+00:00,1873.9444444444446
2018-08-28 20:00:00+00:00,1752.2222222222222
2018-08-28 21:00:00+00:00,1630.5
2018-08-28 22:00:00+00:00,1508.7777777777778
2018-08-28 23:00:00+00:00,
2018-08-29 00:00:00+00:00,
2018-08-29 01:00:00+00:00,
2018-08-29 02:00:00+00:00,
2018-08-29 03:00:00+00:00,
2018-08-29 04:00:00+00:00,
2018-08-29 05:00:00+00:00,
2018-08-29 06:00:00+00:00,535.0
2018-08-29 07:00:00+00:00,424.25
2018-08-29 08:00:00+00:00,522.25
2018-08-29 09:00:00+00:00,474.75
2018-08-29 10:00:00+00:00,1109.5
2018-08-29 11:00:00+00:00,446.0
2018-08-29 12:00:00+00:00,417.5
2018-08-29 13:00:00+00:00,666.25
2018-08-29 14:00:00+00:00,539.5
2018-08-29 15:00:00+00:00,527.5
2018-08-29 16:00:00+00:00,609.25
2018-08-29 17:00:00+00:00,800.0
2018-08-29 18:00:00+00:00,1902.75
2018-08-29 19:00:00+00:00,1234.75
2018-08-29 20:00:00+00:00,418.5
2018-08-29 21:00:00+00:00,261.5
2018-08-29 22:00:00+00:00,335.25
2018-08-29 23:00:00+00:00,189.5
2018-08-30 00:00:00+00:00,216.0
2018-08-30 01:00:00+00:00,274.0
2018-08-30 02:00:00+00:00,278.25
2018-08-30 03:00:00+00:00,645.25
2018-08-30 04:00:00+00:00,325.75
2018-08-30 05:00:00+00:00,268.75
2018-08-30 06:00:00+00:00,262.0
2018-08-30 07:00:00+00:00,386.75
2018-08-30 08:00:00+00:00,340.0
2018-08-30 09:00:00+00:00,306.25
2018-08-30 10:00:00+00:00,291.25
2018-08-30 11:00:00+00:00,981.5
2018-08-30 12:00:00+00:00,936.75
2018-08-30 13:00:00+00:00,942.0
2018-08-30 14:00:00+00:00,303.0
2018-08-30 15:00:00+00:00,525.0
2018-08-30 16:00:00+00:00,315.5
2018-08-30 17:00:00+00:00,406.75
2018-08-30 18:00:00+00:00,353.25
2018-08-30 19:00:00+00:00,479.75
2018-08-30 20:00:00+00:00,663.75
2018-08-30 21:00:00+00:00,432.75
2018-08-30 22:00:00+00:00,352.75
2018-08-30 23:00:00+00:00,388.25
2018-08-31 00:00:00+00:00,484.75
2018-08-31 01:00:00+00:00,1016.0
2018-08-31 02:00:00+00:00,214.5
2018-08-31 03:00:00+00:00,379.5
2018-08-31 04:00:00+00:00,501.5
2018-08-31 05:00:00+00:00,461.75
2018-08-31 06:00:00+00:00,396.75
2018-08-31 07:00:00+00:00,334.75
2018-08-31 08:00:00+00:00,366.0
2018-08-31 09:00:00+00:00,381.75
2018-08-31 10:00:00+00:00,1237.25
2018-08-31 11:00:00+00:00,510.25
2018-08-31 12:00:00+00:00,349.0
2018-08-31 13:00:00+00:00,353.0
2018-08-31 14:00:00+00:00,406.25
2018-08-31 15:00:00+00:00,554.0
2018-08-31 16:00:00+00:00,702.75
2018-08-31 17:00:00+00:00,751.0
2018-08-31 18:00:00+00:00,554.75
2018-08-31 19:00:00+00:00,768.5
2018-08-31 20:00:00+00:00,566.5
2018-08-31 21:00:00+00:00,259.75
2018-08-31 22:00:00+00:00,264.5
2018-08-31 23:00:00+00:00,263.75
2018-09-01 00:00:00+00:00,275.75
2018-09-01 01:00:00+00:00,158.75
2018-09-01 02:00:00+00:00,164.25
2018-09-01 03:00:00+00:00,349.0
2018-09-01 04:00:00+00:00,142.75
2018-09-01 05:00:00+00:00,386.0
2018-09-01 06:00:00+00:00,1068.5
2018-09-01 07:00:00+00:00,501.5
2018-09-01 08:00:00+00:00,673.25
2018-09-01 09:00:00+00:00,1386.0
2018-09-01 10:00:00+00:00,763.75
2018-09-01 11:00:00+00:00,420.25
2018-09-01 12:00:00+00:00,381.25
2018-09-01 13:00:00+00:00,787.5
2018-09-01 14:00:00+00:00,608.0
2018-09-01 15:00:00+00:00,673.0
2018-09-01 16:00:00+00:00,327.75
2018-09-01 17:00:00+00:00,542.5
2018-09-01 18:00:00+00:00,2544.25
2018-09-01 19:00:00+00:00,1643.75
2018-09-01 20:00:00+00:00,808.25
2018-09-01 21:00:00+00:00,286.25
2018-09-01 22:00:00+00:00,290.0
2018-09-01 23:00:00+00:00,296.5
2018-09-02 00:00:00+00:00,290.75
2018-09-02 01:00:00+00:00,285.0
2018-09-02 02:00:00+00:00,264.0
2018-09-02 03:00:00+00:00,397.5
2018-09-02 04:00:00+00:00,211.25
2018-09-02 05:00:00+00:00,146.75
2018-09-02 06:00:00+00:00,93.75
2018-09-02 07:00:00+00:00,410.5
2018-09-02 08:00:00+00:00,1160.75
2018-09-02 09:00:00+00:00,2765.25
2018-09-02 10:00:00+00:00,1966.25
2018-09-02 11:00:00+00:00,269.5
2018-09-02 12:00:00+00:00,254.25
2018-09-02 13:00:00+00:00,163.25
2018-09-02 14:00:00+00:00,954.5
2018-09-02 15:00:00+00:00,786.75
2018-09-02 16:00:00+00:00,559.25
2018-09-02 17:00:00+00:00,1571.0
2018-09-02 18:00:00+00:00,810.75
2018-09-02 19:00:00+00:00,641.25
2018-09-02 20:00:00+00:00,276.5
2018-09-02 21:00:00+00:00,306.25
2018-09-02 22:00:00+00:00,273.75
2018-09-02 23:00:00+00:00,293.5
2018-09-03 00:00:00+00:00,263.75
2018-09-03 01:00:00+00:00,261.25
2018-09-03 02:00:00+00:00,272.75
2018-09-03 03:00:00+00:00,820.5
2018-09-03 04:00:00+00:00,283.25
2018-09-03 05:00:00+00:00,123.75
2018-09-03 06:00:00+00:00,112.5
2018-09-03 07:00:00+00:00,270.25
2018-09-03 08:00:00+00:00,181.0
2018-09-03 09:00:00+00:00,209.5
2018-09-03 10:00:00+00:00,233.0
2018-09-03 11:00:00+00:00,670.0
2018-09-03 12:00:00+00:00,327.25
2018-09-03 13:00:00+00:00,464.25
2018-09-03 14:00:00+00:00,394.0
2018-09-03 15:00:00+00:00,313.0
2018-09-03 16:00:00+00:00,299.0
2018-09-03 17:00:00+00:00,341.75
2018-09-03 18:00:00+00:00,1099.5
2018-09-03 19:00:00+00:00,696.25
2018-09-03 20:00:00+00:00,273.25
2018-09-03 21:00:00+00:00,198.75
2018-09-03 22:00:00+00:00,131.5
2018-09-03 23:00:00+00:00,124.5
2018-09-04 00:00:00+00:00,163.5
2018-09-04 01:00:00+00:00,247.75
2018-09-04 02:00:00+00:00,263.25
2018-09-04 03:00:00+00:00,800.5
2018-09-04 04:00:00+00:00,280.0
2018-09-04 05:00:00+00:00,146.5
2018-09-04 06:00:00+00:00,220.0
2018-09-04 07:00:00+00:00,240.5
2018-09-04 08:00:00+00:00,251.25
2018-09-04 09:00:00+00:00,265.0
2018-09-04 10:00:00+00:00,1068.5
2018-09-04 11:00:00+00:00,1530.0
2018-09-04 12:00:00+00:00,500.25
2018-09-04 13:00:00+00:00,465.0
2018-09-04 14:00:00+00:00,651.75
2018-09-04 15:00:00+00:00,263.0
2018-09-04 16:00:00+00:00,71.75
2018-09-04 17:00:00+00:00,546.25
2018-09-04 18:00:00+00:00,639.25
2018-09-04 19:00:00+00:00,609.5
2018-09-04 20:00:00+00:00,499.75
2018-09-04 21:00:00+00:00,324.0
2018-09-04 22:00:00+00:00,228.0
2018-09-04 23:00:00+00:00,176.25
2018-09-05 00:00:00+00:00,181.25
2018-09-05 01:00:00+00:00,332.25
2018-09-05 02:00:00+00:00,223.0
2018-09-05 03:00:00+00:00,840.5
2018-09-05 04:00:00+00:00,1290.25
2018-09-05 05:00:00+00:00,287.25
2018-09-05 06:00:00+00:00,361.5
2018-09-05 07:00:00+00:00,357.5
2018-09-05 08:00:00+00:00,348.0
2018-09-05 09:00:00+00:00,523.5
2018-09-05 10:00:00+00:00,1624.25
2018-09-05 11:00:00+00:00,1768.25
2018-09-05 12:00:00+00:00,1606.25
2018-09-05 13:00:00+00:00,809.5
2018-09-05 14:00:00+00:00,419.0
2018-09-05 15:00:00+00:00,291.25
2018-09-05 16:00:00+00:00,239.75
2018-09-05 17:00:00+00:00,347.25
2018-09-05 18:00:00+00:00,441.75
2018-09-05 19:00:00+00:00,569.25
2018-09-05 20:00:00+00:00,322.75
2018-09-05 21:00:00+00:00,233.5
2018-09-05 22:00:00+00:00,232.75
2018-09-05 23:00:00+00:00,249.5
2018-09-06 00:00:00+00:00,201.25
2018-09-06 01:00:00+00:00,154.25
2018-09-06 02:00:00+00:00,132.5
2018-09-06 03:00:00+00:00,625.0
2018-09-06 04:00:00+00:00,384.0
2018-09-06 05:00:00+00:00,159.25
2018-09-06 06:00:00+00:00,244.0
2018-09-06 07:00:00+00:00,361.0
2018-09-06 08:00:00+00:00,450.75
2018-09-06 09:00:00+00:00,429.25
2018-09-06 10:00:00+00:00,772.25
2018-09-06 11:00:00+00:00,1060.75
2018-09-06 12:00:00+00:00,396.5
2018-09-06 13:00:00+00:00,355.25
2018-09-06 14:00:00+00:00,322.75
2018-09-06 15:00:00+00:00,366.75
2018-09-06 16:00:00+00:00,449.75
2018-09-06 17:00:00+00:00,1014.0
2018-09-06 18:00:00+00:00,279.25
2018-09-06 19:00:00+00:00,244.75
2018-09-06 20:00:00+00:00,245.75
2018-09-06 21:00:00+00:00,241.25
2018-09-06 22:00:00+00:00,192.25
2018-09-06 23:00:00+00:00,434.75
2018-09-07 00:00:00+00:00,263.0
2018-09-07 01:00:00+00:00,246.75
2018-09-07 02:00:00+00:00,257.5
2018-09-07 03:00:00+00:00,435.25
2018-09-07 04:00:00+00:00,230.25
2018-09-07 05:00:00+00:00,168.0
2018-09-07 06:00:00+00:00,250.0
2018-09-07 07:00:00+00:00,240.75
2018-09-07 08:00:00+00:00,231.0
2018-09-07 09:00:00+00:00,308.75
2018-09-07 10:00:00+00:00,789.75
2018-09-07 11:00:00+00:00,263.0
2018-09-07 12:00:00+00:00,299.25
2018-09-07 13:00:00+00:00,470.0
2018-09-07 14:00:00+00:00,415.5
2018-09-07 15:00:00+00:00,343.75
2018-09-07 16:00:00+00:00,338.0
2018-09-07 17:00:00+00:00,434.75
2018-09-07 18:00:00+00:00,414.0
2018-09-07 19:00:00+00:00,304.5
2018-09-07 20:00:00+00:00,268.0
2018-09-07 21:00:00+00:00,166.75
2018-09-07 22:00:00+00:00,151.75
2018-09-07 23:00:00+00:00,146.0
2018-09-08 00:00:00+00:00,121.5
2018-09-08 01:00:00+00:00,131.25
2018-09-08 02:00:00+00:00,202.0
2018-09-08 03:00:00+00:00,416.25
2018-09-08 04:00:00+00:00,248.25
2018-09-08 05:00:00+00:00,203.25
2018-09-08 06:00:00+00:00,408.0
2018-09-08 07:00:00+00:00,349.0
2018-09-08 08:00:00+00:00,381.5
2018-09-08 09:00:00+00:00,464.5
2018-09-08 10:00:00+00:00,474.5
2018-09-08 11:00:00+00:00,279.75
2018-09-08 12:00:00+00:00,357.0
2018-09-08 13:00:00+00:00,271.25
2018-09-08 14:00:00+00:00,308.5
2018-09-08 15:00:00+00:00,395.75
2018-09-08 16:00:00+00:00,362.25
2018-09-08 17:00:00+00:00,463.75
2018-09-08 18:00:00+00:00,399.75
2018-09-08 19:00:00+00:00,498.0
2018-09-08 20:00:00+00:00,394.0
2018-09-08 21:00:00+00:00,374.75
2018-09-08 22:00:00+00:00,255.25
2018-09-08 23:00:00+00:00,123.5
2018-09-09 00:00:00+00:00,141.75
2018-09-09 01:00:00+00:00,132.25
2018-09-09 02:00:00+00:00,154.0
2018-09-09 03:00:00+00:00,371.0
2018-09-09 04:00:00+00:00,227.5
2018-09-09 05:00:00+00:00,227.5
2018-09-09 06:00:00+00:00,335.25
2018-09-09 07:00:00+00:00,410.75
2018-09-09 08:00:00+00:00,355.5
2018-09-09 09:00:00+00:00,438.5
2018-09-09 10:00:00+00:00,1075.0
2018-09-09 11:00:00+00:00,754.25
2018-09-09 12:00:00+00:00,339.25
2018-09-09 13:00:00+00:00,329.0
2018-09-09 14:00:00+00:00,306.25
2018-09-09 15:00:00+00:00,268.25
2018-09-09 16:00:00+00:00,524.25
2018-09-09 17:00:00+00:00,434.25
2018-09-09 18:00:00+00:00,395.75
2018-09-09 19:00:00+00:00,320.25
2018-09-09 20:00:00+00:00,263.0
2018-09-09 21:00:00+00:00,276.0
2018-09-09 22:00:00+00:00,228.5
2018-09-09 23:00:00+00:00,212.5
2018-09-10 00:00:00+00:00,139.0
2018-09-10 01:00:00+00:00,134.5
2018-09-10 02:00:00+00:00,155.75
2018-09-10 03:00:00+00:00,486.5
2018-09-10 04:00:00+00:00,177.0
2018-09-10 05:00:00+00:00,124.25
2018-09-10 06:00:00+00:00,326.0
2018-09-10 07:00:00+00:00,342.75
2018-09-10 08:00:00+00:00,364.0
2018-09-10 09:00:00+00:00,362.5
2018-09-10 10:00:00+00:00,474.5
2018-09-10 11:00:00+00:00,1158.75
2018-09-10 12:00:00+00:00,456.75
2018-09-10 13:00:00+00:00,267.25
2018-09-10 14:00:00+00:00,205.0
2018-09-10 15:00:00+00:00,954.25
2018-09-10 16:00:00+00:00,110.75
2018-09-10 17:00:00+00:00,363.25
2018-09-10 18:00:00+00:00,472.0
2018-09-10 19:00:00+00:00,480.75
2018-09-10 20:00:00+00:00,332.75
2018-09-10 21:00:00+00:00,381.75
2018-09-10 22:00:00+00:00,278.0
2018-09-10 23:00:00+00:00,282.5
2018-09-11 00:00:00+00:00,257.0
2018-09-11 01:00:00+00:00,208.25
2018-09-11 02:00:00+00:00,178.0
2018-09-11 03:00:00+00:00,498.0
2018-09-11 04:00:00+00:00,211.25
2018-09-11 05:00:00+00:00,129.25
2018-09-11 06:00:00+00:00,230.25
2018-09-11 07:00:00+00:00,297.75
2018-09-11 08:00:00+00:00,385.75
2018-09-11 09:00:00+00:00,426.0
2018-09-11 10:00:00+00:00,530.0
2018-09-11 11:00:00+00:00,382.5
2018-09-11 12:00:00+00:00,361.25
2018-09-11 13:00:00+00:00,316.75
2018-09-11 14:00:00+00:00,413.25
2018-09-11 15:00:00+00:00,371.5
2018-09-11 16:00:00+00:00,376.0
2018-09-11 17:00:00+00:00,466.75
2018-09-11 18:00:00+00:00,401.5
2018-09-11 19:00:00+00:00,389.75
2018-09-11 20:00:00+00:00,299.0
2018-09-11 21:00:00+00:00,239.25
2018-09-11 22:00:00+00:00,275.75
2018-09-11 23:00:00+00:00,272.75
2018-09-12 00:00:00+00:00,284.5
2018-09-12 01:00:00+00:00,267.0
2018-09-12 02:00:00+00:00,270.75
2018-09-12 03:00:00+00:00,544.25
2018-09-12 04:00:00+00:00,228.0
2018-09-12 05:00:00+00:00,94.0
2018-09-12 06:00:00+00:00,215.75
2018-09-12 07:00:00+00:00,236.75
2018-09-12 08:00:00+00:00,229.0
2018-09-12 09:00:00+00:00,362.75
2018-09-12 10:00:00+00:00,544.5
2018-09-12 11:00:00+00:00,367.0
2018-09-12 12:00:00+00:00,332.0
2018-09-12 13:00:00+00:00,329.0
2018-09-12 14:00:00+00:00,309.5
2018-09-12 15:00:00+00:00,295.75
2018-09-12 16:00:00+00:00,688.25
2018-09-12 17:00:00+00:00,543.25
2018-09-12 18:00:00+00:00,374.75
2018-09-12 19:00:00+00:00,387.5
2018-09-12 20:00:00+00:00,414.0
2018-09-12 21:00:00+00:00,180.75
2018-09-12 22:00:00+00:00,159.75
2018-09-12 23:00:00+00:00,154.75
2018-09-13 00:00:00+00:00,238.25
2018-09-13 01:00:00+00:00,264.0
2018-09-13 02:00:00+00:00,250.5
2018-09-13 03:00:00+00:00,529.0
2018-09-13 04:00:00+00:00,286.0
2018-09-13 05:00:00+00:00,219.75
2018-09-13 06:00:00+00:00,284.25
2018-09-13 07:00:00+00:00,233.0
2018-09-13 08:00:00+00:00,141.75
2018-09-13 09:00:00+00:00,228.0
2018-09-13 10:00:00+00:00,334.75
2018-09-13 11:00:00+00:00,216.0
2018-09-13 12:00:00+00:00,221.5
2018-09-13 13:00:00+00:00,320.75
2018-09-13 14:00:00+00:00,310.5
2018-09-13 15:00:00+00:00,278.5
2018-09-13 16:00:00+00:00,148.0
2018-09-13 17:00:00+00:00,410.5
2018-09-13 18:00:00+00:00,352.5
2018-09-13 19:00:00+00:00,437.0
2018-09-13 20:00:00+00:00,443.25
2018-09-13 21:00:00+00:00,264.75
2018-09-13 22:00:00+00:00,177.75
2018-09-13 23:00:00+00:00,169.25
2018-09-14 00:00:00+00:00,170.5
2018-09-14 01:00:00+00:00,170.25
2018-09-14 02:00:00+00:00,174.25
2018-09-14 03:00:00+00:00,527.25
2018-09-14 04:00:00+00:00,305.0
2018-09-14 05:00:00+00:00,211.25
2018-09-14 06:00:00+00:00,267.25
2018-09-14 07:00:00+00:00,297.0
2018-09-14 08:00:00+00:00,294.25
2018-09-14 09:00:00+00:00,345.75
2018-09-14 10:00:00+00:00,612.25
2018-09-14 11:00:00+00:00,265.0
2018-09-14 12:00:00+00:00,210.0
2018-09-14 13:00:00+00:00,220.5
2018-09-14 14:00:00+00:00,189.0
2018-09-14 15:00:00+00:00,194.0
2018-09-14 16:00:00+00:00,90.25
2018-09-14 17:00:00+00:00,377.25
2018-09-14 18:00:00+00:00,1042.0
2018-09-14 19:00:00+00:00,461.75
2018-09-14 20:00:00+00:00,451.3333333333333
2018-09-14 21:00:00+00:00,339.6666666666667
2018-09-14 22:00:00+00:00,341.25
2018-09-14 23:00:00+00:00,262.0
2018-09-15 00:00:00+00:00,219.25
2018-09-15 01:00:00+00:00,169.25
2018-09-15 02:00:00+00:00,183.75
2018-09-15 03:00:00+00:00,359.5
2018-09-15 04:00:00+00:00,771.0
2018-09-15 05:00:00+00:00,624.75
2018-09-15 06:00:00+00:00,803.75
2018-09-15 07:00:00+00:00,1250.0
2018-09-15 08:00:00+00:00,859.75
2018-09-15 09:00:00+00:00,1821.25
2018-09-15 10:00:00+00:00,884.75
2018-09-15 11:00:00+00:00,648.75
2018-09-15 12:00:00+00:00,1543.0
2018-09-15 13:00:00+00:00,1005.75
2018-09-15 14:00:00+00:00,465.5
2018-09-15 15:00:00+00:00,489.0
2018-09-15 16:00:00+00:00,328.0
2018-09-15 17:00:00+00:00,748.5
2018-09-15 18:00:00+00:00,518.5
2018-09-15 19:00:00+00:00,728.75
2018-09-15 20:00:00+00:00,594.75
2018-09-15 21:00:00+00:00,434.25
2018-09-15 22:00:00+00:00,275.0
2018-09-15 23:00:00+00:00,281.25
2018-09-16 00:00:00+00:00,263.5
2018-09-16 01:00:00+00:00,246.0
2018-09-16 02:00:00+00:00,196.75
2018-09-16 03:00:00+00:00,348.25
2018-09-16 04:00:00+00:00,133.5
2018-09-16 05:00:00+00:00,246.75
2018-09-16 06:00:00+00:00,378.5
2018-09-16 07:00:00+00:00,513.25
2018-09-16 08:00:00+00:00,1842.25
2018-09-16 09:00:00+00:00,1080.5
2018-09-16 10:00:00+00:00,988.5
2018-09-16 11:00:00+00:00,510.0
2018-09-16 12:00:00+00:00,384.75
2018-09-16 13:00:00+00:00,319.75
2018-09-16 14:00:00+00:00,303.0
2018-09-16 15:00:00+00:00,1075.25
2018-09-16 16:00:00+00:00,1617.5
2018-09-16 17:00:00+00:00,988.75
2018-09-16 18:00:00+00:00,1172.0
2018-09-16 19:00:00+00:00,577.0
2018-09-16 20:00:00+00:00,336.25
2018-09-16 21:00:00+00:00,265.75
2018-09-16 22:00:00+00:00,212.0
2018-09-16 23:00:00+00:00,251.5
2018-09-17 00:00:00+00:00,243.75
2018-09-17 01:00:00+00:00,242.75
2018-09-17 02:00:00+00:00,259.5
2018-09-17 03:00:00+00:00,894.75
2018-09-17 04:00:00+00:00,262.0
2018-09-17 05:00:00+00:00,115.25
2018-09-17 06:00:00+00:00,220.25
2018-09-17 07:00:00+00:00,242.0
2018-09-17 08:00:00+00:00,259.0
2018-09-17 09:00:00+00:00,309.75
2018-09-17 10:00:00+00:00,545.0
2018-09-17 11:00:00+00:00,455.25
2018-09-17 12:00:00+00:00,357.75
2018-09-17 13:00:00+00:00,337.5
2018-09-17 14:00:00+00:00,431.75
2018-09-17 15:00:00+00:00,410.0
2018-09-17 16:00:00+00:00,421.75
2018-09-17 17:00:00+00:00,895.5
2018-09-17 18:00:00+00:00,1140.25
2018-09-17 19:00:00+00:00,519.25
2018-09-17 20:00:00+00:00,398.5
2018-09-17 21:00:00+00:00,148.75
2018-09-17 22:00:00+00:00,151.75
2018-09-17 23:00:00+00:00,211.5
2018-09-18 00:00:00+00:00,239.0
2018-09-18 01:00:00+00:00,253.75
2018-09-18 02:00:00+00:00,255.75
2018-09-18 03:00:00+00:00,980.5
2018-09-18 04:00:00+00:00,1038.0
2018-09-18 05:00:00+00:00,156.75
2018-09-18 06:00:00+00:00,224.75
2018-09-18 07:00:00+00:00,276.25
2018-09-18 08:00:00+00:00,327.75
2018-09-18 09:00:00+00:00,318.0
2018-09-18 10:00:00+00:00,510.0
2018-09-18 11:00:00+00:00,380.0
2018-09-18 12:00:00+00:00,475.0
2018-09-18 13:00:00+00:00,415.75
2018-09-18 14:00:00+00:00,409.75
2018-09-18 15:00:00+00:00,317.25
2018-09-18 16:00:00+00:00,273.25
2018-09-18 17:00:00+00:00,458.75
2018-09-18 18:00:00+00:00,688.75
2018-09-18 19:00:00+00:00,666.5
2018-09-18 20:00:00+00:00,479.5
2018-09-18 21:00:00+00:00,179.25
2018-09-18 22:00:00+00:00,145.5
2018-09-18 23:00:00+00:00,125.0
2018-09-19 00:00:00+00:00,132.75
2018-09-19 01:00:00+00:00,149.75
2018-09-19 02:00:00+00:00,273.75
2018-09-19 03:00:00+00:00,826.75
2018-09-19 04:00:00+00:00,294.5
2018-09-19 05:00:00+00:00,205.0
2018-09-19 06:00:00+00:00,383.5
2018-09-19 07:00:00+00:00,426.25
2018-09-19 08:00:00+00:00,381.0
2018-09-19 09:00:00+00:00,290.75
2018-09-19 10:00:00+00:00,403.5
2018-09-19 11:00:00+00:00,538.5
2018-09-19 12:00:00+00:00,356.25
2018-09-19 13:00:00+00:00,313.5
2018-09-19 14:00:00+00:00,355.5
2018-09-19 15:00:00+00:00,331.25
2018-09-19 16:00:00+00:00,1140.75
2018-09-19 17:00:00+00:00,1686.0
2018-09-19 18:00:00+00:00,551.5
2018-09-19 19:00:00+00:00,415.25
2018-09-19 20:00:00+00:00,378.25
2018-09-19 21:00:00+00:00,236.75
2018-09-19 22:00:00+00:00,245.5
2018-09-19 23:00:00+00:00,142.25
2018-09-20 00:00:00+00:00,133.0
2018-09-20 01:00:00+00:00,134.0
2018-09-20 02:00:00+00:00,168.5
2018-09-20 03:00:00+00:00,581.75
2018-09-20 04:00:00+00:00,365.75
2018-09-20 05:00:00+00:00,285.75
2018-09-20 06:00:00+00:00,323.5
2018-09-20 07:00:00+00:00,610.0
2018-09-20 08:00:00+00:00,497.25
2018-09-20 09:00:00+00:00,366.0
2018-09-20 10:00:00+00:00,646.75
2018-09-20 11:00:00+00:00,350.5
2018-09-20 12:00:00+00:00,303.25
2018-09-20 13:00:00+00:00,263.5
2018-09-20 14:00:00+00:00,233.0
2018-09-20 15:00:00+00:00,542.25
2018-09-20 16:00:00+00:00,869.25
2018-09-20 17:00:00+00:00,1166.25
2018-09-20 18:00:00+00:00,1218.25
2018-09-20 19:00:00+00:00,399.5
2018-09-20 20:00:00+00:00,450.75
2018-09-20 21:00:00+00:00,288.5
2018-09-20 22:00:00+00:00,279.75
2018-09-20 23:00:00+00:00,235.0
2018-09-21 00:00:00+00:00,229.75
2018-09-21 01:00:00+00:00,177.5
2018-09-21 02:00:00+00:00,156.75
2018-09-21 03:00:00+00:00,491.75
2018-09-21 04:00:00+00:00,233.25
2018-09-21 05:00:00+00:00,111.5
2018-09-21 06:00:00+00:00,297.5
2018-09-21 07:00:00+00:00,337.75
2018-09-21 08:00:00+00:00,351.25
2018-09-21 09:00:00+00:00,345.75
2018-09-21 10:00:00+00:00,487.75
2018-09-21 11:00:00+00:00,310.75
2018-09-21 12:00:00+00:00,295.0
2018-09-21 13:00:00+00:00,297.5
2018-09-21 14:00:00+00:00,236.0
2018-09-21 15:00:00+00:00,123.25
2018-09-21 16:00:00+00:00,1251.75
2018-09-21 17:00:00+00:00,1776.5
2018-09-21 18:00:00+00:00,411.0
2018-09-21 19:00:00+00:00,435.25
2018-09-21 20:00:00+00:00,333.5
2018-09-21 21:00:00+00:00,220.25
2018-09-21 22:00:00+00:00,221.5
2018-09-21 23:00:00+00:00,235.5
2018-09-22 00:00:00+00:00,228.5
2018-09-22 01:00:00+00:00,246.5
2018-09-22 02:00:00+00:00,252.0
2018-09-22 03:00:00+00:00,446.25
2018-09-22 04:00:00+00:00,221.5
2018-09-22 05:00:00+00:00,100.0
2018-09-22 06:00:00+00:00,177.5
2018-09-22 07:00:00+00:00,319.5
2018-09-22 08:00:00+00:00,517.75
2018-09-22 09:00:00+00:00,1425.25
2018-09-22 10:00:00+00:00,640.0
2018-09-22 11:00:00+00:00,2757.75
2018-09-22 12:00:00+00:00,3463.75
2018-09-22 13:00:00+00:00,409.25
2018-09-22 14:00:00+00:00,327.75
2018-09-22 15:00:00+00:00,312.5
2018-09-22 16:00:00+00:00,222.75
2018-09-22 17:00:00+00:00,543.0
2018-09-22 18:00:00+00:00,470.25
2018-09-22 19:00:00+00:00,514.75
2018-09-22 20:00:00+00:00,506.25
2018-09-22 21:00:00+00:00,429.0
2018-09-22 22:00:00+00:00,326.25
2018-09-22 23:00:00+00:00,256.0
2018-09-23 00:00:00+00:00,271.75
2018-09-23 01:00:00+00:00,239.0
2018-09-23 02:00:00+00:00,322.25
2018-09-23 03:00:00+00:00,1750.0
2018-09-23 04:00:00+00:00,1224.0
2018-09-23 05:00:00+00:00,2359.25
2018-09-23 06:00:00+00:00,814.5
2018-09-23 07:00:00+00:00,1040.25
2018-09-23 08:00:00+00:00,1466.5
2018-09-23 09:00:00+00:00,2253.75
2018-09-23 10:00:00+00:00,1638.75
2018-09-23 11:00:00+00:00,339.5
2018-09-23 12:00:00+00:00,351.0
2018-09-23 13:00:00+00:00,452.75
2018-09-23 14:00:00+00:00,342.25
2018-09-23 15:00:00+00:00,240.25
2018-09-23 16:00:00+00:00,721.0
2018-09-23 17:00:00+00:00,1857.25
2018-09-23 18:00:00+00:00,1556.0
2018-09-23 19:00:00+00:00,924.0
2018-09-23 20:00:00+00:00,1455.75
2018-09-23 21:00:00+00:00,349.0
2018-09-23 22:00:00+00:00,280.75
2018-09-23 23:00:00+00:00,263.75
2018-09-24 00:00:00+00:00,264.5
2018-09-24 01:00:00+00:00,268.5
2018-09-24 02:00:00+00:00,273.25
2018-09-24 03:00:00+00:00,845.0
2018-09-24 04:00:00+00:00,249.75
2018-09-24 05:00:00+00:00,72.25
2018-09-24 06:00:00+00:00,157.5
2018-09-24 07:00:00+00:00,255.5
2018-09-24 08:00:00+00:00,402.25
2018-09-24 09:00:00+00:00,405.75
2018-09-24 10:00:00+00:00,476.0
2018-09-24 11:00:00+00:00,282.5
2018-09-24 12:00:00+00:00,334.5
2018-09-24 13:00:00+00:00,564.75
2018-09-24 14:00:00+00:00,402.25
2018-09-24 15:00:00+00:00,218.5
2018-09-24 16:00:00+00:00,162.5
2018-09-24 17:00:00+00:00,752.0
2018-09-24 18:00:00+00:00,415.0
2018-09-24 19:00:00+00:00,466.25
2018-09-24 20:00:00+00:00,436.75
2018-09-24 21:00:00+00:00,245.0
2018-09-24 22:00:00+00:00,252.75
2018-09-24 23:00:00+00:00,247.0
2018-09-25 00:00:00+00:00,224.5
2018-09-25 01:00:00+00:00,223.5
2018-09-25 02:00:00+00:00,148.25
2018-09-25 03:00:00+00:00,709.25
2018-09-25 04:00:00+00:00,195.25
2018-09-25 05:00:00+00:00,101.25
2018-09-25 06:00:00+00:00,214.25
2018-09-25 07:00:00+00:00,262.75
2018-09-25 08:00:00+00:00,370.25
2018-09-25 09:00:00+00:00,417.25
2018-09-25 10:00:00+00:00,511.0
2018-09-25 11:00:00+00:00,328.0
2018-09-25 12:00:00+00:00,348.5
2018-09-25 13:00:00+00:00,341.75
2018-09-25 14:00:00+00:00,348.0
2018-09-25 15:00:00+00:00,734.75
2018-09-25 16:00:00+00:00,2823.75
2018-09-25 17:00:00+00:00,3813.75
2018-09-25 18:00:00+00:00,1257.75
2018-09-25 19:00:00+00:00,618.0
2018-09-25 20:00:00+00:00,553.25
2018-09-25 21:00:00+00:00,289.0
2018-09-25 22:00:00+00:00,246.75
2018-09-25 23:00:00+00:00,224.75
2018-09-26 00:00:00+00:00,227.25
2018-09-26 01:00:00+00:00,226.5
2018-09-26 02:00:00+00:00,331.0
2018-09-26 03:00:00+00:00,816.25
2018-09-26 04:00:00+00:00,364.0
2018-09-26 05:00:00+00:00,231.0
2018-09-26 06:00:00+00:00,330.25
2018-09-26 07:00:00+00:00,267.5
2018-09-26 08:00:00+00:00,381.0
2018-09-26 09:00:00+00:00,397.5
2018-09-26 10:00:00+00:00,525.0
2018-09-26 11:00:00+00:00,373.75
2018-09-26 12:00:00+00:00,323.5
2018-09-26 13:00:00+00:00,310.25
2018-09-26 14:00:00+00:00,381.5
2018-09-26 15:00:00+00:00,361.0
2018-09-26 16:00:00+00:00,572.0
2018-09-26 17:00:00+00:00,2093.75
2018-09-26 18:00:00+00:00,746.0
2018-09-26 19:00:00+00:00,401.75
2018-09-26 20:00:00+00:00,223.75
2018-09-26 21:00:00+00:00,132.5
2018-09-26 22:00:00+00:00,240.75
2018-09-26 23:00:00+00:00,231.5
2018-09-27 00:00:00+00:00,250.5
2018-09-27 01:00:00+00:00,230.25
2018-09-27 02:00:00+00:00,248.25
2018-09-27 03:00:00+00:00,825.0
2018-09-27 04:00:00+00:00,206.5
2018-09-27 05:00:00+00:00,91.0
2018-09-27 06:00:00+00:00,202.0
2018-09-27 07:00:00+00:00,260.0
2018-09-27 08:00:00+00:00,249.0
2018-09-27 09:00:00+00:00,284.75
2018-09-27 10:00:00+00:00,564.75
2018-09-27 11:00:00+00:00,458.25
2018-09-27 12:00:00+00:00,1061.75
2018-09-27 13:00:00+00:00,566.0
2018-09-27 14:00:00+00:00,1011.75
2018-09-27 15:00:00+00:00,396.25
2018-09-27 16:00:00+00:00,244.0
2018-09-27 17:00:00+00:00,923.75
2018-09-27 18:00:00+00:00,1507.5
2018-09-27 19:00:00+00:00,842.5
2018-09-27 20:00:00+00:00,844.5
2018-09-27 21:00:00+00:00,606.25
2018-09-27 22:00:00+00:00,278.5
2018-09-27 23:00:00+00:00,144.0
2018-09-28 00:00:00+00:00,137.25
2018-09-28 01:00:00+00:00,134.25
2018-09-28 02:00:00+00:00,213.0
2018-09-28 03:00:00+00:00,775.0
2018-09-28 04:00:00+00:00,329.0
2018-09-28 05:00:00+00:00,176.75
2018-09-28 06:00:00+00:00,739.0
2018-09-28 07:00:00+00:00,1273.0
2018-09-28 08:00:00+00:00,581.0
2018-09-28 09:00:00+00:00,1563.5
2018-09-28 10:00:00+00:00,543.0
2018-09-28 11:00:00+00:00,337.75
2018-09-28 12:00:00+00:00,290.5
2018-09-28 13:00:00+00:00,241.5
2018-09-28 14:00:00+00:00,281.0
2018-09-28 15:00:00+00:00,445.25
2018-09-28 16:00:00+00:00,553.25
2018-09-28 17:00:00+00:00,793.5
2018-09-28 18:00:00+00:00,552.75
2018-09-28 19:00:00+00:00,571.75
2018-09-28 20:00:00+00:00,493.25
2018-09-28 21:00:00+00:00,195.75
2018-09-28 22:00:00+00:00,129.0
2018-09-28 23:00:00+00:00,125.0
2018-09-29 00:00:00+00:00,145.25
2018-09-29 01:00:00+00:00,142.5
2018-09-29 02:00:00+00:00,136.25
2018-09-29 03:00:00+00:00,359.75
2018-09-29 04:00:00+00:00,247.25
2018-09-29 05:00:00+00:00,482.5
2018-09-29 06:00:00+00:00,530.75
2018-09-29 07:00:00+00:00,613.5
2018-09-29 08:00:00+00:00,348.5
2018-09-29 09:00:00+00:00,401.0
2018-09-29 10:00:00+00:00,581.5
2018-09-29 11:00:00+00:00,289.0
2018-09-29 12:00:00+00:00,1442.0
2018-09-29 13:00:00+00:00,2211.75
2018-09-29 14:00:00+00:00,732.5
2018-09-29 15:00:00+00:00,608.5
2018-09-29 16:00:00+00:00,870.5
2018-09-29 17:00:00+00:00,1545.0
2018-09-29 18:00:00+00:00,546.5
2018-09-29 19:00:00+00:00,527.25
2018-09-29 20:00:00+00:00,523.0
2018-09-29 21:00:00+00:00,553.25
2018-09-29 22:00:00+00:00,257.0
2018-09-29 23:00:00+00:00,166.5
2018-09-30 00:00:00+00:00,132.25
2018-09-30 01:00:00+00:00,127.75
2018-09-30 02:00:00+00:00,141.5
2018-09-30 03:00:00+00:00,389.5
2018-09-30 04:00:00+00:00,263.5
2018-09-30 05:00:00+00:00,1154.75
2018-09-30 06:00:00+00:00,2076.0
2018-09-30 07:00:00+00:00,1622.0
2018-09-30 08:00:00+00:00,1369.5
2018-09-30 09:00:00+00:00,1625.25
2018-09-30 10:00:00+00:00,1275.25
2018-09-30 11:00:00+00:00,920.5
2018-09-30 12:00:00+00:00,885.25
2018-09-30 13:00:00+00:00,429.0
2018-09-30 14:00:00+00:00,598.5
2018-09-30 15:00:00+00:00,445.0
2018-09-30 16:00:00+00:00,406.5
2018-09-30 17:00:00+00:00,889.25
2018-09-30 18:00:00+00:00,1444.75
2018-09-30 19:00:00+00:00,1294.25
2018-09-30 20:00:00+00:00,1316.25
2018-09-30 21:00:00+00:00,606.75
2018-09-30 22:00:00+00:00,388.5
2018-09-30 23:00:00+00:00,343.25
2018-10-01 00:00:00+00:00,305.25
2018-10-01 01:00:00+00:00,321.75
2018-10-01 02:00:00+00:00,292.0
2018-10-01 03:00:00+00:00,450.75
2018-10-01 04:00:00+00:00,684.0
2018-10-01 05:00:00+00:00,644.5
2018-10-01 06:00:00+00:00,220.75
2018-10-01 07:00:00+00:00,376.75
2018-10-01 08:00:00+00:00,321.5
2018-10-01 09:00:00+00:00,346.5
2018-10-01 10:00:00+00:00,638.25
2018-10-01 11:00:00+00:00,650.75
2018-10-01 12:00:00+00:00,218.5
2018-10-01 13:00:00+00:00,478.0
2018-10-01 14:00:00+00:00,589.0
2018-10-01 15:00:00+00:00,397.75
2018-10-01 16:00:00+00:00,1398.0
2018-10-01 17:00:00+00:00,3366.0
2018-10-01 18:00:00+00:00,823.75
2018-10-01 19:00:00+00:00,595.5
2018-10-01 20:00:00+00:00,588.5
2018-10-01 21:00:00+00:00,368.75
2018-10-01 22:00:00+00:00,280.75
2018-10-01 23:00:00+00:00,289.75
2018-10-02 00:00:00+00:00,397.0
2018-10-02 01:00:00+00:00,361.5
2018-10-02 02:00:00+00:00,430.5
2018-10-02 03:00:00+00:00,457.5
2018-10-02 04:00:00+00:00,1006.5
2018-10-02 05:00:00+00:00,790.25
2018-10-02 06:00:00+00:00,472.0
2018-10-02 07:00:00+00:00,374.0
2018-10-02 08:00:00+00:00,470.25
2018-10-02 09:00:00+00:00,437.25
2018-10-02 10:00:00+00:00,463.0
2018-10-02 11:00:00+00:00,3000.5
2018-10-02 12:00:00+00:00,3592.25
2018-10-02 13:00:00+00:00,2602.75
2018-10-02 14:00:00+00:00,316.0
2018-10-02 15:00:00+00:00,507.5
2018-10-02 16:00:00+00:00,852.5
2018-10-02 17:00:00+00:00,939.75
2018-10-02 18:00:00+00:00,776.5
2018-10-02 19:00:00+00:00,672.25
2018-10-02 20:00:00+00:00,579.75
2018-10-02 21:00:00+00:00,415.75
2018-10-02 22:00:00+00:00,292.0
2018-10-02 23:00:00+00:00,277.75
2018-10-03 00:00:00+00:00,356.25
2018-10-03 01:00:00+00:00,369.75
2018-10-03 02:00:00+00:00,348.25
2018-10-03 03:00:00+00:00,462.75
2018-10-03 04:00:00+00:00,387.25
2018-10-03 05:00:00+00:00,409.5
2018-10-03 06:00:00+00:00,577.25
2018-10-03 07:00:00+00:00,485.0
2018-10-03 08:00:00+00:00,1083.5
2018-10-03 09:00:00+00:00,1225.5
2018-10-03 10:00:00+00:00,1593.75
2018-10-03 11:00:00+00:00,1885.25
2018-10-03 12:00:00+00:00,1432.75
2018-10-03 13:00:00+00:00,979.5
2018-10-03 14:00:00+00:00,584.75
2018-10-03 15:00:00+00:00,615.0
2018-10-03 16:00:00+00:00,1020.75
2018-10-03 17:00:00+00:00,1934.0
2018-10-03 18:00:00+00:00,1187.0
2018-10-03 19:00:00+00:00,967.0
2018-10-03 20:00:00+00:00,618.5
2018-10-03 21:00:00+00:00,434.25
2018-10-03 22:00:00+00:00,363.5
2018-10-03 23:00:00+00:00,315.5
2018-10-04 00:00:00+00:00,323.75
2018-10-04 01:00:00+00:00,349.25
2018-10-04 02:00:00+00:00,397.25
2018-10-04 03:00:00+00:00,492.75
2018-10-04 04:00:00+00:00,444.75
2018-10-04 05:00:00+00:00,553.25
2018-10-04 06:00:00+00:00,1418.0
2018-10-04 07:00:00+00:00,2032.0
2018-10-04 08:00:00+00:00,653.75
2018-10-04 09:00:00+00:00,498.25
2018-10-04 10:00:00+00:00,2040.25
2018-10-04 11:00:00+00:00,1807.5
2018-10-04 12:00:00+00:00,391.75
2018-10-04 13:00:00+00:00,394.25
2018-10-04 14:00:00+00:00,658.0
2018-10-04 15:00:00+00:00,630.75
2018-10-04 16:00:00+00:00,609.25
2018-10-04 17:00:00+00:00,2165.75
2018-10-04 18:00:00+00:00,1403.0
2018-10-04 19:00:00+00:00,658.0
2018-10-04 20:00:00+00:00,755.75
2018-10-04 21:00:00+00:00,758.0
2018-10-04 22:00:00+00:00,291.75
2018-10-04 23:00:00+00:00,286.75
2018-10-05 00:00:00+00:00,291.25
2018-10-05 01:00:00+00:00,305.75
2018-10-05 02:00:00+00:00,289.0
2018-10-05 03:00:00+00:00,331.75
2018-10-05 04:00:00+00:00,406.25
2018-10-05 05:00:00+00:00,544.0
2018-10-05 06:00:00+00:00,746.25
2018-10-05 07:00:00+00:00,547.75
2018-10-05 08:00:00+00:00,570.5
2018-10-05 09:00:00+00:00,592.0
2018-10-05 10:00:00+00:00,674.75
2018-10-05 11:00:00+00:00,510.5
2018-10-05 12:00:00+00:00,410.25
2018-10-05 13:00:00+00:00,320.0
2018-10-05 14:00:00+00:00,313.0
2018-10-05 15:00:00+00:00,311.0
2018-10-05 16:00:00+00:00,223.0
2018-10-05 17:00:00+00:00,337.75
2018-10-05 18:00:00+00:00,591.5
2018-10-05 19:00:00+00:00,851.25
2018-10-05 20:00:00+00:00,783.25
2018-10-05 21:00:00+00:00,385.5
2018-10-05 22:00:00+00:00,353.25
2018-10-05 23:00:00+00:00,411.75
2018-10-06 00:00:00+00:00,387.5
2018-10-06 01:00:00+00:00,313.5
2018-10-06 02:00:00+00:00,301.25
2018-10-06 03:00:00+00:00,370.75
2018-10-06 04:00:00+00:00,308.75
2018-10-06 05:00:00+00:00,316.25
2018-10-06 06:00:00+00:00,422.0
2018-10-06 07:00:00+00:00,462.25
2018-10-06 08:00:00+00:00,1069.25
2018-10-06 09:00:00+00:00,1674.0
2018-10-06 10:00:00+00:00,1962.5
2018-10-06 11:00:00+00:00,692.75
2018-10-06 12:00:00+00:00,2155.0
2018-10-06 13:00:00+00:00,1257.0
2018-10-06 14:00:00+00:00,337.75
2018-10-06 15:00:00+00:00,210.25
2018-10-06 16:00:00+00:00,4366.25
2018-10-06 17:00:00+00:00,2554.0
2018-10-06 18:00:00+00:00,2074.75
2018-10-06 19:00:00+00:00,1594.5
2018-10-06 20:00:00+00:00,641.75
2018-10-06 21:00:00+00:00,508.75
2018-10-06 22:00:00+00:00,684.75
2018-10-06 23:00:00+00:00,453.25
2018-10-07 00:00:00+00:00,369.5
2018-10-07 01:00:00+00:00,388.75
2018-10-07 02:00:00+00:00,380.25
2018-10-07 03:00:00+00:00,504.5
2018-10-07 04:00:00+00:00,350.75
2018-10-07 05:00:00+00:00,746.0
2018-10-07 06:00:00+00:00,1040.75
2018-10-07 07:00:00+00:00,1697.25
2018-10-07 08:00:00+00:00,1114.25
2018-10-07 09:00:00+00:00,1753.5
2018-10-07 10:00:00+00:00,990.0
2018-10-07 11:00:00+00:00,528.25
2018-10-07 12:00:00+00:00,915.75
2018-10-07 13:00:00+00:00,709.0
2018-10-07 14:00:00+00:00,332.25
2018-10-07 15:00:00+00:00,346.75
2018-10-07 16:00:00+00:00,486.75
2018-10-07 17:00:00+00:00,643.25
2018-10-07 18:00:00+00:00,550.0
2018-10-07 19:00:00+00:00,562.75
2018-10-07 20:00:00+00:00,515.25
2018-10-07 21:00:00+00:00,284.0
2018-10-07 22:00:00+00:00,287.5
2018-10-07 23:00:00+00:00,352.25
2018-10-08 00:00:00+00:00,374.25
2018-10-08 01:00:00+00:00,391.75
2018-10-08 02:00:00+00:00,374.5
2018-10-08 03:00:00+00:00,457.0
2018-10-08 04:00:00+00:00,395.75
2018-10-08 05:00:00+00:00,375.25
2018-10-08 06:00:00+00:00,562.5
2018-10-08 07:00:00+00:00,1066.75
2018-10-08 08:00:00+00:00,1243.0
2018-10-08 09:00:00+00:00,1525.5
2018-10-08 10:00:00+00:00,1238.0
2018-10-08 11:00:00+00:00,1234.75
2018-10-08 12:00:00+00:00,1164.5
2018-10-08 13:00:00+00:00,1134.75
2018-10-08 14:00:00+00:00,1185.75
2018-10-08 15:00:00+00:00,1370.5
2018-10-08 16:00:00+00:00,1634.0
2018-10-08 17:00:00+00:00,2101.75
2018-10-08 18:00:00+00:00,1061.0
2018-10-08 19:00:00+00:00,1118.5
2018-10-08 20:00:00+00:00,602.5
2018-10-08 21:00:00+00:00,563.25
2018-10-08 22:00:00+00:00,367.75
2018-10-08 23:00:00+00:00,299.25
2018-10-09 00:00:00+00:00,260.75
2018-10-09 01:00:00+00:00,278.25
2018-10-09 02:00:00+00:00,371.75
2018-10-09 03:00:00+00:00,440.75
2018-10-09 04:00:00+00:00,402.25
2018-10-09 05:00:00+00:00,368.25
2018-10-09 06:00:00+00:00,576.75
2018-10-09 07:00:00+00:00,872.75
2018-10-09 08:00:00+00:00,1172.0
2018-10-09 09:00:00+00:00,1163.75
2018-10-09 10:00:00+00:00,1231.5
2018-10-09 11:00:00+00:00,1351.0
2018-10-09 12:00:00+00:00,797.75
2018-10-09 13:00:00+00:00,401.5
2018-10-09 14:00:00+00:00,598.0
2018-10-09 15:00:00+00:00,399.5
2018-10-09 16:00:00+00:00,495.0
2018-10-09 17:00:00+00:00,1001.0
2018-10-09 18:00:00+00:00,913.75
2018-10-09 19:00:00+00:00,782.25
2018-10-09 20:00:00+00:00,781.75
2018-10-09 21:00:00+00:00,570.5
2018-10-09 22:00:00+00:00,262.5
2018-10-09 23:00:00+00:00,292.5
2018-10-10 00:00:00+00:00,296.25
2018-10-10 01:00:00+00:00,290.75
2018-10-10 02:00:00+00:00,305.5
2018-10-10 03:00:00+00:00,467.75
2018-10-10 04:00:00+00:00,434.25
2018-10-10 05:00:00+00:00,388.75
2018-10-10 06:00:00+00:00,471.75
2018-10-10 07:00:00+00:00,1377.25
2018-10-10 08:00:00+00:00,1289.75
2018-10-10 09:00:00+00:00,1280.25
2018-10-10 10:00:00+00:00,1323.0
2018-10-10 11:00:00+00:00,1258.25
2018-10-10 12:00:00+00:00,1624.75
2018-10-10 13:00:00+00:00,2068.5
2018-10-10 14:00:00+00:00,2345.75
2018-10-10 15:00:00+00:00,2570.25
2018-10-10 16:00:00+00:00,1270.5
2018-10-10 17:00:00+00:00,3550.5
2018-10-10 18:00:00+00:00,2171.0
2018-10-10 19:00:00+00:00,2388.25
2018-10-10 20:00:00+00:00,1204.5
2018-10-10 21:00:00+00:00,523.75
2018-10-10 22:00:00+00:00,379.0
2018-10-10 23:00:00+00:00,362.5
2018-10-11 00:00:00+00:00,266.0
2018-10-11 01:00:00+00:00,251.5
2018-10-11 02:00:00+00:00,293.0
2018-10-11 03:00:00+00:00,576.0
2018-10-11 04:00:00+00:00,541.25
2018-10-11 05:00:00+00:00,562.25
2018-10-11 06:00:00+00:00,511.5
2018-10-11 07:00:00+00:00,1224.75
2018-10-11 08:00:00+00:00,432.75
2018-10-11 09:00:00+00:00,362.75
2018-10-11 10:00:00+00:00,690.25
2018-10-11 11:00:00+00:00,1453.75
2018-10-11 12:00:00+00:00,404.0
2018-10-11 13:00:00+00:00,314.0
2018-10-11 14:00:00+00:00,241.5
2018-10-11 15:00:00+00:00,147.75
2018-10-11 16:00:00+00:00,396.0
2018-10-11 17:00:00+00:00,1046.25
2018-10-11 18:00:00+00:00,340.0
2018-10-11 19:00:00+00:00,337.0
2018-10-11 20:00:00+00:00,437.5
2018-10-11 21:00:00+00:00,406.25
2018-10-11 22:00:00+00:00,388.5
2018-10-11 23:00:00+00:00,366.5
2018-10-12 00:00:00+00:00,333.75
2018-10-12 01:00:00+00:00,341.0
2018-10-12 02:00:00+00:00,330.75
2018-10-12 03:00:00+00:00,407.75
2018-10-12 04:00:00+00:00,250.0
2018-10-12 05:00:00+00:00,264.75
2018-10-12 06:00:00+00:00,298.25
2018-10-12 07:00:00+00:00,354.5
2018-10-12 08:00:00+00:00,322.75
2018-10-12 09:00:00+00:00,340.25
2018-10-12 10:00:00+00:00,553.75
2018-10-12 11:00:00+00:00,444.75
2018-10-12 12:00:00+00:00,325.5
2018-10-12 13:00:00+00:00,299.5
2018-10-12 14:00:00+00:00,313.5
2018-10-12 15:00:00+00:00,262.0
2018-10-12 16:00:00+00:00,275.75
2018-10-12 17:00:00+00:00,407.0
2018-10-12 18:00:00+00:00,249.75
2018-10-12 19:00:00+00:00,256.0
2018-10-12 20:00:00+00:00,229.25
2018-10-12 21:00:00+00:00,232.0
2018-10-12 22:00:00+00:00,245.5
2018-10-12 23:00:00+00:00,238.25
2018-10-13 00:00:00+00:00,323.25
2018-10-13 01:00:00+00:00,338.25
2018-10-13 02:00:00+00:00,371.5
2018-10-13 03:00:00+00:00,452.5
2018-10-13 04:00:00+00:00,359.75
2018-10-13 05:00:00+00:00,366.25
2018-10-13 06:00:00+00:00,373.75
2018-10-13 07:00:00+00:00,393.75
2018-10-13 08:00:00+00:00,341.0
2018-10-13 09:00:00+00:00,358.75
2018-10-13 10:00:00+00:00,408.0
2018-10-13 11:00:00+00:00,317.0
2018-10-13 12:00:00+00:00,258.5
2018-10-13 13:00:00+00:00,267.5
2018-10-13 14:00:00+00:00,298.0
2018-10-13 15:00:00+00:00,262.5
2018-10-13 16:00:00+00:00,309.5
2018-10-13 17:00:00+00:00,397.25
2018-10-13 18:00:00+00:00,328.75
2018-10-13 19:00:00+00:00,355.5
2018-10-13 20:00:00+00:00,346.25
2018-10-13 21:00:00+00:00,305.0
2018-10-13 22:00:00+00:00,225.75
2018-10-13 23:00:00+00:00,251.75
2018-10-14 00:00:00+00:00,250.0
2018-10-14 01:00:00+00:00,250.0
2018-10-14 02:00:00+00:00,228.5
2018-10-14 03:00:00+00:00,340.75
2018-10-14 04:00:00+00:00,371.75
2018-10-14 05:00:00+00:00,353.0
2018-10-14 06:00:00+00:00,408.75
2018-10-14 07:00:00+00:00,428.0
2018-10-14 08:00:00+00:00,403.0
2018-10-14 09:00:00+00:00,479.0
2018-10-14 10:00:00+00:00,504.5
2018-10-14 11:00:00+00:00,403.75
2018-10-14 12:00:00+00:00,372.75
2018-10-14 13:00:00+00:00,300.0
2018-10-14 14:00:00+00:00,205.0
2018-10-14 15:00:00+00:00,220.5
2018-10-14 16:00:00+00:00,419.25
2018-10-14 17:00:00+00:00,387.25
2018-10-14 18:00:00+00:00,284.5
2018-10-14 19:00:00+00:00,305.75
2018-10-14 20:00:00+00:00,368.5
2018-10-14 21:00:00+00:00,346.0
2018-10-14 22:00:00+00:00,343.75
2018-10-14 23:00:00+00:00,342.75
2018-10-15 00:00:00+00:00,361.25
2018-10-15 01:00:00+00:00,343.75
2018-10-15 02:00:00+00:00,362.5
2018-10-15 03:00:00+00:00,384.25
2018-10-15 04:00:00+00:00,456.0
2018-10-15 05:00:00+00:00,304.75
2018-10-15 06:00:00+00:00,283.75
2018-10-15 07:00:00+00:00,310.0
2018-10-15 08:00:00+00:00,325.0
2018-10-15 09:00:00+00:00,378.25
2018-10-15 10:00:00+00:00,512.25
2018-10-15 11:00:00+00:00,416.5
2018-10-15 12:00:00+00:00,536.0
2018-10-15 13:00:00+00:00,952.75
2018-10-15 14:00:00+00:00,1144.0
2018-10-15 15:00:00+00:00,1545.75
2018-10-15 16:00:00+00:00,1896.0
2018-10-15 17:00:00+00:00,979.25
2018-10-15 18:00:00+00:00,633.75
2018-10-15 19:00:00+00:00,586.0
2018-10-15 20:00:00+00:00,472.0
2018-10-15 21:00:00+00:00,235.75
2018-10-15 22:00:00+00:00,237.0
2018-10-15 23:00:00+00:00,267.0
2018-10-16 00:00:00+00:00,681.0
2018-10-16 01:00:00+00:00,489.75
2018-10-16 02:00:00+00:00,345.25
2018-10-16 03:00:00+00:00,444.25
2018-10-16 04:00:00+00:00,391.0
2018-10-16 05:00:00+00:00,378.0
2018-10-16 06:00:00+00:00,360.5
2018-10-16 07:00:00+00:00,647.75
2018-10-16 08:00:00+00:00,990.5
2018-10-16 09:00:00+00:00,1239.0
2018-10-16 10:00:00+00:00,1615.25
2018-10-16 11:00:00+00:00,1331.25
2018-10-16 12:00:00+00:00,1303.5
2018-10-16 13:00:00+00:00,993.0
2018-10-16 14:00:00+00:00,518.75
2018-10-16 15:00:00+00:00,258.25
2018-10-16 16:00:00+00:00,573.5
2018-10-16 17:00:00+00:00,710.75
2018-10-16 18:00:00+00:00,1084.5
2018-10-16 19:00:00+00:00,648.25
2018-10-16 20:00:00+00:00,594.25
2018-10-16 21:00:00+00:00,421.0
2018-10-16 22:00:00+00:00,347.0
2018-10-16 23:00:00+00:00,266.25
2018-10-17 00:00:00+00:00,286.5
2018-10-17 01:00:00+00:00,254.25
2018-10-17 02:00:00+00:00,243.75
2018-10-17 03:00:00+00:00,352.5
2018-10-17 04:00:00+00:00,959.0
2018-10-17 05:00:00+00:00,1242.0
2018-10-17 06:00:00+00:00,1006.25
2018-10-17 07:00:00+00:00,1191.25
2018-10-17 08:00:00+00:00,1081.25
2018-10-17 09:00:00+00:00,562.0
2018-10-17 10:00:00+00:00,1462.0
2018-10-17 11:00:00+00:00,534.75
2018-10-17 12:00:00+00:00,482.0
2018-10-17 13:00:00+00:00,1441.5
2018-10-17 14:00:00+00:00,1091.25
2018-10-17 15:00:00+00:00,541.0
2018-10-17 16:00:00+00:00,264.75
2018-10-17 17:00:00+00:00,394.25
2018-10-17 18:00:00+00:00,546.5
2018-10-17 19:00:00+00:00,798.75
2018-10-17 20:00:00+00:00,652.25
2018-10-17 21:00:00+00:00,451.75
2018-10-17 22:00:00+00:00,452.5
2018-10-17 23:00:00+00:00,355.75
2018-10-18 00:00:00+00:00,349.5
2018-10-18 01:00:00+00:00,262.5
2018-10-18 02:00:00+00:00,274.75
2018-10-18 03:00:00+00:00,470.75
2018-10-18 04:00:00+00:00,712.25
2018-10-18 05:00:00+00:00,403.0
2018-10-18 06:00:00+00:00,269.0
2018-10-18 07:00:00+00:00,555.25
2018-10-18 08:00:00+00:00,525.5
2018-10-18 09:00:00+00:00,1285.75
2018-10-18 10:00:00+00:00,982.5
2018-10-18 11:00:00+00:00,405.75
2018-10-18 12:00:00+00:00,359.5
2018-10-18 13:00:00+00:00,312.0
2018-10-18 14:00:00+00:00,746.75
2018-10-18 15:00:00+00:00,587.5
2018-10-18 16:00:00+00:00,1346.75
2018-10-18 17:00:00+00:00,2854.75
2018-10-18 18:00:00+00:00,1884.5
2018-10-18 19:00:00+00:00,897.75
2018-10-18 20:00:00+00:00,1576.0
2018-10-18 21:00:00+00:00,1314.25
2018-10-18 22:00:00+00:00,771.5
2018-10-18 23:00:00+00:00,391.75
2018-10-19 00:00:00+00:00,335.0
2018-10-19 01:00:00+00:00,367.0
2018-10-19 02:00:00+00:00,383.25
2018-10-19 03:00:00+00:00,471.0
2018-10-19 04:00:00+00:00,700.5
2018-10-19 05:00:00+00:00,895.75
2018-10-19 06:00:00+00:00,337.0
2018-10-19 07:00:00+00:00,324.5
2018-10-19 08:00:00+00:00,380.25
2018-10-19 09:00:00+00:00,955.0
2018-10-19 10:00:00+00:00,546.0
2018-10-19 11:00:00+00:00,480.75
2018-10-19 12:00:00+00:00,469.75
2018-10-19 13:00:00+00:00,333.0
2018-10-19 14:00:00+00:00,318.25
2018-10-19 15:00:00+00:00,194.75
2018-10-19 16:00:00+00:00,309.5
2018-10-19 17:00:00+00:00,282.5
2018-10-19 18:00:00+00:00,269.75
2018-10-19 19:00:00+00:00,268.25
2018-10-19 20:00:00+00:00,254.5
2018-10-19 21:00:00+00:00,260.25
2018-10-19 22:00:00+00:00,333.5
2018-10-19 23:00:00+00:00,347.5
2018-10-20 00:00:00+00:00,356.25
2018-10-20 01:00:00+00:00,363.75
2018-10-20 02:00:00+00:00,344.25
2018-10-20 03:00:00+00:00,433.5
2018-10-20 04:00:00+00:00,258.0
2018-10-20 05:00:00+00:00,284.75
2018-10-20 06:00:00+00:00,251.25
2018-10-20 07:00:00+00:00,301.0
2018-10-20 08:00:00+00:00,434.5
2018-10-20 09:00:00+00:00,397.5
2018-10-20 10:00:00+00:00,512.0
2018-10-20 11:00:00+00:00,431.75
2018-10-20 12:00:00+00:00,387.5
2018-10-20 13:00:00+00:00,401.25
2018-10-20 14:00:00+00:00,380.75
2018-10-20 15:00:00+00:00,319.75
2018-10-20 16:00:00+00:00,400.5
2018-10-20 17:00:00+00:00,292.5
2018-10-20 18:00:00+00:00,271.75
2018-10-20 19:00:00+00:00,256.0
2018-10-20 20:00:00+00:00,282.25
2018-10-20 21:00:00+00:00,226.75
2018-10-20 22:00:00+00:00,250.25
2018-10-20 23:00:00+00:00,317.25
2018-10-21 00:00:00+00:00,364.25
2018-10-21 01:00:00+00:00,375.5
2018-10-21 02:00:00+00:00,363.25
2018-10-21 03:00:00+00:00,442.25
2018-10-21 04:00:00+00:00,399.25
2018-10-21 05:00:00+00:00,349.25
2018-10-21 06:00:00+00:00,322.75
2018-10-21 07:00:00+00:00,299.75
2018-10-21 08:00:00+00:00,372.25
2018-10-21 09:00:00+00:00,492.25
2018-10-21 10:00:00+00:00,585.75
2018-10-21 11:00:00+00:00,615.25
2018-10-21 12:00:00+00:00,437.25
2018-10-21 13:00:00+00:00,454.5
2018-10-21 14:00:00+00:00,404.5
2018-10-21 15:00:00+00:00,1060.0
2018-10-21 16:00:00+00:00,690.25
2018-10-21 17:00:00+00:00,3113.75
2018-10-21 18:00:00+00:00,3982.5
2018-10-21 19:00:00+00:00,1723.0
2018-10-21 20:00:00+00:00,356.5
2018-10-21 21:00:00+00:00,285.0
2018-10-21 22:00:00+00:00,265.0
2018-10-21 23:00:00+00:00,267.5
2018-10-22 00:00:00+00:00,261.75
2018-10-22 01:00:00+00:00,333.0
2018-10-22 02:00:00+00:00,395.5
2018-10-22 03:00:00+00:00,812.5
2018-10-22 04:00:00+00:00,450.75
2018-10-22 05:00:00+00:00,400.75
2018-10-22 06:00:00+00:00,889.25
2018-10-22 07:00:00+00:00,440.25
2018-10-22 08:00:00+00:00,354.25
2018-10-22 09:00:00+00:00,379.5
2018-10-22 10:00:00+00:00,417.0
2018-10-22 11:00:00+00:00,288.5
2018-10-22 12:00:00+00:00,298.25
2018-10-22 13:00:00+00:00,364.75
2018-10-22 14:00:00+00:00,524.75
2018-10-22 15:00:00+00:00,778.75
2018-10-22 16:00:00+00:00,853.0
2018-10-22 17:00:00+00:00,706.5
2018-10-22 18:00:00+00:00,514.0
2018-10-22 19:00:00+00:00,532.75
2018-10-22 20:00:00+00:00,497.75
2018-10-22 21:00:00+00:00,277.25
2018-10-22 22:00:00+00:00,251.25
2018-10-22 23:00:00+00:00,264.0
2018-10-23 00:00:00+00:00,246.5
2018-10-23 01:00:00+00:00,249.75
2018-10-23 02:00:00+00:00,262.25
2018-10-23 03:00:00+00:00,795.75
2018-10-23 04:00:00+00:00,465.25
2018-10-23 05:00:00+00:00,392.25
2018-10-23 06:00:00+00:00,399.25
2018-10-23 07:00:00+00:00,356.0
2018-10-23 08:00:00+00:00,382.5
2018-10-23 09:00:00+00:00,343.25
2018-10-23 10:00:00+00:00,362.25
2018-10-23 11:00:00+00:00,253.5
2018-10-23 12:00:00+00:00,258.0
2018-10-23 13:00:00+00:00,302.0
2018-10-23 14:00:00+00:00,192.75
2018-10-23 15:00:00+00:00,523.75
2018-10-23 16:00:00+00:00,447.5
2018-10-23 17:00:00+00:00,412.5
2018-10-23 18:00:00+00:00,572.75
2018-10-23 19:00:00+00:00,519.75
2018-10-23 20:00:00+00:00,455.75
2018-10-23 21:00:00+00:00,351.75
2018-10-23 22:00:00+00:00,212.0
2018-10-23 23:00:00+00:00,268.0
2018-10-24 00:00:00+00:00,226.5
2018-10-24 01:00:00+00:00,278.0
2018-10-24 02:00:00+00:00,232.75
2018-10-24 03:00:00+00:00,835.0
2018-10-24 04:00:00+00:00,485.0
2018-10-24 05:00:00+00:00,425.25
2018-10-24 06:00:00+00:00,383.25
2018-10-24 07:00:00+00:00,263.75
2018-10-24 08:00:00+00:00,229.75
2018-10-24 09:00:00+00:00,314.5
2018-10-24 10:00:00+00:00,601.0
2018-10-24 11:00:00+00:00,262.5
2018-10-24 12:00:00+00:00,285.0
2018-10-24 13:00:00+00:00,308.25
2018-10-24 14:00:00+00:00,228.25
2018-10-24 15:00:00+00:00,843.75
2018-10-24 16:00:00+00:00,4710.0
2018-10-24 17:00:00+00:00,3498.25
2018-10-24 18:00:00+00:00,2454.75
2018-10-24 19:00:00+00:00,1712.25
2018-10-24 20:00:00+00:00,610.75
2018-10-24 21:00:00+00:00,359.25
2018-10-24 22:00:00+00:00,255.25
2018-10-24 23:00:00+00:00,276.0
2018-10-25 00:00:00+00:00,241.5
2018-10-25 01:00:00+00:00,247.25
2018-10-25 02:00:00+00:00,272.75
2018-10-25 03:00:00+00:00,737.0
2018-10-25 04:00:00+00:00,1070.25
2018-10-25 05:00:00+00:00,531.5
2018-10-25 06:00:00+00:00,373.5
2018-10-25 07:00:00+00:00,286.0
2018-10-25 08:00:00+00:00,300.25
2018-10-25 09:00:00+00:00,369.25
2018-10-25 10:00:00+00:00,370.75
2018-10-25 11:00:00+00:00,277.25
2018-10-25 12:00:00+00:00,184.75
2018-10-25 13:00:00+00:00,322.75
2018-10-25 14:00:00+00:00,1228.75
2018-10-25 15:00:00+00:00,3605.75
2018-10-25 16:00:00+00:00,3923.25
2018-10-25 17:00:00+00:00,4464.0
2018-10-25 18:00:00+00:00,997.25
2018-10-25 19:00:00+00:00,476.0
2018-10-25 20:00:00+00:00,464.5
2018-10-25 21:00:00+00:00,293.75
2018-10-25 22:00:00+00:00,242.25
2018-10-25 23:00:00+00:00,283.5
2018-10-26 00:00:00+00:00,270.5
2018-10-26 01:00:00+00:00,241.0
2018-10-26 02:00:00+00:00,288.25
2018-10-26 03:00:00+00:00,581.25
2018-10-26 04:00:00+00:00,445.0
2018-10-26 05:00:00+00:00,852.25
2018-10-26 06:00:00+00:00,340.0
2018-10-26 07:00:00+00:00,264.5
2018-10-26 08:00:00+00:00,309.25
2018-10-26 09:00:00+00:00,316.0
2018-10-26 10:00:00+00:00,402.75
2018-10-26 11:00:00+00:00,379.75
2018-10-26 12:00:00+00:00,319.25
2018-10-26 13:00:00+00:00,317.25
2018-10-26 14:00:00+00:00,327.0
2018-10-26 15:00:00+00:00,259.25
2018-10-26 16:00:00+00:00,568.0
2018-10-26 17:00:00+00:00,731.0
2018-10-26 18:00:00+00:00,858.25
2018-10-26 19:00:00+00:00,862.75
2018-10-26 20:00:00+00:00,623.25
2018-10-26 21:00:00+00:00,289.25
2018-10-26 22:00:00+00:00,224.0
2018-10-26 23:00:00+00:00,249.25
2018-10-27 00:00:00+00:00,224.5
2018-10-27 01:00:00+00:00,267.5
2018-10-27 02:00:00+00:00,260.0
2018-10-27 03:00:00+00:00,340.5
2018-10-27 04:00:00+00:00,300.75
2018-10-27 05:00:00+00:00,836.0
2018-10-27 06:00:00+00:00,844.0
2018-10-27 07:00:00+00:00,453.5
2018-10-27 08:00:00+00:00,585.25
2018-10-27 09:00:00+00:00,1934.5
2018-10-27 10:00:00+00:00,1609.75
2018-10-27 11:00:00+00:00,1441.5
2018-10-27 12:00:00+00:00,576.5
2018-10-27 13:00:00+00:00,370.75
2018-10-27 14:00:00+00:00,217.25
2018-10-27 15:00:00+00:00,2731.25
2018-10-27 16:00:00+00:00,1608.0
2018-10-27 17:00:00+00:00,3760.0
2018-10-27 18:00:00+00:00,4417.25
2018-10-27 19:00:00+00:00,1929.0
2018-10-27 20:00:00+00:00,566.75
2018-10-27 21:00:00+00:00,355.75
2018-10-27 22:00:00+00:00,288.75
2018-10-27 23:00:00+00:00,294.0
2018-10-28 00:00:00+00:00,268.25
2018-10-28 01:00:00+00:00,297.25
2018-10-28 02:00:00+00:00,272.75
2018-10-28 03:00:00+00:00,300.75
2018-10-28 04:00:00+00:00,438.75
2018-10-28 05:00:00+00:00,396.5
2018-10-28 06:00:00+00:00,604.75
2018-10-28 07:00:00+00:00,1128.25
2018-10-28 08:00:00+00:00,2702.0
2018-10-28 09:00:00+00:00,1879.25
2018-10-28 10:00:00+00:00,1691.0
2018-10-28 11:00:00+00:00,73.25
2018-10-28 12:00:00+00:00,1171.5
2018-10-28 13:00:00+00:00,7059.5
2018-10-28 14:00:00+00:00,2832.0
2018-10-28 15:00:00+00:00,2591.0
2018-10-28 16:00:00+00:00,1261.25
2018-10-28 17:00:00+00:00,753.5
2018-10-28 18:00:00+00:00,1451.5
2018-10-28 19:00:00+00:00,874.75
2018-10-28 20:00:00+00:00,783.5
2018-10-28 21:00:00+00:00,523.5
2018-10-28 22:00:00+00:00,348.0
2018-10-28 23:00:00+00:00,288.75
2018-10-29 00:00:00+00:00,268.75
2018-10-29 01:00:00+00:00,265.0
2018-10-29 02:00:00+00:00,259.5
2018-10-29 03:00:00+00:00,267.75
2018-10-29 04:00:00+00:00,884.5
2018-10-29 05:00:00+00:00,459.75
2018-10-29 06:00:00+00:00,476.5
2018-10-29 07:00:00+00:00,511.0
2018-10-29 08:00:00+00:00,258.75
2018-10-29 09:00:00+00:00,389.0
2018-10-29 10:00:00+00:00,363.0
2018-10-29 11:00:00+00:00,375.25
2018-10-29 12:00:00+00:00,276.0
2018-10-29 13:00:00+00:00,289.25
2018-10-29 14:00:00+00:00,353.75
2018-10-29 15:00:00+00:00,473.0
2018-10-29 16:00:00+00:00,748.5
2018-10-29 17:00:00+00:00,1992.25
2018-10-29 18:00:00+00:00,595.25
2018-10-29 19:00:00+00:00,487.25
2018-10-29 20:00:00+00:00,433.75
2018-10-29 21:00:00+00:00,387.25
2018-10-29 22:00:00+00:00,237.25
2018-10-29 23:00:00+00:00,267.5
2018-10-30 00:00:00+00:00,245.0
2018-10-30 01:00:00+00:00,357.0
2018-10-30 02:00:00+00:00,386.5
2018-10-30 03:00:00+00:00,371.0
2018-10-30 04:00:00+00:00,898.0
2018-10-30 05:00:00+00:00,431.25
2018-10-30 06:00:00+00:00,240.25
2018-10-30 07:00:00+00:00,219.25
2018-10-30 08:00:00+00:00,276.5
2018-10-30 09:00:00+00:00,304.5
2018-10-30 10:00:00+00:00,342.25
2018-10-30 11:00:00+00:00,328.75
2018-10-30 12:00:00+00:00,175.75
2018-10-30 13:00:00+00:00,134.75
2018-10-30 14:00:00+00:00,324.0
2018-10-30 15:00:00+00:00,388.5
2018-10-30 16:00:00+00:00,349.5
2018-10-30 17:00:00+00:00,675.5
2018-10-30 18:00:00+00:00,3028.5
2018-10-30 19:00:00+00:00,3233.0
2018-10-30 20:00:00+00:00,1154.0
2018-10-30 21:00:00+00:00,546.5
2018-10-30 22:00:00+00:00,312.0
2018-10-30 23:00:00+00:00,290.0
2018-10-31 00:00:00+00:00,284.0
2018-10-31 01:00:00+00:00,277.25
2018-10-31 02:00:00+00:00,301.5
2018-10-31 03:00:00+00:00,539.5
2018-10-31 04:00:00+00:00,917.25
2018-10-31 05:00:00+00:00,495.0
2018-10-31 06:00:00+00:00,381.0
2018-10-31 07:00:00+00:00,475.0
2018-10-31 08:00:00+00:00,387.0
2018-10-31 09:00:00+00:00,1144.0
2018-10-31 10:00:00+00:00,393.25
2018-10-31 11:00:00+00:00,397.75
2018-10-31 12:00:00+00:00,284.25
2018-10-31 13:00:00+00:00,285.5
2018-10-31 14:00:00+00:00,320.25
2018-10-31 15:00:00+00:00,215.0
2018-10-31 16:00:00+00:00,1006.0
2018-10-31 17:00:00+00:00,1374.75
2018-10-31 18:00:00+00:00,5277.0
2018-10-31 19:00:00+00:00,1999.25
2018-10-31 20:00:00+00:00,696.0
2018-10-31 21:00:00+00:00,417.75
2018-10-31 22:00:00+00:00,269.0
2018-10-31 23:00:00+00:00,298.0
2018-11-01 00:00:00+00:00,285.5
2018-11-01 01:00:00+00:00,303.75
2018-11-01 02:00:00+00:00,297.25
2018-11-01 03:00:00+00:00,307.75
2018-11-01 04:00:00+00:00,339.25
2018-11-01 05:00:00+00:00,376.0
2018-11-01 06:00:00+00:00,559.75
2018-11-01 07:00:00+00:00,458.5
2018-11-01 08:00:00+00:00,556.0
2018-11-01 09:00:00+00:00,481.25
2018-11-01 10:00:00+00:00,631.0
2018-11-01 11:00:00+00:00,2357.25
2018-11-01 12:00:00+00:00,1234.75
2018-11-01 13:00:00+00:00,1484.5
2018-11-01 14:00:00+00:00,379.25
2018-11-01 15:00:00+00:00,2307.5
2018-11-01 16:00:00+00:00,1710.5
2018-11-01 17:00:00+00:00,771.5
2018-11-01 18:00:00+00:00,2621.75
2018-11-01 19:00:00+00:00,3096.75
2018-11-01 20:00:00+00:00,1623.25
2018-11-01 21:00:00+00:00,448.0
2018-11-01 22:00:00+00:00,385.25
2018-11-01 23:00:00+00:00,397.0
2018-11-02 00:00:00+00:00,344.0
2018-11-02 01:00:00+00:00,272.0
2018-11-02 02:00:00+00:00,298.5
2018-11-02 03:00:00+00:00,317.25
2018-11-02 04:00:00+00:00,624.0
2018-11-02 05:00:00+00:00,764.75
2018-11-02 06:00:00+00:00,426.75
2018-11-02 07:00:00+00:00,355.75
2018-11-02 08:00:00+00:00,387.0
2018-11-02 09:00:00+00:00,421.25
2018-11-02 10:00:00+00:00,472.25
2018-11-02 11:00:00+00:00,500.0
2018-11-02 12:00:00+00:00,412.75
2018-11-02 13:00:00+00:00,612.25
2018-11-02 14:00:00+00:00,654.75
2018-11-02 15:00:00+00:00,578.5
2018-11-02 16:00:00+00:00,276.5
2018-11-02 17:00:00+00:00,1389.5
2018-11-02 18:00:00+00:00,577.25
2018-11-02 19:00:00+00:00,867.75
2018-11-02 20:00:00+00:00,689.5
2018-11-02 21:00:00+00:00,464.75
2018-11-02 22:00:00+00:00,386.0
2018-11-02 23:00:00+00:00,393.75
2018-11-03 00:00:00+00:00,362.5
2018-11-03 01:00:00+00:00,265.5
2018-11-03 02:00:00+00:00,255.75
2018-11-03 03:00:00+00:00,258.5
2018-11-03 04:00:00+00:00,350.25
2018-11-03 05:00:00+00:00,261.75
2018-11-03 06:00:00+00:00,281.5
2018-11-03 07:00:00+00:00,400.0
2018-11-03 08:00:00+00:00,434.25
2018-11-03 09:00:00+00:00,425.75
2018-11-03 10:00:00+00:00,393.5
2018-11-03 11:00:00+00:00,949.5
2018-11-03 12:00:00+00:00,530.0
2018-11-03 13:00:00+00:00,362.0
2018-11-03 14:00:00+00:00,318.75
2018-11-03 15:00:00+00:00,186.0
2018-11-03 16:00:00+00:00,522.5
2018-11-03 17:00:00+00:00,2676.75
2018-11-03 18:00:00+00:00,3973.0
2018-11-03 19:00:00+00:00,860.0
2018-11-03 20:00:00+00:00,407.75
2018-11-03 21:00:00+00:00,447.5
2018-11-03 22:00:00+00:00,579.0
2018-11-03 23:00:00+00:00,555.0
2018-11-04 00:00:00+00:00,435.25
2018-11-04 01:00:00+00:00,373.75
2018-11-04 02:00:00+00:00,329.75
2018-11-04 03:00:00+00:00,277.75
2018-11-04 04:00:00+00:00,394.0
2018-11-04 05:00:00+00:00,257.25
2018-11-04 06:00:00+00:00,393.0
2018-11-04 07:00:00+00:00,395.25
2018-11-04 08:00:00+00:00,481.5
2018-11-04 09:00:00+00:00,454.25
2018-11-04 10:00:00+00:00,562.0
2018-11-04 11:00:00+00:00,484.75
2018-11-04 12:00:00+00:00,426.5
2018-11-04 13:00:00+00:00,304.75
2018-11-04 14:00:00+00:00,558.75
2018-11-04 15:00:00+00:00,1648.5
2018-11-04 16:00:00+00:00,3888.0
2018-11-04 17:00:00+00:00,686.25
2018-11-04 18:00:00+00:00,725.25
2018-11-04 19:00:00+00:00,466.0
2018-11-04 20:00:00+00:00,485.0
2018-11-04 21:00:00+00:00,488.25
2018-11-04 22:00:00+00:00,444.25
2018-11-04 23:00:00+00:00,366.75
2018-11-05 00:00:00+00:00,361.75
2018-11-05 01:00:00+00:00,358.25
2018-11-05 02:00:00+00:00,367.0
2018-11-05 03:00:00+00:00,345.25
2018-11-05 04:00:00+00:00,528.5
2018-11-05 05:00:00+00:00,1059.5
2018-11-05 06:00:00+00:00,575.5
2018-11-05 07:00:00+00:00,396.0
2018-11-05 08:00:00+00:00,283.0
2018-11-05 09:00:00+00:00,282.25
2018-11-05 10:00:00+00:00,600.75
2018-11-05 11:00:00+00:00,1143.25
2018-11-05 12:00:00+00:00,395.0
2018-11-05 13:00:00+00:00,498.25
2018-11-05 14:00:00+00:00,403.25
2018-11-05 15:00:00+00:00,632.0
2018-11-05 16:00:00+00:00,1162.25
2018-11-05 17:00:00+00:00,1973.0
2018-11-05 18:00:00+00:00,617.25
2018-11-05 19:00:00+00:00,402.5
2018-11-05 20:00:00+00:00,597.0
2018-11-05 21:00:00+00:00,509.75
2018-11-05 22:00:00+00:00,328.25
2018-11-05 23:00:00+00:00,386.75
2018-11-06 00:00:00+00:00,384.5
2018-11-06 01:00:00+00:00,401.75
2018-11-06 02:00:00+00:00,402.0
2018-11-06 03:00:00+00:00,425.25
2018-11-06 04:00:00+00:00,900.75
2018-11-06 05:00:00+00:00,382.5
2018-11-06 06:00:00+00:00,283.5
2018-11-06 07:00:00+00:00,324.75
2018-11-06 08:00:00+00:00,328.75
2018-11-06 09:00:00+00:00,329.5
2018-11-06 10:00:00+00:00,356.25
2018-11-06 11:00:00+00:00,629.25
2018-11-06 12:00:00+00:00,437.75
2018-11-06 13:00:00+00:00,349.25
2018-11-06 14:00:00+00:00,149.25
2018-11-06 15:00:00+00:00,284.75
2018-11-06 16:00:00+00:00,431.25
2018-11-06 17:00:00+00:00,1085.0
2018-11-06 18:00:00+00:00,1059.5
2018-11-06 19:00:00+00:00,1060.75
2018-11-06 20:00:00+00:00,693.75
2018-11-06 21:00:00+00:00,578.5
2018-11-06 22:00:00+00:00,267.25
2018-11-06 23:00:00+00:00,288.75
2018-11-07 00:00:00+00:00,410.75
2018-11-07 01:00:00+00:00,362.25
2018-11-07 02:00:00+00:00,388.0
2018-11-07 03:00:00+00:00,375.75
2018-11-07 04:00:00+00:00,613.25
2018-11-07 05:00:00+00:00,1617.5
2018-11-07 06:00:00+00:00,1841.0
2018-11-07 07:00:00+00:00,408.75
2018-11-07 08:00:00+00:00,305.75
2018-11-07 09:00:00+00:00,333.0
2018-11-07 10:00:00+00:00,357.5
2018-11-07 11:00:00+00:00,608.5
2018-11-07 12:00:00+00:00,407.25
2018-11-07 13:00:00+00:00,384.0
2018-11-07 14:00:00+00:00,399.75
2018-11-07 15:00:00+00:00,492.5
2018-11-07 16:00:00+00:00,2864.5
2018-11-07 17:00:00+00:00,1235.5
2018-11-07 18:00:00+00:00,2480.5
2018-11-07 19:00:00+00:00,1446.0
2018-11-07 20:00:00+00:00,544.0
2018-11-07 21:00:00+00:00,227.5
2018-11-07 22:00:00+00:00,272.0
2018-11-07 23:00:00+00:00,280.5
2018-11-08 00:00:00+00:00,385.75
2018-11-08 01:00:00+00:00,392.75
2018-11-08 02:00:00+00:00,508.25
2018-11-08 03:00:00+00:00,821.25
2018-11-08 04:00:00+00:00,626.0
2018-11-08 05:00:00+00:00,449.25
2018-11-08 06:00:00+00:00,407.0
2018-11-08 07:00:00+00:00,479.5
2018-11-08 08:00:00+00:00,1241.75
2018-11-08 09:00:00+00:00,672.5
2018-11-08 10:00:00+00:00,582.5
2018-11-08 11:00:00+00:00,767.25
2018-11-08 12:00:00+00:00,510.5
2018-11-08 13:00:00+00:00,380.25
2018-11-08 14:00:00+00:00,361.5
2018-11-08 15:00:00+00:00,1893.5
2018-11-08 16:00:00+00:00,843.5
2018-11-08 17:00:00+00:00,1580.5
2018-11-08 18:00:00+00:00,3089.75
2018-11-08 19:00:00+00:00,3037.25
2018-11-08 20:00:00+00:00,564.5
2018-11-08 21:00:00+00:00,681.0
2018-11-08 22:00:00+00:00,516.5
2018-11-08 23:00:00+00:00,380.25
2018-11-09 00:00:00+00:00,369.0
2018-11-09 01:00:00+00:00,360.75
2018-11-09 02:00:00+00:00,339.75
2018-11-09 03:00:00+00:00,275.75
2018-11-09 04:00:00+00:00,533.5
2018-11-09 05:00:00+00:00,1216.25
2018-11-09 06:00:00+00:00,1160.75
2018-11-09 07:00:00+00:00,763.75
2018-11-09 08:00:00+00:00,324.5
2018-11-09 09:00:00+00:00,383.75
2018-11-09 10:00:00+00:00,440.5
2018-11-09 11:00:00+00:00,485.0
2018-11-09 12:00:00+00:00,358.0
2018-11-09 13:00:00+00:00,309.0
2018-11-09 14:00:00+00:00,185.0
2018-11-09 15:00:00+00:00,257.5
2018-11-09 16:00:00+00:00,389.0
2018-11-09 17:00:00+00:00,1093.75
2018-11-09 18:00:00+00:00,633.5
2018-11-09 19:00:00+00:00,551.0
2018-11-09 20:00:00+00:00,574.5
2018-11-09 21:00:00+00:00,671.25
2018-11-09 22:00:00+00:00,465.25
2018-11-09 23:00:00+00:00,369.5
2018-11-10 00:00:00+00:00,275.0
2018-11-10 01:00:00+00:00,263.75
2018-11-10 02:00:00+00:00,261.5
2018-11-10 03:00:00+00:00,274.75
2018-11-10 04:00:00+00:00,371.25
2018-11-10 05:00:00+00:00,267.75
2018-11-10 06:00:00+00:00,305.75
2018-11-10 07:00:00+00:00,547.25
2018-11-10 08:00:00+00:00,434.0
2018-11-10 09:00:00+00:00,1773.0
2018-11-10 10:00:00+00:00,1463.0
2018-11-10 11:00:00+00:00,999.25
2018-11-10 12:00:00+00:00,400.5
2018-11-10 13:00:00+00:00,1835.5
2018-11-10 14:00:00+00:00,877.75
2018-11-10 15:00:00+00:00,4289.0
2018-11-10 16:00:00+00:00,4253.5
2018-11-10 17:00:00+00:00,667.0
2018-11-10 18:00:00+00:00,399.5
2018-11-10 19:00:00+00:00,263.75
2018-11-10 20:00:00+00:00,325.5
2018-11-10 21:00:00+00:00,344.25
2018-11-10 22:00:00+00:00,333.75
2018-11-10 23:00:00+00:00,489.0
2018-11-11 00:00:00+00:00,416.0
2018-11-11 01:00:00+00:00,353.0
2018-11-11 02:00:00+00:00,297.25
2018-11-11 03:00:00+00:00,272.25
2018-11-11 04:00:00+00:00,356.75
2018-11-11 05:00:00+00:00,278.0
2018-11-11 06:00:00+00:00,259.5
2018-11-11 07:00:00+00:00,175.75
2018-11-11 08:00:00+00:00,484.5
2018-11-11 09:00:00+00:00,1984.75
2018-11-11 10:00:00+00:00,946.5
2018-11-11 11:00:00+00:00,3478.5
2018-11-11 12:00:00+00:00,1839.5
2018-11-11 13:00:00+00:00,479.25
2018-11-11 14:00:00+00:00,379.5
2018-11-11 15:00:00+00:00,669.0
2018-11-11 16:00:00+00:00,1136.0
2018-11-11 17:00:00+00:00,4126.25
2018-11-11 18:00:00+00:00,3448.75
2018-11-11 19:00:00+00:00,976.0
2018-11-11 20:00:00+00:00,629.25
2018-11-11 21:00:00+00:00,552.5
2018-11-11 22:00:00+00:00,422.0
2018-11-11 23:00:00+00:00,334.75
2018-11-12 00:00:00+00:00,305.5
2018-11-12 01:00:00+00:00,330.0
2018-11-12 02:00:00+00:00,295.25
2018-11-12 03:00:00+00:00,396.75
2018-11-12 04:00:00+00:00,969.25
2018-11-12 05:00:00+00:00,491.0
2018-11-12 06:00:00+00:00,355.75
2018-11-12 07:00:00+00:00,434.75
2018-11-12 08:00:00+00:00,384.75
2018-11-12 09:00:00+00:00,392.25
2018-11-12 10:00:00+00:00,363.25
2018-11-12 11:00:00+00:00,449.25
2018-11-12 12:00:00+00:00,286.5
2018-11-12 13:00:00+00:00,278.25
2018-11-12 14:00:00+00:00,116.25
2018-11-12 15:00:00+00:00,436.0
2018-11-12 16:00:00+00:00,756.75
2018-11-12 17:00:00+00:00,1211.25
2018-11-12 18:00:00+00:00,608.0
2018-11-12 19:00:00+00:00,1195.75
2018-11-12 20:00:00+00:00,716.5
2018-11-12 21:00:00+00:00,354.0
2018-11-12 22:00:00+00:00,265.0
2018-11-12 23:00:00+00:00,258.25
2018-11-13 00:00:00+00:00,267.75
2018-11-13 01:00:00+00:00,255.5
2018-11-13 02:00:00+00:00,252.5
2018-11-13 03:00:00+00:00,537.25
2018-11-13 04:00:00+00:00,1806.5
2018-11-13 05:00:00+00:00,451.0
2018-11-13 06:00:00+00:00,401.75
2018-11-13 07:00:00+00:00,715.0
2018-11-13 08:00:00+00:00,469.5
2018-11-13 09:00:00+00:00,264.5
2018-11-13 10:00:00+00:00,292.5
2018-11-13 11:00:00+00:00,375.0
2018-11-13 12:00:00+00:00,190.5
2018-11-13 13:00:00+00:00,334.5
2018-11-13 14:00:00+00:00,302.5
2018-11-13 15:00:00+00:00,420.0
2018-11-13 16:00:00+00:00,563.0
2018-11-13 17:00:00+00:00,2140.75
2018-11-13 18:00:00+00:00,837.25
2018-11-13 19:00:00+00:00,650.25
2018-11-13 20:00:00+00:00,652.5
2018-11-13 21:00:00+00:00,510.75
2018-11-13 22:00:00+00:00,330.5
2018-11-13 23:00:00+00:00,295.25
2018-11-14 00:00:00+00:00,277.0
2018-11-14 01:00:00+00:00,307.0
2018-11-14 02:00:00+00:00,274.75
2018-11-14 03:00:00+00:00,429.5
2018-11-14 04:00:00+00:00,703.25
2018-11-14 05:00:00+00:00,512.25
2018-11-14 06:00:00+00:00,398.25
2018-11-14 07:00:00+00:00,540.5
2018-11-14 08:00:00+00:00,340.5
2018-11-14 09:00:00+00:00,385.0
2018-11-14 10:00:00+00:00,328.5
2018-11-14 11:00:00+00:00,433.5
2018-11-14 12:00:00+00:00,253.0
2018-11-14 13:00:00+00:00,296.0
2018-11-14 14:00:00+00:00,197.5
2018-11-14 15:00:00+00:00,1218.0
2018-11-14 16:00:00+00:00,382.25
2018-11-14 17:00:00+00:00,395.5
2018-11-14 18:00:00+00:00,401.75
2018-11-14 19:00:00+00:00,539.5
2018-11-14 20:00:00+00:00,608.0
2018-11-14 21:00:00+00:00,482.5
2018-11-14 22:00:00+00:00,385.25
2018-11-14 23:00:00+00:00,276.0
2018-11-15 00:00:00+00:00,301.75
2018-11-15 01:00:00+00:00,273.75
2018-11-15 02:00:00+00:00,309.75
2018-11-15 03:00:00+00:00,271.0
2018-11-15 04:00:00+00:00,844.25
2018-11-15 05:00:00+00:00,431.25
2018-11-15 06:00:00+00:00,477.5
2018-11-15 07:00:00+00:00,268.5
2018-11-15 08:00:00+00:00,345.6666666666667
2018-11-15 09:00:00+00:00,391.5
2018-11-15 10:00:00+00:00,483.5
2018-11-15 11:00:00+00:00,392.5
2018-11-15 12:00:00+00:00,311.75
2018-11-15 13:00:00+00:00,291.0
2018-11-15 14:00:00+00:00,396.5
2018-11-15 15:00:00+00:00,435.0
2018-11-15 16:00:00+00:00,914.5
2018-11-15 17:00:00+00:00,943.75
2018-11-15 18:00:00+00:00,1131.5
2018-11-15 19:00:00+00:00,4460.5
2018-11-15 20:00:00+00:00,3034.75
2018-11-15 21:00:00+00:00,631.0
2018-11-15 22:00:00+00:00,387.0
2018-11-15 23:00:00+00:00,390.5
2018-11-16 00:00:00+00:00,314.25
2018-11-16 01:00:00+00:00,296.25
2018-11-16 02:00:00+00:00,336.0
2018-11-16 03:00:00+00:00,322.0
2018-11-16 04:00:00+00:00,828.75
2018-11-16 05:00:00+00:00,348.5
2018-11-16 06:00:00+00:00,328.5
2018-11-16 07:00:00+00:00,448.0
2018-11-16 08:00:00+00:00,851.0
2018-11-16 09:00:00+00:00,851.75
2018-11-16 10:00:00+00:00,474.5
2018-11-16 11:00:00+00:00,463.5
2018-11-16 12:00:00+00:00,412.5
2018-11-16 13:00:00+00:00,372.0
2018-11-16 14:00:00+00:00,377.0
2018-11-16 15:00:00+00:00,319.0
2018-11-16 16:00:00+00:00,507.0
2018-11-16 17:00:00+00:00,579.25
2018-11-16 18:00:00+00:00,414.75
2018-11-16 19:00:00+00:00,367.25
2018-11-16 20:00:00+00:00,311.0
2018-11-16 21:00:00+00:00,369.0
2018-11-16 22:00:00+00:00,465.25
2018-11-16 23:00:00+00:00,451.25
2018-11-17 00:00:00+00:00,406.25
2018-11-17 01:00:00+00:00,327.5
2018-11-17 02:00:00+00:00,281.25
2018-11-17 03:00:00+00:00,288.5
2018-11-17 04:00:00+00:00,367.25
2018-11-17 05:00:00+00:00,296.5
2018-11-17 06:00:00+00:00,295.5
2018-11-17 07:00:00+00:00,414.25
2018-11-17 08:00:00+00:00,454.5
2018-11-17 09:00:00+00:00,541.75
2018-11-17 10:00:00+00:00,498.5
2018-11-17 11:00:00+00:00,529.75
2018-11-17 12:00:00+00:00,519.0
2018-11-17 13:00:00+00:00,442.0
2018-11-17 14:00:00+00:00,431.5
2018-11-17 15:00:00+00:00,400.25
2018-11-17 16:00:00+00:00,440.75
2018-11-17 17:00:00+00:00,2242.0
2018-11-17 18:00:00+00:00,3350.0
2018-11-17 19:00:00+00:00,693.0
2018-11-17 20:00:00+00:00,893.0
2018-11-17 21:00:00+00:00,1218.5
2018-11-17 22:00:00+00:00,1352.75
2018-11-17 23:00:00+00:00,858.75
2018-11-18 00:00:00+00:00,543.75
2018-11-18 01:00:00+00:00,397.0
2018-11-18 02:00:00+00:00,301.0
2018-11-18 03:00:00+00:00,297.25
2018-11-18 04:00:00+00:00,354.5
2018-11-18 05:00:00+00:00,326.25
2018-11-18 06:00:00+00:00,292.5
2018-11-18 07:00:00+00:00,340.5
2018-11-18 08:00:00+00:00,695.5
2018-11-18 09:00:00+00:00,902.5
2018-11-18 10:00:00+00:00,1800.75
2018-11-18 11:00:00+00:00,561.5
2018-11-18 12:00:00+00:00,452.25
2018-11-18 13:00:00+00:00,6424.25
2018-11-18 14:00:00+00:00,5270.5
2018-11-18 15:00:00+00:00,2502.0
2018-11-18 16:00:00+00:00,1114.25
2018-11-18 17:00:00+00:00,3669.5
2018-11-18 18:00:00+00:00,531.0
2018-11-18 19:00:00+00:00,525.25
2018-11-18 20:00:00+00:00,609.0
2018-11-18 21:00:00+00:00,494.5
2018-11-18 22:00:00+00:00,389.75
2018-11-18 23:00:00+00:00,408.0
2018-11-19 00:00:00+00:00,404.0
2018-11-19 01:00:00+00:00,331.5
2018-11-19 02:00:00+00:00,293.5
2018-11-19 03:00:00+00:00,317.0
2018-11-19 04:00:00+00:00,996.25
2018-11-19 05:00:00+00:00,372.5
2018-11-19 06:00:00+00:00,312.5
2018-11-19 07:00:00+00:00,250.75
2018-11-19 08:00:00+00:00,287.5
2018-11-19 09:00:00+00:00,249.5
2018-11-19 10:00:00+00:00,442.5
2018-11-19 11:00:00+00:00,417.0
2018-11-19 12:00:00+00:00,353.5
2018-11-19 13:00:00+00:00,251.0
2018-11-19 14:00:00+00:00,334.5
2018-11-19 15:00:00+00:00,348.25
2018-11-19 16:00:00+00:00,892.5
2018-11-19 17:00:00+00:00,591.75
2018-11-19 18:00:00+00:00,717.75
2018-11-19 19:00:00+00:00,736.0
2018-11-19 20:00:00+00:00,662.75
2018-11-19 21:00:00+00:00,391.75
2018-11-19 22:00:00+00:00,400.0
2018-11-19 23:00:00+00:00,300.75
2018-11-20 00:00:00+00:00,302.25
2018-11-20 01:00:00+00:00,297.0
2018-11-20 02:00:00+00:00,322.0
2018-11-20 03:00:00+00:00,458.0
2018-11-20 04:00:00+00:00,756.25
2018-11-20 05:00:00+00:00,398.0
2018-11-20 06:00:00+00:00,426.5
2018-11-20 07:00:00+00:00,414.75
2018-11-20 08:00:00+00:00,288.5
2018-11-20 09:00:00+00:00,402.25
2018-11-20 10:00:00+00:00,386.75
2018-11-20 11:00:00+00:00,389.25
2018-11-20 12:00:00+00:00,311.5
2018-11-20 13:00:00+00:00,273.5
2018-11-20 14:00:00+00:00,121.25
2018-11-20 15:00:00+00:00,284.0
2018-11-20 16:00:00+00:00,568.75
2018-11-20 17:00:00+00:00,1024.25
2018-11-20 18:00:00+00:00,735.75
2018-11-20 19:00:00+00:00,1215.5
2018-11-20 20:00:00+00:00,1413.0
2018-11-20 21:00:00+00:00,534.0
2018-11-20 22:00:00+00:00,408.0
2018-11-20 23:00:00+00:00,320.75
2018-11-21 00:00:00+00:00,355.5
2018-11-21 01:00:00+00:00,309.5
2018-11-21 02:00:00+00:00,291.75
2018-11-21 03:00:00+00:00,319.75
2018-11-21 04:00:00+00:00,1408.0
2018-11-21 05:00:00+00:00,806.5
2018-11-21 06:00:00+00:00,381.5
2018-11-21 07:00:00+00:00,403.25
2018-11-21 08:00:00+00:00,214.0
2018-11-21 09:00:00+00:00,264.0
2018-11-21 10:00:00+00:00,357.75
2018-11-21 11:00:00+00:00,284.25
2018-11-21 12:00:00+00:00,847.0
2018-11-21 13:00:00+00:00,336.5
2018-11-21 14:00:00+00:00,534.75
2018-11-21 15:00:00+00:00,347.5
2018-11-21 16:00:00+00:00,681.25
2018-11-21 17:00:00+00:00,1356.75
2018-11-21 18:00:00+00:00,4175.5
2018-11-21 19:00:00+00:00,2993.25
2018-11-21 20:00:00+00:00,2001.75
2018-11-21 21:00:00+00:00,584.0
2018-11-21 22:00:00+00:00,398.5
2018-11-21 23:00:00+00:00,363.0
2018-11-22 00:00:00+00:00,298.0
2018-11-22 01:00:00+00:00,296.25
2018-11-22 02:00:00+00:00,293.0
2018-11-22 03:00:00+00:00,306.5
2018-11-22 04:00:00+00:00,1885.0
2018-11-22 05:00:00+00:00,2128.75
2018-11-22 06:00:00+00:00,607.0
2018-11-22 07:00:00+00:00,377.25
2018-11-22 08:00:00+00:00,236.75
2018-11-22 09:00:00+00:00,288.5
2018-11-22 10:00:00+00:00,418.5
2018-11-22 11:00:00+00:00,396.5
2018-11-22 12:00:00+00:00,182.0
2018-11-22 13:00:00+00:00,113.75
2018-11-22 14:00:00+00:00,200.75
2018-11-22 15:00:00+00:00,564.75
2018-11-22 16:00:00+00:00,396.0
2018-11-22 17:00:00+00:00,941.0
2018-11-22 18:00:00+00:00,745.5
2018-11-22 19:00:00+00:00,723.5
2018-11-22 20:00:00+00:00,733.25
2018-11-22 21:00:00+00:00,407.75
2018-11-22 22:00:00+00:00,358.0
2018-11-22 23:00:00+00:00,296.25
2018-11-23 00:00:00+00:00,298.75
2018-11-23 01:00:00+00:00,291.0
2018-11-23 02:00:00+00:00,296.5
2018-11-23 03:00:00+00:00,315.25
2018-11-23 04:00:00+00:00,525.25
2018-11-23 05:00:00+00:00,770.25
2018-11-23 06:00:00+00:00,1571.0
2018-11-23 07:00:00+00:00,470.0
2018-11-23 08:00:00+00:00,2221.0
2018-11-23 09:00:00+00:00,1782.75
2018-11-23 10:00:00+00:00,442.0
2018-11-23 11:00:00+00:00,651.0
2018-11-23 12:00:00+00:00,2053.5
2018-11-23 13:00:00+00:00,3785.0
2018-11-23 14:00:00+00:00,575.75
2018-11-23 15:00:00+00:00,901.5
2018-11-23 16:00:00+00:00,2248.0
2018-11-23 17:00:00+00:00,1513.5
2018-11-23 18:00:00+00:00,486.75
2018-11-23 19:00:00+00:00,488.75
2018-11-23 20:00:00+00:00,792.75
2018-11-23 21:00:00+00:00,977.25
2018-11-23 22:00:00+00:00,553.5
2018-11-23 23:00:00+00:00,450.0
2018-11-24 00:00:00+00:00,378.25
2018-11-24 01:00:00+00:00,313.0
2018-11-24 02:00:00+00:00,296.5
2018-11-24 03:00:00+00:00,306.75
2018-11-24 04:00:00+00:00,361.5
2018-11-24 05:00:00+00:00,312.75
2018-11-24 06:00:00+00:00,349.5
2018-11-24 07:00:00+00:00,399.5
2018-11-24 08:00:00+00:00,444.5
2018-11-24 09:00:00+00:00,503.0
2018-11-24 10:00:00+00:00,565.5
2018-11-24 11:00:00+00:00,1609.0
2018-11-24 12:00:00+00:00,970.0
2018-11-24 13:00:00+00:00,4073.0
2018-11-24 14:00:00+00:00,2516.75
2018-11-24 15:00:00+00:00,2746.5
2018-11-24 16:00:00+00:00,3026.25
2018-11-24 17:00:00+00:00,686.0
2018-11-24 18:00:00+00:00,790.5
2018-11-24 19:00:00+00:00,649.25
2018-11-24 20:00:00+00:00,544.25
2018-11-24 21:00:00+00:00,423.75
2018-11-24 22:00:00+00:00,378.75
2018-11-24 23:00:00+00:00,389.5
2018-11-25 00:00:00+00:00,385.25
2018-11-25 01:00:00+00:00,378.75
2018-11-25 02:00:00+00:00,324.75
2018-11-25 03:00:00+00:00,304.0
2018-11-25 04:00:00+00:00,334.25
2018-11-25 05:00:00+00:00,312.5
2018-11-25 06:00:00+00:00,376.25
2018-11-25 07:00:00+00:00,1546.0
2018-11-25 08:00:00+00:00,1470.0
2018-11-25 09:00:00+00:00,2364.25
2018-11-25 10:00:00+00:00,2949.5
2018-11-25 11:00:00+00:00,1500.5
2018-11-25 12:00:00+00:00,1195.25
2018-11-25 13:00:00+00:00,1545.5
2018-11-25 14:00:00+00:00,2315.75
2018-11-25 15:00:00+00:00,3691.75
2018-11-25 16:00:00+00:00,3061.25
2018-11-25 17:00:00+00:00,3470.0
2018-11-25 18:00:00+00:00,1970.25
2018-11-25 19:00:00+00:00,1938.75
2018-11-25 20:00:00+00:00,839.5
2018-11-25 21:00:00+00:00,1362.5
2018-11-25 22:00:00+00:00,990.5
2018-11-25 23:00:00+00:00,558.75
2018-11-26 00:00:00+00:00,313.0
2018-11-26 01:00:00+00:00,311.75
2018-11-26 02:00:00+00:00,268.25
2018-11-26 03:00:00+00:00,511.75
2018-11-26 04:00:00+00:00,815.5
2018-11-26 05:00:00+00:00,439.5
2018-11-26 06:00:00+00:00,397.75
2018-11-26 07:00:00+00:00,361.0
2018-11-26 08:00:00+00:00,270.5
2018-11-26 09:00:00+00:00,394.5
2018-11-26 10:00:00+00:00,319.0
2018-11-26 11:00:00+00:00,355.0
2018-11-26 12:00:00+00:00,287.75
2018-11-26 13:00:00+00:00,164.0
2018-11-26 14:00:00+00:00,279.25
2018-11-26 15:00:00+00:00,844.25
2018-11-26 16:00:00+00:00,559.25
2018-11-26 17:00:00+00:00,1047.75
2018-11-26 18:00:00+00:00,2771.5
2018-11-26 19:00:00+00:00,3167.25
2018-11-26 20:00:00+00:00,1466.0
2018-11-26 21:00:00+00:00,348.5
2018-11-26 22:00:00+00:00,292.5
2018-11-26 23:00:00+00:00,274.0
2018-11-27 00:00:00+00:00,308.25
2018-11-27 01:00:00+00:00,305.75
2018-11-27 02:00:00+00:00,275.5
2018-11-27 03:00:00+00:00,317.0
2018-11-27 04:00:00+00:00,964.75
2018-11-27 05:00:00+00:00,497.75
2018-11-27 06:00:00+00:00,912.0
2018-11-27 07:00:00+00:00,727.25
2018-11-27 08:00:00+00:00,215.75
2018-11-27 09:00:00+00:00,152.0
2018-11-27 10:00:00+00:00,274.0
2018-11-27 11:00:00+00:00,367.25
2018-11-27 12:00:00+00:00,324.75
2018-11-27 13:00:00+00:00,303.5
2018-11-27 14:00:00+00:00,241.0
2018-11-27 15:00:00+00:00,836.75
2018-11-27 16:00:00+00:00,845.0
2018-11-27 17:00:00+00:00,1382.5
2018-11-27 18:00:00+00:00,1058.0
2018-11-27 19:00:00+00:00,795.5
2018-11-27 20:00:00+00:00,813.0
2018-11-27 21:00:00+00:00,494.0
2018-11-27 22:00:00+00:00,325.5
2018-11-27 23:00:00+00:00,325.5
2018-11-28 00:00:00+00:00,308.5
2018-11-28 01:00:00+00:00,305.0
2018-11-28 02:00:00+00:00,284.5
2018-11-28 03:00:00+00:00,396.75
2018-11-28 04:00:00+00:00,1278.5
2018-11-28 05:00:00+00:00,524.0
2018-11-28 06:00:00+00:00,430.0
2018-11-28 07:00:00+00:00,353.25
2018-11-28 08:00:00+00:00,428.25
2018-11-28 09:00:00+00:00,397.75
2018-11-28 10:00:00+00:00,409.75
2018-11-28 11:00:00+00:00,391.25
2018-11-28 12:00:00+00:00,501.0
2018-11-28 13:00:00+00:00,341.75
2018-11-28 14:00:00+00:00,316.0
2018-11-28 15:00:00+00:00,296.5
2018-11-28 16:00:00+00:00,622.75
2018-11-28 17:00:00+00:00,1016.5
2018-11-28 18:00:00+00:00,940.25
2018-11-28 19:00:00+00:00,2715.5
2018-11-28 20:00:00+00:00,3808.25
2018-11-28 21:00:00+00:00,651.75
2018-11-28 22:00:00+00:00,389.5
2018-11-28 23:00:00+00:00,303.25
2018-11-29 00:00:00+00:00,305.25
2018-11-29 01:00:00+00:00,311.5
2018-11-29 02:00:00+00:00,316.25
2018-11-29 03:00:00+00:00,333.25
2018-11-29 04:00:00+00:00,647.25
2018-11-29 05:00:00+00:00,359.25
2018-11-29 06:00:00+00:00,489.0
2018-11-29 07:00:00+00:00,500.0
2018-11-29 08:00:00+00:00,436.25
2018-11-29 09:00:00+00:00,441.75
2018-11-29 10:00:00+00:00,484.25
2018-11-29 11:00:00+00:00,423.0
2018-11-29 12:00:00+00:00,540.75
2018-11-29 13:00:00+00:00,526.0
2018-11-29 14:00:00+00:00,418.0
2018-11-29 15:00:00+00:00,473.0
2018-11-29 16:00:00+00:00,560.25
2018-11-29 17:00:00+00:00,669.0
2018-11-29 18:00:00+00:00,772.25
2018-11-29 19:00:00+00:00,671.25
2018-11-29 20:00:00+00:00,582.25
2018-11-29 21:00:00+00:00,429.5
2018-11-29 22:00:00+00:00,393.25
2018-11-29 23:00:00+00:00,298.75
2018-11-30 00:00:00+00:00,303.25
2018-11-30 01:00:00+00:00,285.75
2018-11-30 02:00:00+00:00,292.5
2018-11-30 03:00:00+00:00,319.25
2018-11-30 04:00:00+00:00,533.0
2018-11-30 05:00:00+00:00,373.25
2018-11-30 06:00:00+00:00,351.25
2018-11-30 07:00:00+00:00,386.0
2018-11-30 08:00:00+00:00,225.5
2018-11-30 09:00:00+00:00,313.0
2018-11-30 10:00:00+00:00,449.25
2018-11-30 11:00:00+00:00,474.25
2018-11-30 12:00:00+00:00,440.25
2018-11-30 13:00:00+00:00,197.5
2018-11-30 14:00:00+00:00,331.5
2018-11-30 15:00:00+00:00,292.25
2018-11-30 16:00:00+00:00,290.75
2018-11-30 17:00:00+00:00,532.5
2018-11-30 18:00:00+00:00,641.0
2018-11-30 19:00:00+00:00,571.5
2018-11-30 20:00:00+00:00,541.75
2018-11-30 21:00:00+00:00,499.0
2018-11-30 22:00:00+00:00,482.0
2018-11-30 23:00:00+00:00,386.5
2018-12-01 00:00:00+00:00,298.0
2018-12-01 01:00:00+00:00,289.75
2018-12-01 02:00:00+00:00,288.75
2018-12-01 03:00:00+00:00,306.75
2018-12-01 04:00:00+00:00,372.0
2018-12-01 05:00:00+00:00,326.0
2018-12-01 06:00:00+00:00,334.5
2018-12-01 07:00:00+00:00,465.75
2018-12-01 08:00:00+00:00,336.0
2018-12-01 09:00:00+00:00,459.75
2018-12-01 10:00:00+00:00,493.5
2018-12-01 11:00:00+00:00,544.5
2018-12-01 12:00:00+00:00,405.75
2018-12-01 13:00:00+00:00,313.5
2018-12-01 14:00:00+00:00,155.0
2018-12-01 15:00:00+00:00,483.75
2018-12-01 16:00:00+00:00,615.25
2018-12-01 17:00:00+00:00,735.25
2018-12-01 18:00:00+00:00,980.75
2018-12-01 19:00:00+00:00,529.25
2018-12-01 20:00:00+00:00,579.0
2018-12-01 21:00:00+00:00,518.75
2018-12-01 22:00:00+00:00,480.75
2018-12-01 23:00:00+00:00,382.75
2018-12-02 00:00:00+00:00,375.25
2018-12-02 01:00:00+00:00,302.0
2018-12-02 02:00:00+00:00,278.0
2018-12-02 03:00:00+00:00,315.0
2018-12-02 04:00:00+00:00,411.5
2018-12-02 05:00:00+00:00,293.25
2018-12-02 06:00:00+00:00,331.75
2018-12-02 07:00:00+00:00,327.5
2018-12-02 08:00:00+00:00,407.5
2018-12-02 09:00:00+00:00,576.25
2018-12-02 10:00:00+00:00,546.25
2018-12-02 11:00:00+00:00,417.75
2018-12-02 12:00:00+00:00,440.75
2018-12-02 13:00:00+00:00,356.25
2018-12-02 14:00:00+00:00,431.75
2018-12-02 15:00:00+00:00,442.0
2018-12-02 16:00:00+00:00,4714.0
2018-12-02 17:00:00+00:00,3283.25
2018-12-02 18:00:00+00:00,2761.5
2018-12-02 19:00:00+00:00,1490.5
2018-12-02 20:00:00+00:00,441.75
2018-12-02 21:00:00+00:00,493.5
2018-12-02 22:00:00+00:00,470.25
2018-12-02 23:00:00+00:00,382.75
2018-12-03 00:00:00+00:00,373.75
2018-12-03 01:00:00+00:00,341.25
2018-12-03 02:00:00+00:00,279.25
2018-12-03 03:00:00+00:00,285.5
2018-12-03 04:00:00+00:00,546.25
2018-12-03 05:00:00+00:00,330.0
2018-12-03 06:00:00+00:00,297.75
2018-12-03 07:00:00+00:00,297.5
2018-12-03 08:00:00+00:00,242.5
2018-12-03 09:00:00+00:00,257.5
2018-12-03 10:00:00+00:00,625.25
2018-12-03 11:00:00+00:00,349.25
2018-12-03 12:00:00+00:00,291.25
2018-12-03 13:00:00+00:00,329.0
2018-12-03 14:00:00+00:00,352.0
2018-12-03 15:00:00+00:00,277.5
2018-12-03 16:00:00+00:00,337.75
2018-12-03 17:00:00+00:00,490.5
2018-12-03 18:00:00+00:00,558.25
2018-12-03 19:00:00+00:00,485.5
2018-12-03 20:00:00+00:00,456.5
2018-12-03 21:00:00+00:00,494.0
2018-12-03 22:00:00+00:00,390.75
2018-12-03 23:00:00+00:00,402.25
2018-12-04 00:00:00+00:00,365.5
2018-12-04 01:00:00+00:00,356.5
2018-12-04 02:00:00+00:00,272.5
2018-12-04 03:00:00+00:00,285.75
2018-12-04 04:00:00+00:00,549.5
2018-12-04 05:00:00+00:00,352.0
2018-12-04 06:00:00+00:00,304.25
2018-12-04 07:00:00+00:00,266.0
2018-12-04 08:00:00+00:00,190.5
2018-12-04 09:00:00+00:00,324.75
2018-12-04 10:00:00+00:00,478.0
2018-12-04 11:00:00+00:00,584.25
2018-12-04 12:00:00+00:00,378.0
2018-12-04 13:00:00+00:00,451.0
2018-12-04 14:00:00+00:00,287.5
2018-12-04 15:00:00+00:00,351.75
2018-12-04 16:00:00+00:00,308.25
2018-12-04 17:00:00+00:00,493.25
2018-12-04 18:00:00+00:00,524.5
2018-12-04 19:00:00+00:00,628.0
2018-12-04 20:00:00+00:00,511.75
2018-12-04 21:00:00+00:00,400.0
2018-12-04 22:00:00+00:00,484.0
2018-12-04 23:00:00+00:00,443.25
2018-12-05 00:00:00+00:00,437.75
2018-12-05 01:00:00+00:00,450.0
2018-12-05 02:00:00+00:00,366.5
2018-12-05 03:00:00+00:00,354.0
2018-12-05 04:00:00+00:00,609.75
2018-12-05 05:00:00+00:00,416.5
2018-12-05 06:00:00+00:00,344.25
2018-12-05 07:00:00+00:00,228.5
2018-12-05 08:00:00+00:00,304.75
2018-12-05 09:00:00+00:00,363.0
2018-12-05 10:00:00+00:00,463.0
2018-12-05 11:00:00+00:00,480.75
2018-12-05 12:00:00+00:00,373.25
2018-12-05 13:00:00+00:00,400.75
2018-12-05 14:00:00+00:00,212.0
2018-12-05 15:00:00+00:00,331.0
2018-12-05 16:00:00+00:00,532.25
2018-12-05 17:00:00+00:00,739.75
2018-12-05 18:00:00+00:00,537.0
2018-12-05 19:00:00+00:00,3888.75
2018-12-05 20:00:00+00:00,2732.75
2018-12-05 21:00:00+00:00,463.25
2018-12-05 22:00:00+00:00,519.0
2018-12-05 23:00:00+00:00,400.75
2018-12-06 00:00:00+00:00,379.25
2018-12-06 01:00:00+00:00,371.5
2018-12-06 02:00:00+00:00,334.25
2018-12-06 03:00:00+00:00,296.75
2018-12-06 04:00:00+00:00,510.75
2018-12-06 05:00:00+00:00,402.0
2018-12-06 06:00:00+00:00,393.5
2018-12-06 07:00:00+00:00,336.75
2018-12-06 08:00:00+00:00,176.5
2018-12-06 09:00:00+00:00,145.75
2018-12-06 10:00:00+00:00,377.0
2018-12-06 11:00:00+00:00,391.25
2018-12-06 12:00:00+00:00,257.0
2018-12-06 13:00:00+00:00,194.0
2018-12-06 14:00:00+00:00,393.5
2018-12-06 15:00:00+00:00,292.75
2018-12-06 16:00:00+00:00,365.0
2018-12-06 17:00:00+00:00,466.5
2018-12-06 18:00:00+00:00,434.0
2018-12-06 19:00:00+00:00,441.75
2018-12-06 20:00:00+00:00,870.0
2018-12-06 21:00:00+00:00,763.5
2018-12-06 22:00:00+00:00,344.5
2018-12-06 23:00:00+00:00,369.75
2018-12-07 00:00:00+00:00,370.75
2018-12-07 01:00:00+00:00,375.0
2018-12-07 02:00:00+00:00,353.25
2018-12-07 03:00:00+00:00,296.25
2018-12-07 04:00:00+00:00,652.0
2018-12-07 05:00:00+00:00,358.25
2018-12-07 06:00:00+00:00,332.5
2018-12-07 07:00:00+00:00,264.0
2018-12-07 08:00:00+00:00,142.5
2018-12-07 09:00:00+00:00,170.5
2018-12-07 10:00:00+00:00,345.5
2018-12-07 11:00:00+00:00,352.75
2018-12-07 12:00:00+00:00,288.0
2018-12-07 13:00:00+00:00,198.75
2018-12-07 14:00:00+00:00,512.5
2018-12-07 15:00:00+00:00,1125.75
2018-12-07 16:00:00+00:00,2429.0
2018-12-07 17:00:00+00:00,2481.25
2018-12-07 18:00:00+00:00,1100.75
2018-12-07 19:00:00+00:00,769.25
2018-12-07 20:00:00+00:00,372.25
2018-12-07 21:00:00+00:00,764.0
2018-12-07 22:00:00+00:00,593.0
2018-12-07 23:00:00+00:00,420.5
2018-12-08 00:00:00+00:00,377.0
2018-12-08 01:00:00+00:00,400.75
2018-12-08 02:00:00+00:00,394.0
2018-12-08 03:00:00+00:00,358.5
2018-12-08 04:00:00+00:00,394.75
2018-12-08 05:00:00+00:00,1277.0
2018-12-08 06:00:00+00:00,3338.5
2018-12-08 07:00:00+00:00,1596.5
2018-12-08 08:00:00+00:00,816.5
2018-12-08 09:00:00+00:00,242.0
2018-12-08 10:00:00+00:00,313.75
2018-12-08 11:00:00+00:00,1783.5
2018-12-08 12:00:00+00:00,1417.0
2018-12-08 13:00:00+00:00,1417.3333333333333
2018-12-08 14:00:00+00:00,1307.5
2018-12-08 15:00:00+00:00,1437.5
2018-12-08 16:00:00+00:00,2674.25
2018-12-08 17:00:00+00:00,3099.5
2018-12-08 18:00:00+00:00,3700.0
2018-12-08 19:00:00+00:00,2220.0
2018-12-08 20:00:00+00:00,831.25
2018-12-08 21:00:00+00:00,523.0
2018-12-08 22:00:00+00:00,380.0
2018-12-08 23:00:00+00:00,371.25
2018-12-09 00:00:00+00:00,388.0
2018-12-09 01:00:00+00:00,357.5
2018-12-09 02:00:00+00:00,351.75
2018-12-09 03:00:00+00:00,382.0
2018-12-09 04:00:00+00:00,376.0
2018-12-09 05:00:00+00:00,292.5
2018-12-09 06:00:00+00:00,536.0
2018-12-09 07:00:00+00:00,776.0
2018-12-09 08:00:00+00:00,428.75
2018-12-09 09:00:00+00:00,1892.0
2018-12-09 10:00:00+00:00,2395.25
2018-12-09 11:00:00+00:00,821.0
2018-12-09 12:00:00+00:00,375.5
2018-12-09 13:00:00+00:00,488.5
2018-12-09 14:00:00+00:00,774.25
2018-12-09 15:00:00+00:00,940.75
2018-12-09 16:00:00+00:00,797.0
2018-12-09 17:00:00+00:00,1501.25
2018-12-09 18:00:00+00:00,1366.25
2018-12-09 19:00:00+00:00,1278.25
2018-12-09 20:00:00+00:00,1321.5
2018-12-09 21:00:00+00:00,688.25
2018-12-09 22:00:00+00:00,417.75
2018-12-09 23:00:00+00:00,403.0
2018-12-10 00:00:00+00:00,390.5
2018-12-10 01:00:00+00:00,393.0
2018-12-10 02:00:00+00:00,314.0
2018-12-10 03:00:00+00:00,297.0
2018-12-10 04:00:00+00:00,847.25
2018-12-10 05:00:00+00:00,409.25
2018-12-10 06:00:00+00:00,381.0
2018-12-10 07:00:00+00:00,279.25
2018-12-10 08:00:00+00:00,229.25
2018-12-10 09:00:00+00:00,323.25
2018-12-10 10:00:00+00:00,430.0
2018-12-10 11:00:00+00:00,458.5
2018-12-10 12:00:00+00:00,300.5
2018-12-10 13:00:00+00:00,487.0
2018-12-10 14:00:00+00:00,461.0
2018-12-10 15:00:00+00:00,293.0
2018-12-10 16:00:00+00:00,868.0
2018-12-10 17:00:00+00:00,649.25
2018-12-10 18:00:00+00:00,765.0
2018-12-10 19:00:00+00:00,1144.25
2018-12-10 20:00:00+00:00,770.75
2018-12-10 21:00:00+00:00,514.0
2018-12-10 22:00:00+00:00,462.5
2018-12-10 23:00:00+00:00,387.5
2018-12-11 00:00:00+00:00,314.25
2018-12-11 01:00:00+00:00,295.5
2018-12-11 02:00:00+00:00,301.75
2018-12-11 03:00:00+00:00,325.75
2018-12-11 04:00:00+00:00,812.75
2018-12-11 05:00:00+00:00,464.5
2018-12-11 06:00:00+00:00,325.0
2018-12-11 07:00:00+00:00,395.0
2018-12-11 08:00:00+00:00,437.25
2018-12-11 09:00:00+00:00,471.0
2018-12-11 10:00:00+00:00,443.5
2018-12-11 11:00:00+00:00,415.5
2018-12-11 12:00:00+00:00,357.75
2018-12-11 13:00:00+00:00,589.5
2018-12-11 14:00:00+00:00,236.75
2018-12-11 15:00:00+00:00,618.5
2018-12-11 16:00:00+00:00,285.75
2018-12-11 17:00:00+00:00,991.5
2018-12-11 18:00:00+00:00,893.0
2018-12-11 19:00:00+00:00,1210.25
2018-12-11 20:00:00+00:00,1039.25
2018-12-11 21:00:00+00:00,369.75
2018-12-11 22:00:00+00:00,356.75
2018-12-11 23:00:00+00:00,262.25
2018-12-12 00:00:00+00:00,290.75
2018-12-12 01:00:00+00:00,291.5
2018-12-12 02:00:00+00:00,296.0
2018-12-12 03:00:00+00:00,240.0
2018-12-12 04:00:00+00:00,884.5
2018-12-12 05:00:00+00:00,517.75
2018-12-12 06:00:00+00:00,423.75
2018-12-12 07:00:00+00:00,416.25
2018-12-12 08:00:00+00:00,266.0
2018-12-12 09:00:00+00:00,302.75
2018-12-12 10:00:00+00:00,365.75
2018-12-12 11:00:00+00:00,393.5
2018-12-12 12:00:00+00:00,241.5
2018-12-12 13:00:00+00:00,213.0
2018-12-12 14:00:00+00:00,386.75
2018-12-12 15:00:00+00:00,1485.0
2018-12-12 16:00:00+00:00,1130.75
2018-12-12 17:00:00+00:00,747.75
2018-12-12 18:00:00+00:00,669.5
2018-12-12 19:00:00+00:00,765.5
2018-12-12 20:00:00+00:00,781.25
2018-12-12 21:00:00+00:00,386.0
2018-12-12 22:00:00+00:00,364.25
2018-12-12 23:00:00+00:00,334.75
2018-12-13 00:00:00+00:00,317.0
2018-12-13 01:00:00+00:00,310.5
2018-12-13 02:00:00+00:00,298.75
2018-12-13 03:00:00+00:00,334.5
2018-12-13 04:00:00+00:00,882.5
2018-12-13 05:00:00+00:00,568.25
2018-12-13 06:00:00+00:00,432.5
2018-12-13 07:00:00+00:00,403.5
2018-12-13 08:00:00+00:00,440.25
2018-12-13 09:00:00+00:00,393.5
2018-12-13 10:00:00+00:00,414.5
2018-12-13 11:00:00+00:00,413.0
2018-12-13 12:00:00+00:00,322.75
2018-12-13 13:00:00+00:00,170.0
2018-12-13 14:00:00+00:00,362.75
2018-12-13 15:00:00+00:00,621.75
2018-12-13 16:00:00+00:00,769.75
2018-12-13 17:00:00+00:00,848.0
2018-12-13 18:00:00+00:00,967.25
2018-12-13 19:00:00+00:00,623.25
2018-12-13 20:00:00+00:00,549.0
2018-12-13 21:00:00+00:00,598.5
2018-12-13 22:00:00+00:00,428.75
2018-12-13 23:00:00+00:00,305.75
2018-12-14 00:00:00+00:00,325.0
2018-12-14 01:00:00+00:00,300.5
2018-12-14 02:00:00+00:00,335.25
2018-12-14 03:00:00+00:00,310.0
2018-12-14 04:00:00+00:00,709.5
2018-12-14 05:00:00+00:00,1134.0
2018-12-14 06:00:00+00:00,1091.25
2018-12-14 07:00:00+00:00,398.5
2018-12-14 08:00:00+00:00,401.5
2018-12-14 09:00:00+00:00,425.5
2018-12-14 10:00:00+00:00,393.25
2018-12-14 11:00:00+00:00,377.25
2018-12-14 12:00:00+00:00,82.5
2018-12-14 13:00:00+00:00,91.0
2018-12-14 14:00:00+00:00,346.0
2018-12-14 15:00:00+00:00,317.75
2018-12-14 16:00:00+00:00,283.5
2018-12-14 17:00:00+00:00,411.75
2018-12-14 18:00:00+00:00,529.5
2018-12-14 19:00:00+00:00,570.5
2018-12-14 20:00:00+00:00,674.0
2018-12-14 21:00:00+00:00,578.25
2018-12-14 22:00:00+00:00,323.25
2018-12-14 23:00:00+00:00,297.25
2018-12-15 00:00:00+00:00,331.25
2018-12-15 01:00:00+00:00,314.5
2018-12-15 02:00:00+00:00,343.0
2018-12-15 03:00:00+00:00,327.5
2018-12-15 04:00:00+00:00,435.75
2018-12-15 05:00:00+00:00,371.5
2018-12-15 06:00:00+00:00,444.0
2018-12-15 07:00:00+00:00,1373.75
2018-12-15 08:00:00+00:00,862.75
2018-12-15 09:00:00+00:00,2814.75
2018-12-15 10:00:00+00:00,1570.75
2018-12-15 11:00:00+00:00,1746.5
2018-12-15 12:00:00+00:00,344.75
2018-12-15 13:00:00+00:00,3537.75
2018-12-15 14:00:00+00:00,3263.25
2018-12-15 15:00:00+00:00,1060.5
2018-12-15 16:00:00+00:00,999.5
2018-12-15 17:00:00+00:00,1579.75
2018-12-15 18:00:00+00:00,1343.5
2018-12-15 19:00:00+00:00,4057.25
2018-12-15 20:00:00+00:00,4944.0
2018-12-15 21:00:00+00:00,2048.75
2018-12-15 22:00:00+00:00,462.75
2018-12-15 23:00:00+00:00,437.25
2018-12-16 00:00:00+00:00,335.25
2018-12-16 01:00:00+00:00,347.75
2018-12-16 02:00:00+00:00,345.0
2018-12-16 03:00:00+00:00,316.25
2018-12-16 04:00:00+00:00,393.25
2018-12-16 05:00:00+00:00,1807.0
2018-12-16 06:00:00+00:00,2622.5
2018-12-16 07:00:00+00:00,1647.0
2018-12-16 08:00:00+00:00,1427.5
2018-12-16 09:00:00+00:00,1457.0
2018-12-16 10:00:00+00:00,2005.75
2018-12-16 11:00:00+00:00,1774.0
2018-12-16 12:00:00+00:00,410.5
2018-12-16 13:00:00+00:00,694.75
2018-12-16 14:00:00+00:00,1119.25
2018-12-16 15:00:00+00:00,3527.0
2018-12-16 16:00:00+00:00,3476.75
2018-12-16 17:00:00+00:00,3795.75
2018-12-16 18:00:00+00:00,2913.75
2018-12-16 19:00:00+00:00,924.0
2018-12-16 20:00:00+00:00,730.75
2018-12-16 21:00:00+00:00,449.75
2018-12-16 22:00:00+00:00,292.5
2018-12-16 23:00:00+00:00,312.0
2018-12-17 00:00:00+00:00,331.0
2018-12-17 01:00:00+00:00,312.5
2018-12-17 02:00:00+00:00,293.5
2018-12-17 03:00:00+00:00,377.75
2018-12-17 04:00:00+00:00,926.0
2018-12-17 05:00:00+00:00,566.0
2018-12-17 06:00:00+00:00,468.25
2018-12-17 07:00:00+00:00,409.5
2018-12-17 08:00:00+00:00,183.75
2018-12-17 09:00:00+00:00,399.25
2018-12-17 10:00:00+00:00,431.0
2018-12-17 11:00:00+00:00,405.75
2018-12-17 12:00:00+00:00,298.0
2018-12-17 13:00:00+00:00,114.75
2018-12-17 14:00:00+00:00,478.0
2018-12-17 15:00:00+00:00,817.0
2018-12-17 16:00:00+00:00,1203.25
2018-12-17 17:00:00+00:00,1292.75
2018-12-17 18:00:00+00:00,3129.25
2018-12-17 19:00:00+00:00,2821.0
2018-12-17 20:00:00+00:00,2935.25
2018-12-17 21:00:00+00:00,442.25
2018-12-17 22:00:00+00:00,306.0
2018-12-17 23:00:00+00:00,310.75
2018-12-18 00:00:00+00:00,319.25
2018-12-18 01:00:00+00:00,299.5
2018-12-18 02:00:00+00:00,309.5
2018-12-18 03:00:00+00:00,378.0
2018-12-18 04:00:00+00:00,922.25
2018-12-18 05:00:00+00:00,535.75
2018-12-18 06:00:00+00:00,415.5
2018-12-18 07:00:00+00:00,355.25
2018-12-18 08:00:00+00:00,291.75
2018-12-18 09:00:00+00:00,323.0
2018-12-18 10:00:00+00:00,399.0
2018-12-18 11:00:00+00:00,384.25
2018-12-18 12:00:00+00:00,330.75
2018-12-18 13:00:00+00:00,340.75
2018-12-18 14:00:00+00:00,272.25
2018-12-18 15:00:00+00:00,486.75
2018-12-18 16:00:00+00:00,839.75
2018-12-18 17:00:00+00:00,708.5
2018-12-18 18:00:00+00:00,635.25
2018-12-18 19:00:00+00:00,807.0
2018-12-18 20:00:00+00:00,530.5
2018-12-18 21:00:00+00:00,384.0
2018-12-18 22:00:00+00:00,318.5
2018-12-18 23:00:00+00:00,297.5
2018-12-19 00:00:00+00:00,270.75
2018-12-19 01:00:00+00:00,324.0
2018-12-19 02:00:00+00:00,301.5
2018-12-19 03:00:00+00:00,442.25
2018-12-19 04:00:00+00:00,869.5
2018-12-19 05:00:00+00:00,526.25
2018-12-19 06:00:00+00:00,470.75
2018-12-19 07:00:00+00:00,502.0
2018-12-19 08:00:00+00:00,301.5
2018-12-19 09:00:00+00:00,340.75
2018-12-19 10:00:00+00:00,238.25
2018-12-19 11:00:00+00:00,387.0
2018-12-19 12:00:00+00:00,255.5
2018-12-19 13:00:00+00:00,94.25
2018-12-19 14:00:00+00:00,371.75
2018-12-19 15:00:00+00:00,479.75
2018-12-19 16:00:00+00:00,367.25
2018-12-19 17:00:00+00:00,534.0
2018-12-19 18:00:00+00:00,738.5
2018-12-19 19:00:00+00:00,588.75
2018-12-19 20:00:00+00:00,605.75
2018-12-19 21:00:00+00:00,665.5
2018-12-19 22:00:00+00:00,558.75
2018-12-19 23:00:00+00:00,339.75
2018-12-20 00:00:00+00:00,349.75
2018-12-20 01:00:00+00:00,313.25
2018-12-20 02:00:00+00:00,306.0
2018-12-20 03:00:00+00:00,526.5
2018-12-20 04:00:00+00:00,760.25
2018-12-20 05:00:00+00:00,435.0
2018-12-20 06:00:00+00:00,403.25
2018-12-20 07:00:00+00:00,1130.25
2018-12-20 08:00:00+00:00,708.25
2018-12-20 09:00:00+00:00,337.0
2018-12-20 10:00:00+00:00,720.75
2018-12-20 11:00:00+00:00,588.75
2018-12-20 12:00:00+00:00,325.25
2018-12-20 13:00:00+00:00,799.0
2018-12-20 14:00:00+00:00,705.75
2018-12-20 15:00:00+00:00,2259.75
2018-12-20 16:00:00+00:00,1739.5
2018-12-20 17:00:00+00:00,463.75
2018-12-20 18:00:00+00:00,668.25
2018-12-20 19:00:00+00:00,3050.5
2018-12-20 20:00:00+00:00,1931.0
2018-12-20 21:00:00+00:00,529.75
2018-12-20 22:00:00+00:00,358.5
2018-12-20 23:00:00+00:00,316.25
2018-12-21 00:00:00+00:00,316.5
2018-12-21 01:00:00+00:00,286.0
2018-12-21 02:00:00+00:00,318.25
2018-12-21 03:00:00+00:00,333.5
2018-12-21 04:00:00+00:00,575.5
2018-12-21 05:00:00+00:00,752.5
2018-12-21 06:00:00+00:00,467.75
2018-12-21 07:00:00+00:00,421.0
2018-12-21 08:00:00+00:00,513.75
2018-12-21 09:00:00+00:00,596.25
2018-12-21 10:00:00+00:00,503.5
2018-12-21 11:00:00+00:00,511.5
2018-12-21 12:00:00+00:00,2755.25
2018-12-21 13:00:00+00:00,2000.0
2018-12-21 14:00:00+00:00,418.0
2018-12-21 15:00:00+00:00,400.5
2018-12-21 16:00:00+00:00,370.5
2018-12-21 17:00:00+00:00,992.25
2018-12-21 18:00:00+00:00,1333.25
2018-12-21 19:00:00+00:00,606.0
2018-12-21 20:00:00+00:00,604.5
2018-12-21 21:00:00+00:00,596.75
2018-12-21 22:00:00+00:00,319.25
2018-12-21 23:00:00+00:00,537.5
2018-12-22 00:00:00+00:00,342.0
2018-12-22 01:00:00+00:00,281.0
2018-12-22 02:00:00+00:00,285.0
2018-12-22 03:00:00+00:00,306.5
2018-12-22 04:00:00+00:00,394.75
2018-12-22 05:00:00+00:00,275.75
2018-12-22 06:00:00+00:00,369.0
2018-12-22 07:00:00+00:00,509.75
2018-12-22 08:00:00+00:00,1222.5
2018-12-22 09:00:00+00:00,459.75
2018-12-22 10:00:00+00:00,929.25
2018-12-22 11:00:00+00:00,2895.75
2018-12-22 12:00:00+00:00,889.5
2018-12-22 13:00:00+00:00,324.75
2018-12-22 14:00:00+00:00,540.75
2018-12-22 15:00:00+00:00,346.25
2018-12-22 16:00:00+00:00,993.0
2018-12-22 17:00:00+00:00,1143.75
2018-12-22 18:00:00+00:00,1053.25
2018-12-22 19:00:00+00:00,670.0
2018-12-22 20:00:00+00:00,598.25
2018-12-22 21:00:00+00:00,411.5
2018-12-22 22:00:00+00:00,364.25
2018-12-22 23:00:00+00:00,321.25
2018-12-23 00:00:00+00:00,329.0
2018-12-23 01:00:00+00:00,292.75
2018-12-23 02:00:00+00:00,321.25
2018-12-23 03:00:00+00:00,338.5
2018-12-23 04:00:00+00:00,424.25
2018-12-23 05:00:00+00:00,442.5
2018-12-23 06:00:00+00:00,440.25
2018-12-23 07:00:00+00:00,928.25
2018-12-23 08:00:00+00:00,519.75
2018-12-23 09:00:00+00:00,425.25
2018-12-23 10:00:00+00:00,1395.5
2018-12-23 11:00:00+00:00,1997.75
2018-12-23 12:00:00+00:00,1100.75
2018-12-23 13:00:00+00:00,437.25
2018-12-23 14:00:00+00:00,4431.5
2018-12-23 15:00:00+00:00,3319.75
2018-12-23 16:00:00+00:00,2559.25
2018-12-23 17:00:00+00:00,1893.75
2018-12-23 18:00:00+00:00,1137.5
2018-12-23 19:00:00+00:00,591.25
2018-12-23 20:00:00+00:00,2851.0
2018-12-23 21:00:00+00:00,1630.75
2018-12-23 22:00:00+00:00,554.0
2018-12-23 23:00:00+00:00,330.5
2018-12-24 00:00:00+00:00,335.25
2018-12-24 01:00:00+00:00,293.0
2018-12-24 02:00:00+00:00,318.5
2018-12-24 03:00:00+00:00,351.25
2018-12-24 04:00:00+00:00,484.75
2018-12-24 05:00:00+00:00,455.25
2018-12-24 06:00:00+00:00,868.5
2018-12-24 07:00:00+00:00,744.5
2018-12-24 08:00:00+00:00,1625.0
2018-12-24 09:00:00+00:00,684.25
2018-12-24 10:00:00+00:00,505.5
2018-12-24 11:00:00+00:00,953.5
2018-12-24 12:00:00+00:00,2972.0
2018-12-24 13:00:00+00:00,1009.5
2018-12-24 14:00:00+00:00,1287.0
2018-12-24 15:00:00+00:00,2381.0
2018-12-24 16:00:00+00:00,3982.25
2018-12-24 17:00:00+00:00,1262.5
2018-12-24 18:00:00+00:00,1287.25
2018-12-24 19:00:00+00:00,1629.0
2018-12-24 20:00:00+00:00,4072.5
2018-12-24 21:00:00+00:00,2068.0
2018-12-24 22:00:00+00:00,325.0
2018-12-24 23:00:00+00:00,420.5
2018-12-25 00:00:00+00:00,533.0
2018-12-25 01:00:00+00:00,342.0
2018-12-25 02:00:00+00:00,347.0
2018-12-25 03:00:00+00:00,451.25
2018-12-25 04:00:00+00:00,482.5
2018-12-25 05:00:00+00:00,479.75
2018-12-25 06:00:00+00:00,440.5
2018-12-25 07:00:00+00:00,589.0
2018-12-25 08:00:00+00:00,205.5
2018-12-25 09:00:00+00:00,598.0
2018-12-25 10:00:00+00:00,608.25
2018-12-25 11:00:00+00:00,504.0
2018-12-25 12:00:00+00:00,503.0
2018-12-25 13:00:00+00:00,360.75
2018-12-25 14:00:00+00:00,1224.75
2018-12-25 15:00:00+00:00,1108.0
2018-12-25 16:00:00+00:00,819.0
2018-12-25 17:00:00+00:00,911.75
2018-12-25 18:00:00+00:00,3168.0
2018-12-25 19:00:00+00:00,3505.75
2018-12-25 20:00:00+00:00,3394.0
2018-12-25 21:00:00+00:00,1583.0
2018-12-25 22:00:00+00:00,455.0
2018-12-25 23:00:00+00:00,325.5
2018-12-26 00:00:00+00:00,314.75
2018-12-26 01:00:00+00:00,332.5
2018-12-26 02:00:00+00:00,427.25
2018-12-26 03:00:00+00:00,422.5
2018-12-26 04:00:00+00:00,474.0
2018-12-26 05:00:00+00:00,754.25
2018-12-26 06:00:00+00:00,978.0
2018-12-26 07:00:00+00:00,443.5
2018-12-26 08:00:00+00:00,1166.75
2018-12-26 09:00:00+00:00,2232.75
2018-12-26 10:00:00+00:00,1959.25
2018-12-26 11:00:00+00:00,1514.75
2018-12-26 12:00:00+00:00,977.5
2018-12-26 13:00:00+00:00,727.25
2018-12-26 14:00:00+00:00,958.75
2018-12-26 15:00:00+00:00,737.75
2018-12-26 16:00:00+00:00,1171.75
2018-12-26 17:00:00+00:00,963.25
2018-12-26 18:00:00+00:00,943.75
2018-12-26 19:00:00+00:00,709.75
2018-12-26 20:00:00+00:00,622.75
2018-12-26 21:00:00+00:00,502.75
2018-12-26 22:00:00+00:00,324.75
2018-12-26 23:00:00+00:00,322.25
2018-12-27 00:00:00+00:00,422.75
2018-12-27 01:00:00+00:00,414.5
2018-12-27 02:00:00+00:00,435.75
2018-12-27 03:00:00+00:00,407.25
2018-12-27 04:00:00+00:00,610.75
2018-12-27 05:00:00+00:00,636.0
2018-12-27 06:00:00+00:00,652.25
2018-12-27 07:00:00+00:00,344.25
2018-12-27 08:00:00+00:00,482.5
2018-12-27 09:00:00+00:00,566.5
2018-12-27 10:00:00+00:00,826.5
2018-12-27 11:00:00+00:00,707.0
2018-12-27 12:00:00+00:00,635.75
2018-12-27 13:00:00+00:00,1284.0
2018-12-27 14:00:00+00:00,1305.75
2018-12-27 15:00:00+00:00,934.25
2018-12-27 16:00:00+00:00,826.0
2018-12-27 17:00:00+00:00,686.25
2018-12-27 18:00:00+00:00,827.0
2018-12-27 19:00:00+00:00,664.25
2018-12-27 20:00:00+00:00,696.5
2018-12-27 21:00:00+00:00,628.5
2018-12-27 22:00:00+00:00,585.0
2018-12-27 23:00:00+00:00,492.0
2018-12-28 00:00:00+00:00,425.75
2018-12-28 01:00:00+00:00,385.25
2018-12-28 02:00:00+00:00,318.75
2018-12-28 03:00:00+00:00,336.5
2018-12-28 04:00:00+00:00,668.0
2018-12-28 05:00:00+00:00,557.75
2018-12-28 06:00:00+00:00,747.0
2018-12-28 07:00:00+00:00,522.25
2018-12-28 08:00:00+00:00,438.0
2018-12-28 09:00:00+00:00,483.0
2018-12-28 10:00:00+00:00,494.5
2018-12-28 11:00:00+00:00,440.25
2018-12-28 12:00:00+00:00,333.75
2018-12-28 13:00:00+00:00,374.75
2018-12-28 14:00:00+00:00,291.25
2018-12-28 15:00:00+00:00,359.25
2018-12-28 16:00:00+00:00,565.25
2018-12-28 17:00:00+00:00,834.75
2018-12-28 18:00:00+00:00,4505.5
2018-12-28 19:00:00+00:00,3100.0
2018-12-28 20:00:00+00:00,735.5
2018-12-28 21:00:00+00:00,525.5
2018-12-28 22:00:00+00:00,472.5
2018-12-28 23:00:00+00:00,342.25
2018-12-29 00:00:00+00:00,341.5
2018-12-29 01:00:00+00:00,344.5
2018-12-29 02:00:00+00:00,331.75
2018-12-29 03:00:00+00:00,369.75
2018-12-29 04:00:00+00:00,450.0
2018-12-29 05:00:00+00:00,444.75
2018-12-29 06:00:00+00:00,451.5
2018-12-29 07:00:00+00:00,706.5
2018-12-29 08:00:00+00:00,2614.75
2018-12-29 09:00:00+00:00,4409.0
2018-12-29 10:00:00+00:00,3934.25
2018-12-29 11:00:00+00:00,3841.25
2018-12-29 12:00:00+00:00,3911.0
2018-12-29 13:00:00+00:00,977.5
2018-12-29 14:00:00+00:00,470.5
2018-12-29 15:00:00+00:00,1107.0
2018-12-29 16:00:00+00:00,1656.5
2018-12-29 17:00:00+00:00,2350.0
2018-12-29 18:00:00+00:00,1125.5
2018-12-29 19:00:00+00:00,941.75
2018-12-29 20:00:00+00:00,2847.75
2018-12-29 21:00:00+00:00,1358.5
2018-12-29 22:00:00+00:00,414.25
2018-12-29 23:00:00+00:00,305.25
2018-12-30 00:00:00+00:00,307.0
2018-12-30 01:00:00+00:00,311.0
2018-12-30 02:00:00+00:00,321.5
2018-12-30 03:00:00+00:00,387.25
2018-12-30 04:00:00+00:00,454.25
2018-12-30 05:00:00+00:00,425.75
2018-12-30 06:00:00+00:00,711.5
2018-12-30 07:00:00+00:00,792.0
2018-12-30 08:00:00+00:00,534.75
2018-12-30 09:00:00+00:00,338.25
2018-12-30 10:00:00+00:00,375.0
2018-12-30 11:00:00+00:00,410.5
2018-12-30 12:00:00+00:00,306.25
2018-12-30 13:00:00+00:00,362.75
2018-12-30 14:00:00+00:00,249.0
2018-12-30 15:00:00+00:00,394.5
2018-12-30 16:00:00+00:00,352.5
2018-12-30 17:00:00+00:00,439.5
2018-12-30 18:00:00+00:00,326.5
2018-12-30 19:00:00+00:00,310.0
2018-12-30 20:00:00+00:00,468.0
2018-12-30 21:00:00+00:00,521.75
2018-12-30 22:00:00+00:00,447.0
2018-12-30 23:00:00+00:00,282.0
2018-12-31 00:00:00+00:00,317.0
2018-12-31 01:00:00+00:00,349.75
2018-12-31 02:00:00+00:00,418.0
2018-12-31 03:00:00+00:00,406.25
2018-12-31 04:00:00+00:00,466.25
2018-12-31 05:00:00+00:00,441.75
2018-12-31 06:00:00+00:00,376.75
2018-12-31 07:00:00+00:00,391.25
2018-12-31 08:00:00+00:00,587.75
2018-12-31 09:00:00+00:00,278.75
2018-12-31 10:00:00+00:00,263.25
2018-12-31 11:00:00+00:00,821.25
2018-12-31 12:00:00+00:00,794.0
2018-12-31 13:00:00+00:00,780.5
2018-12-31 14:00:00+00:00,935.75
2018-12-31 15:00:00+00:00,1794.5
2018-12-31 16:00:00+00:00,1640.0
2018-12-31 17:00:00+00:00,1651.75
2018-12-31 18:00:00+00:00,2046.75
2018-12-31 19:00:00+00:00,1414.0
2018-12-31 20:00:00+00:00,1208.75
2018-12-31 21:00:00+00:00,572.25
2018-12-31 22:00:00+00:00,717.0
2018-12-31 23:00:00+00:00,730.5
2019-01-01 00:00:00+00:00,567.25
2019-01-01 01:00:00+00:00,404.0
2019-01-01 02:00:00+00:00,363.25
2019-01-01 03:00:00+00:00,319.0
2019-01-01 04:00:00+00:00,367.75
2019-01-01 05:00:00+00:00,347.0
2019-01-01 06:00:00+00:00,350.0
2019-01-01 07:00:00+00:00,305.75
2019-01-01 08:00:00+00:00,275.25
2019-01-01 09:00:00+00:00,649.0
2019-01-01 10:00:00+00:00,633.25
2019-01-01 11:00:00+00:00,719.75
2019-01-01 12:00:00+00:00,1352.0
2019-01-01 13:00:00+00:00,518.0
2019-01-01 14:00:00+00:00,914.0
2019-01-01 15:00:00+00:00,959.5
2019-01-01 16:00:00+00:00,675.0
2019-01-01 17:00:00+00:00,967.75
2019-01-01 18:00:00+00:00,4597.75
2019-01-01 19:00:00+00:00,3208.5
2019-01-01 20:00:00+00:00,514.0
2019-01-01 21:00:00+00:00,590.5
2019-01-01 22:00:00+00:00,491.75
2019-01-01 23:00:00+00:00,416.75
2019-01-02 00:00:00+00:00,401.25
2019-01-02 01:00:00+00:00,361.75
2019-01-02 02:00:00+00:00,337.0
2019-01-02 03:00:00+00:00,324.75
2019-01-02 04:00:00+00:00,558.75
2019-01-02 05:00:00+00:00,589.75
2019-01-02 06:00:00+00:00,437.75
2019-01-02 07:00:00+00:00,312.5
2019-01-02 08:00:00+00:00,340.75
2019-01-02 09:00:00+00:00,919.5
2019-01-02 10:00:00+00:00,1126.75
2019-01-02 11:00:00+00:00,860.0
2019-01-02 12:00:00+00:00,738.75
2019-01-02 13:00:00+00:00,409.75
2019-01-02 14:00:00+00:00,233.75
2019-01-02 15:00:00+00:00,310.75
2019-01-02 16:00:00+00:00,1403.75
2019-01-02 17:00:00+00:00,995.75
2019-01-02 18:00:00+00:00,910.0
2019-01-02 19:00:00+00:00,736.75
2019-01-02 20:00:00+00:00,774.0
2019-01-02 21:00:00+00:00,526.75
2019-01-02 22:00:00+00:00,387.75
2019-01-02 23:00:00+00:00,404.0
2019-01-03 00:00:00+00:00,351.0
2019-01-03 01:00:00+00:00,322.5
2019-01-03 02:00:00+00:00,338.25
2019-01-03 03:00:00+00:00,305.75
2019-01-03 04:00:00+00:00,564.75
2019-01-03 05:00:00+00:00,485.25
2019-01-03 06:00:00+00:00,336.75
2019-01-03 07:00:00+00:00,327.5
2019-01-03 08:00:00+00:00,1078.25
2019-01-03 09:00:00+00:00,600.25
2019-01-03 10:00:00+00:00,610.75
2019-01-03 11:00:00+00:00,895.75
2019-01-03 12:00:00+00:00,661.75
2019-01-03 13:00:00+00:00,415.5
2019-01-03 14:00:00+00:00,355.25
2019-01-03 15:00:00+00:00,2254.75
2019-01-03 16:00:00+00:00,1205.25
2019-01-03 17:00:00+00:00,1443.5
2019-01-03 18:00:00+00:00,759.25
2019-01-03 19:00:00+00:00,907.5
2019-01-03 20:00:00+00:00,1584.5
2019-01-03 21:00:00+00:00,909.0
2019-01-03 22:00:00+00:00,526.25
2019-01-03 23:00:00+00:00,411.0
2019-01-04 00:00:00+00:00,326.5
2019-01-04 01:00:00+00:00,321.0
2019-01-04 02:00:00+00:00,327.5
2019-01-04 03:00:00+00:00,434.5
2019-01-04 04:00:00+00:00,562.5
2019-01-04 05:00:00+00:00,577.75
2019-01-04 06:00:00+00:00,491.5
2019-01-04 07:00:00+00:00,417.75
2019-01-04 08:00:00+00:00,1972.25
2019-01-04 09:00:00+00:00,2627.0
2019-01-04 10:00:00+00:00,3786.5
2019-01-04 11:00:00+00:00,1369.0
2019-01-04 12:00:00+00:00,433.75
2019-01-04 13:00:00+00:00,536.0
2019-01-04 14:00:00+00:00,726.25
2019-01-04 15:00:00+00:00,1584.0
2019-01-04 16:00:00+00:00,1207.5
2019-01-04 17:00:00+00:00,1456.75
2019-01-04 18:00:00+00:00,2765.5
2019-01-04 19:00:00+00:00,1961.25
2019-01-04 20:00:00+00:00,705.0
2019-01-04 21:00:00+00:00,635.5
2019-01-04 22:00:00+00:00,370.25
2019-01-04 23:00:00+00:00,297.25
2019-01-05 00:00:00+00:00,309.25
2019-01-05 01:00:00+00:00,321.75
2019-01-05 02:00:00+00:00,407.75
2019-01-05 03:00:00+00:00,408.25
2019-01-05 04:00:00+00:00,478.5
2019-01-05 05:00:00+00:00,707.0
2019-01-05 06:00:00+00:00,608.0
2019-01-05 07:00:00+00:00,472.25
2019-01-05 08:00:00+00:00,1001.5
2019-01-05 09:00:00+00:00,446.25
2019-01-05 10:00:00+00:00,1747.25
2019-01-05 11:00:00+00:00,1943.25
2019-01-05 12:00:00+00:00,1049.0
2019-01-05 13:00:00+00:00,608.0
2019-01-05 14:00:00+00:00,461.25
2019-01-05 15:00:00+00:00,422.25
2019-01-05 16:00:00+00:00,308.25
2019-01-05 17:00:00+00:00,352.5
2019-01-05 18:00:00+00:00,443.75
2019-01-05 19:00:00+00:00,408.5
2019-01-05 20:00:00+00:00,418.5
2019-01-05 21:00:00+00:00,604.25
2019-01-05 22:00:00+00:00,488.0
2019-01-05 23:00:00+00:00,419.5
2019-01-06 00:00:00+00:00,294.5
2019-01-06 01:00:00+00:00,287.75
2019-01-06 02:00:00+00:00,397.0
2019-01-06 03:00:00+00:00,404.75
2019-01-06 04:00:00+00:00,460.0
2019-01-06 05:00:00+00:00,336.75
2019-01-06 06:00:00+00:00,394.5
2019-01-06 07:00:00+00:00,550.25
2019-01-06 08:00:00+00:00,462.25
2019-01-06 09:00:00+00:00,543.75
2019-01-06 10:00:00+00:00,599.5
2019-01-06 11:00:00+00:00,1720.75
2019-01-06 12:00:00+00:00,1644.5
2019-01-06 13:00:00+00:00,3125.0
2019-01-06 14:00:00+00:00,1564.75
2019-01-06 15:00:00+00:00,1156.0
2019-01-06 16:00:00+00:00,2016.5
2019-01-06 17:00:00+00:00,1085.75
2019-01-06 18:00:00+00:00,983.5
2019-01-06 19:00:00+00:00,1602.25
2019-01-06 20:00:00+00:00,2684.5
2019-01-06 21:00:00+00:00,419.0
2019-01-06 22:00:00+00:00,372.5
2019-01-06 23:00:00+00:00,312.5
2019-01-07 00:00:00+00:00,312.5
2019-01-07 01:00:00+00:00,387.5
2019-01-07 02:00:00+00:00,388.25
2019-01-07 03:00:00+00:00,352.75
2019-01-07 04:00:00+00:00,804.0
2019-01-07 05:00:00+00:00,1119.25
2019-01-07 06:00:00+00:00,505.5
2019-01-07 07:00:00+00:00,310.0
2019-01-07 08:00:00+00:00,243.25
2019-01-07 09:00:00+00:00,327.75
2019-01-07 10:00:00+00:00,383.0
2019-01-07 11:00:00+00:00,370.0
2019-01-07 12:00:00+00:00,308.75
2019-01-07 13:00:00+00:00,373.25
2019-01-07 14:00:00+00:00,248.75
2019-01-07 15:00:00+00:00,491.75
2019-01-07 16:00:00+00:00,567.75
2019-01-07 17:00:00+00:00,1112.5
2019-01-07 18:00:00+00:00,2998.5
2019-01-07 19:00:00+00:00,3349.25
2019-01-07 20:00:00+00:00,1704.75
2019-01-07 21:00:00+00:00,1746.0
2019-01-07 22:00:00+00:00,416.75
2019-01-07 23:00:00+00:00,296.5
2019-01-08 00:00:00+00:00,323.75
2019-01-08 01:00:00+00:00,393.25
2019-01-08 02:00:00+00:00,399.25
2019-01-08 03:00:00+00:00,342.25
2019-01-08 04:00:00+00:00,797.25
2019-01-08 05:00:00+00:00,493.5
2019-01-08 06:00:00+00:00,434.25
2019-01-08 07:00:00+00:00,362.75
2019-01-08 08:00:00+00:00,211.5
2019-01-08 09:00:00+00:00,359.25
2019-01-08 10:00:00+00:00,297.0
2019-01-08 11:00:00+00:00,260.25
2019-01-08 12:00:00+00:00,278.25
2019-01-08 13:00:00+00:00,194.5
2019-01-08 14:00:00+00:00,300.0
2019-01-08 15:00:00+00:00,909.25
2019-01-08 16:00:00+00:00,1559.75
2019-01-08 17:00:00+00:00,821.75
2019-01-08 18:00:00+00:00,1107.5
2019-01-08 19:00:00+00:00,814.75
2019-01-08 20:00:00+00:00,753.25
2019-01-08 21:00:00+00:00,2330.25
2019-01-08 22:00:00+00:00,996.5
2019-01-08 23:00:00+00:00,297.0
2019-01-09 00:00:00+00:00,304.0
2019-01-09 01:00:00+00:00,296.25
2019-01-09 02:00:00+00:00,376.25
2019-01-09 03:00:00+00:00,432.5
2019-01-09 04:00:00+00:00,902.25
2019-01-09 05:00:00+00:00,444.0
2019-01-09 06:00:00+00:00,330.5
2019-01-09 07:00:00+00:00,335.5
2019-01-09 08:00:00+00:00,692.5
2019-01-09 09:00:00+00:00,249.0
2019-01-09 10:00:00+00:00,258.25
2019-01-09 11:00:00+00:00,303.0
2019-01-09 12:00:00+00:00,375.75
2019-01-09 13:00:00+00:00,477.0
2019-01-09 14:00:00+00:00,1358.0
2019-01-09 15:00:00+00:00,1309.75
2019-01-09 16:00:00+00:00,3181.75
2019-01-09 17:00:00+00:00,969.5
2019-01-09 18:00:00+00:00,529.0
2019-01-09 19:00:00+00:00,2210.5
2019-01-09 20:00:00+00:00,1091.75
2019-01-09 21:00:00+00:00,531.75
2019-01-09 22:00:00+00:00,344.75
2019-01-09 23:00:00+00:00,339.25
2019-01-10 00:00:00+00:00,322.25
2019-01-10 01:00:00+00:00,345.25
2019-01-10 02:00:00+00:00,312.0
2019-01-10 03:00:00+00:00,334.0
2019-01-10 04:00:00+00:00,847.75
2019-01-10 05:00:00+00:00,553.25
2019-01-10 06:00:00+00:00,445.25
2019-01-10 07:00:00+00:00,356.5
2019-01-10 08:00:00+00:00,304.0
2019-01-10 09:00:00+00:00,210.25
2019-01-10 10:00:00+00:00,258.25
2019-01-10 11:00:00+00:00,291.0
2019-01-10 12:00:00+00:00,161.5
2019-01-10 13:00:00+00:00,287.25
2019-01-10 14:00:00+00:00,398.25
2019-01-10 15:00:00+00:00,612.0
2019-01-10 16:00:00+00:00,329.5
2019-01-10 17:00:00+00:00,854.75
2019-01-10 18:00:00+00:00,865.25
2019-01-10 19:00:00+00:00,1542.75
2019-01-10 20:00:00+00:00,1401.75
2019-01-10 21:00:00+00:00,1156.75
2019-01-10 22:00:00+00:00,448.5
2019-01-10 23:00:00+00:00,421.5
2019-01-11 00:00:00+00:00,319.75
2019-01-11 01:00:00+00:00,320.5
2019-01-11 02:00:00+00:00,325.0
2019-01-11 03:00:00+00:00,310.5
2019-01-11 04:00:00+00:00,689.25
2019-01-11 05:00:00+00:00,1076.5
2019-01-11 06:00:00+00:00,586.25
2019-01-11 07:00:00+00:00,929.75
2019-01-11 08:00:00+00:00,510.5
2019-01-11 09:00:00+00:00,498.25
2019-01-11 10:00:00+00:00,325.25
2019-01-11 11:00:00+00:00,383.6666666666667
2019-01-11 12:00:00+00:00,315.0
2019-01-11 13:00:00+00:00,320.5
2019-01-11 14:00:00+00:00,357.0
2019-01-11 15:00:00+00:00,719.5
2019-01-11 16:00:00+00:00,468.25
2019-01-11 17:00:00+00:00,476.0
2019-01-11 18:00:00+00:00,964.5
2019-01-11 19:00:00+00:00,775.0
2019-01-11 20:00:00+00:00,498.75
2019-01-11 21:00:00+00:00,278.75
2019-01-11 22:00:00+00:00,318.5
2019-01-11 23:00:00+00:00,366.25
2019-01-12 00:00:00+00:00,405.5
2019-01-12 01:00:00+00:00,394.5
2019-01-12 02:00:00+00:00,342.5
2019-01-12 03:00:00+00:00,307.0
2019-01-12 04:00:00+00:00,383.25
2019-01-12 05:00:00+00:00,434.75
2019-01-12 06:00:00+00:00,364.25
2019-01-12 07:00:00+00:00,363.25
2019-01-12 08:00:00+00:00,313.25
2019-01-12 09:00:00+00:00,354.25
2019-01-12 10:00:00+00:00,336.75
2019-01-12 11:00:00+00:00,346.75
2019-01-12 12:00:00+00:00,206.25
2019-01-12 13:00:00+00:00,180.5
2019-01-12 14:00:00+00:00,334.0
2019-01-12 15:00:00+00:00,437.5
2019-01-12 16:00:00+00:00,315.5
2019-01-12 17:00:00+00:00,375.5
2019-01-12 18:00:00+00:00,357.5
2019-01-12 19:00:00+00:00,398.75
2019-01-12 20:00:00+00:00,428.25
2019-01-12 21:00:00+00:00,378.0
2019-01-12 22:00:00+00:00,318.75
2019-01-12 23:00:00+00:00,310.75
2019-01-13 00:00:00+00:00,319.5
2019-01-13 01:00:00+00:00,296.75
2019-01-13 02:00:00+00:00,314.75
2019-01-13 03:00:00+00:00,301.0
2019-01-13 04:00:00+00:00,369.5
2019-01-13 05:00:00+00:00,353.0
2019-01-13 06:00:00+00:00,435.0
2019-01-13 07:00:00+00:00,433.0
2019-01-13 08:00:00+00:00,313.5
2019-01-13 09:00:00+00:00,280.5
2019-01-13 10:00:00+00:00,211.0
2019-01-13 11:00:00+00:00,312.25
2019-01-13 12:00:00+00:00,842.25
2019-01-13 13:00:00+00:00,955.0
2019-01-13 14:00:00+00:00,702.75
2019-01-13 15:00:00+00:00,826.75
2019-01-13 16:00:00+00:00,918.0
2019-01-13 17:00:00+00:00,2370.25
2019-01-13 18:00:00+00:00,835.0
2019-01-13 19:00:00+00:00,930.25
2019-01-13 20:00:00+00:00,1313.25
2019-01-13 21:00:00+00:00,871.25
2019-01-13 22:00:00+00:00,496.25
2019-01-13 23:00:00+00:00,273.75
2019-01-14 00:00:00+00:00,346.0
2019-01-14 01:00:00+00:00,413.75
2019-01-14 02:00:00+00:00,404.0
2019-01-14 03:00:00+00:00,333.0
2019-01-14 04:00:00+00:00,834.5
2019-01-14 05:00:00+00:00,559.25
2019-01-14 06:00:00+00:00,350.75
2019-01-14 07:00:00+00:00,298.5
2019-01-14 08:00:00+00:00,190.75
2019-01-14 09:00:00+00:00,326.75
2019-01-14 10:00:00+00:00,425.75
2019-01-14 11:00:00+00:00,441.0
2019-01-14 12:00:00+00:00,332.25
2019-01-14 13:00:00+00:00,283.25
2019-01-14 14:00:00+00:00,241.25
2019-01-14 15:00:00+00:00,537.0
2019-01-14 16:00:00+00:00,1217.0
2019-01-14 17:00:00+00:00,715.75
2019-01-14 18:00:00+00:00,436.25
2019-01-14 19:00:00+00:00,767.5
2019-01-14 20:00:00+00:00,731.25
2019-01-14 21:00:00+00:00,485.25
2019-01-14 22:00:00+00:00,294.25
2019-01-14 23:00:00+00:00,302.25
2019-01-15 00:00:00+00:00,296.5
2019-01-15 01:00:00+00:00,413.25
2019-01-15 02:00:00+00:00,387.0
2019-01-15 03:00:00+00:00,385.5
2019-01-15 04:00:00+00:00,1017.5
2019-01-15 05:00:00+00:00,471.0
2019-01-15 06:00:00+00:00,390.0
2019-01-15 07:00:00+00:00,530.0
2019-01-15 08:00:00+00:00,615.75
2019-01-15 09:00:00+00:00,388.5
2019-01-15 10:00:00+00:00,433.0
2019-01-15 11:00:00+00:00,415.75
2019-01-15 12:00:00+00:00,180.5
2019-01-15 13:00:00+00:00,316.75
2019-01-15 14:00:00+00:00,224.75
2019-01-15 15:00:00+00:00,271.75
2019-01-15 16:00:00+00:00,526.5
2019-01-15 17:00:00+00:00,1700.25
2019-01-15 18:00:00+00:00,1336.25
2019-01-15 19:00:00+00:00,2070.25
2019-01-15 20:00:00+00:00,1670.25
2019-01-15 21:00:00+00:00,769.5
2019-01-15 22:00:00+00:00,662.25
2019-01-15 23:00:00+00:00,601.0
2019-01-16 00:00:00+00:00,300.75
2019-01-16 01:00:00+00:00,209.0
2019-01-16 02:00:00+00:00,208.28571428571428
2019-01-16 03:00:00+00:00,207.57142857142858
2019-01-16 04:00:00+00:00,206.85714285714286
2019-01-16 05:00:00+00:00,206.14285714285714
2019-01-16 06:00:00+00:00,
2019-01-16 07:00:00+00:00,
2019-01-16 08:00:00+00:00,204.0
2019-01-16 09:00:00+00:00,453.5
2019-01-16 10:00:00+00:00,509.0
2019-01-16 11:00:00+00:00,584.75
2019-01-16 12:00:00+00:00,373.75
2019-01-16 13:00:00+00:00,346.0
2019-01-16 14:00:00+00:00,291.5
2019-01-16 15:00:00+00:00,421.5
2019-01-16 16:00:00+00:00,1454.75
2019-01-16 17:00:00+00:00,733.25
2019-01-16 18:00:00+00:00,2472.5
2019-01-16 19:00:00+00:00,4317.0
2019-01-16 20:00:00+00:00,2263.25
2019-01-16 21:00:00+00:00,2206.3645833333335
2019-01-16 22:00:00+00:00,2149.4791666666665
2019-01-16 23:00:00+00:00,2092.59375
2019-01-17 00:00:00+00:00,2035.7083333333333
2019-01-17 01:00:00+00:00,
2019-01-17 02:00:00+00:00,
2019-01-17 03:00:00+00:00,
2019-01-17 04:00:00+00:00,
2019-01-17 05:00:00+00:00,
2019-01-17 06:00:00+00:00,
2019-01-17 07:00:00+00:00,
2019-01-17 08:00:00+00:00,
2019-01-17 09:00:00+00:00,
2019-01-17 10:00:00+00:00,
2019-01-17 11:00:00+00:00,
2019-01-17 12:00:00+00:00,
2019-01-17 13:00:00+00:00,
2019-01-17 14:00:00+00:00,
2019-01-17 15:00:00+00:00,
2019-01-17 16:00:00+00:00,
2019-01-17 17:00:00+00:00,
2019-01-17 18:00:00+00:00,
2019-01-17 19:00:00+00:00,
2019-01-17 20:00:00+00:00,898.0
2019-01-17 21:00:00+00:00,862.025641025641
2019-01-17 22:00:00+00:00,826.051282051282
2019-01-17 23:00:00+00:00,790.0769230769231
2019-01-18 00:00:00+00:00,754.1025641025641
2019-01-18 01:00:00+00:00,
2019-01-18 02:00:00+00:00,
2019-01-18 03:00:00+00:00,
2019-01-18 04:00:00+00:00,
2019-01-18 05:00:00+00:00,
2019-01-18 06:00:00+00:00,
2019-01-18 07:00:00+00:00,
2019-01-18 08:00:00+00:00,
2019-01-18 09:00:00+00:00,430.3333333333333
2019-01-18 10:00:00+00:00,1497.75
2019-01-18 11:00:00+00:00,829.5
2019-01-18 12:00:00+00:00,487.5
2019-01-18 13:00:00+00:00,837.5
2019-01-18 14:00:00+00:00,3956.75
2019-01-18 15:00:00+00:00,541.0
2019-01-18 16:00:00+00:00,752.25
2019-01-18 17:00:00+00:00,1398.5
2019-01-18 18:00:00+00:00,867.25
2019-01-18 19:00:00+00:00,722.5
2019-01-18 20:00:00+00:00,769.75
2019-01-18 21:00:00+00:00,682.25
2019-01-18 22:00:00+00:00,462.5
2019-01-18 23:00:00+00:00,309.25
2019-01-19 00:00:00+00:00,336.5
2019-01-19 01:00:00+00:00,333.0
2019-01-19 02:00:00+00:00,306.75
2019-01-19 03:00:00+00:00,345.75
2019-01-19 04:00:00+00:00,478.75
2019-01-19 05:00:00+00:00,416.0
2019-01-19 06:00:00+00:00,452.25
2019-01-19 07:00:00+00:00,311.0
2019-01-19 08:00:00+00:00,1214.0
2019-01-19 09:00:00+00:00,1046.0
2019-01-19 10:00:00+00:00,2632.75
2019-01-19 11:00:00+00:00,458.25
2019-01-19 12:00:00+00:00,410.25
2019-01-19 13:00:00+00:00,598.25
2019-01-19 14:00:00+00:00,1366.5
2019-01-19 15:00:00+00:00,1607.5
2019-01-19 16:00:00+00:00,1094.75
2019-01-19 17:00:00+00:00,375.0
2019-01-19 18:00:00+00:00,332.5
2019-01-19 19:00:00+00:00,495.0
2019-01-19 20:00:00+00:00,736.75
2019-01-19 21:00:00+00:00,749.0
2019-01-19 22:00:00+00:00,867.5
2019-01-19 23:00:00+00:00,433.25
2019-01-20 00:00:00+00:00,323.75
2019-01-20 01:00:00+00:00,293.25
2019-01-20 02:00:00+00:00,311.25
2019-01-20 03:00:00+00:00,305.75
2019-01-20 04:00:00+00:00,394.5
2019-01-20 05:00:00+00:00,1006.5
2019-01-20 06:00:00+00:00,2002.5
2019-01-20 07:00:00+00:00,1225.0
2019-01-20 08:00:00+00:00,1537.25
2019-01-20 09:00:00+00:00,1358.75
2019-01-20 10:00:00+00:00,2383.75
2019-01-20 11:00:00+00:00,2683.75
2019-01-20 12:00:00+00:00,2258.25
2019-01-20 13:00:00+00:00,1472.75
2019-01-20 14:00:00+00:00,2241.25
2019-01-20 15:00:00+00:00,931.5
2019-01-20 16:00:00+00:00,721.5
2019-01-20 17:00:00+00:00,1528.25
2019-01-20 18:00:00+00:00,2211.75
2019-01-20 19:00:00+00:00,1675.25
2019-01-20 20:00:00+00:00,895.25
2019-01-20 21:00:00+00:00,628.75
2019-01-20 22:00:00+00:00,307.25
2019-01-20 23:00:00+00:00,318.25
2019-01-21 00:00:00+00:00,292.5
2019-01-21 01:00:00+00:00,317.0
2019-01-21 02:00:00+00:00,342.25
2019-01-21 03:00:00+00:00,444.75
2019-01-21 04:00:00+00:00,899.0
2019-01-21 05:00:00+00:00,505.25
2019-01-21 06:00:00+00:00,400.5
2019-01-21 07:00:00+00:00,375.25
2019-01-21 08:00:00+00:00,408.25
2019-01-21 09:00:00+00:00,391.5
2019-01-21 10:00:00+00:00,490.0
2019-01-21 11:00:00+00:00,518.5
2019-01-21 12:00:00+00:00,408.0
2019-01-21 13:00:00+00:00,372.0
2019-01-21 14:00:00+00:00,375.75
2019-01-21 15:00:00+00:00,259.0
2019-01-21 16:00:00+00:00,271.5
2019-01-21 17:00:00+00:00,1541.25
2019-01-21 18:00:00+00:00,1523.25
2019-01-21 19:00:00+00:00,915.25
2019-01-21 20:00:00+00:00,746.0
2019-01-21 21:00:00+00:00,406.5
2019-01-21 22:00:00+00:00,311.0
2019-01-21 23:00:00+00:00,328.0
2019-01-22 00:00:00+00:00,453.0
2019-01-22 01:00:00+00:00,419.75
2019-01-22 02:00:00+00:00,315.75
2019-01-22 03:00:00+00:00,320.5
2019-01-22 04:00:00+00:00,1020.5
2019-01-22 05:00:00+00:00,421.5
2019-01-22 06:00:00+00:00,431.5
2019-01-22 07:00:00+00:00,406.0
2019-01-22 08:00:00+00:00,669.0
2019-01-22 09:00:00+00:00,347.0
2019-01-22 10:00:00+00:00,353.75
2019-01-22 11:00:00+00:00,407.75
2019-01-22 12:00:00+00:00,329.75
2019-01-22 13:00:00+00:00,383.75
2019-01-22 14:00:00+00:00,260.5
2019-01-22 15:00:00+00:00,386.75
2019-01-22 16:00:00+00:00,308.0
2019-01-22 17:00:00+00:00,435.25
2019-01-22 18:00:00+00:00,909.25
2019-01-22 19:00:00+00:00,695.75
2019-01-22 20:00:00+00:00,736.5
2019-01-22 21:00:00+00:00,878.0
2019-01-22 22:00:00+00:00,622.5
2019-01-22 23:00:00+00:00,376.75
2019-01-23 00:00:00+00:00,299.75
2019-01-23 01:00:00+00:00,324.0
2019-01-23 02:00:00+00:00,317.0
2019-01-23 03:00:00+00:00,330.0
2019-01-23 04:00:00+00:00,806.5
2019-01-23 05:00:00+00:00,558.5
2019-01-23 06:00:00+00:00,468.5
2019-01-23 07:00:00+00:00,338.0
2019-01-23 08:00:00+00:00,212.25
2019-01-23 09:00:00+00:00,332.0
2019-01-23 10:00:00+00:00,358.0
2019-01-23 11:00:00+00:00,379.25
2019-01-23 12:00:00+00:00,333.25
2019-01-23 13:00:00+00:00,385.75
2019-01-23 14:00:00+00:00,380.25
2019-01-23 15:00:00+00:00,543.5
2019-01-23 16:00:00+00:00,665.0
2019-01-23 17:00:00+00:00,1128.75
2019-01-23 18:00:00+00:00,6197.75
2019-01-23 19:00:00+00:00,4165.25
2019-01-23 20:00:00+00:00,657.5
2019-01-23 21:00:00+00:00,396.5
2019-01-23 22:00:00+00:00,417.5
2019-01-23 23:00:00+00:00,410.0
2019-01-24 00:00:00+00:00,381.75
2019-01-24 01:00:00+00:00,300.25
2019-01-24 02:00:00+00:00,322.5
2019-01-24 03:00:00+00:00,326.25
2019-01-24 04:00:00+00:00,794.25
2019-01-24 05:00:00+00:00,413.5
2019-01-24 06:00:00+00:00,366.25
2019-01-24 07:00:00+00:00,446.5
2019-01-24 08:00:00+00:00,280.0
2019-01-24 09:00:00+00:00,199.5
2019-01-24 10:00:00+00:00,216.25
2019-01-24 11:00:00+00:00,250.0
2019-01-24 12:00:00+00:00,214.75
2019-01-24 13:00:00+00:00,345.5
2019-01-24 14:00:00+00:00,351.5
2019-01-24 15:00:00+00:00,362.25
2019-01-24 16:00:00+00:00,1792.75
2019-01-24 17:00:00+00:00,1017.0
2019-01-24 18:00:00+00:00,3104.25
2019-01-24 19:00:00+00:00,4416.75
2019-01-24 20:00:00+00:00,958.25
2019-01-24 21:00:00+00:00,359.25
2019-01-24 22:00:00+00:00,322.75
2019-01-24 23:00:00+00:00,332.5
2019-01-25 00:00:00+00:00,370.25
2019-01-25 01:00:00+00:00,427.5
2019-01-25 02:00:00+00:00,418.0
2019-01-25 03:00:00+00:00,401.25
2019-01-25 04:00:00+00:00,596.25
2019-01-25 05:00:00+00:00,863.0
2019-01-25 06:00:00+00:00,645.75
2019-01-25 07:00:00+00:00,785.0
2019-01-25 08:00:00+00:00,1895.25
2019-01-25 09:00:00+00:00,538.0
2019-01-25 10:00:00+00:00,363.5
2019-01-25 11:00:00+00:00,2125.0
2019-01-25 12:00:00+00:00,2656.0
2019-01-25 13:00:00+00:00,820.0
2019-01-25 14:00:00+00:00,542.0
2019-01-25 15:00:00+00:00,654.0
2019-01-25 16:00:00+00:00,1376.0
2019-01-25 17:00:00+00:00,1312.5
2019-01-25 18:00:00+00:00,945.25
2019-01-25 19:00:00+00:00,785.75
2019-01-25 20:00:00+00:00,611.25
2019-01-25 21:00:00+00:00,450.75
2019-01-25 22:00:00+00:00,373.75
2019-01-25 23:00:00+00:00,340.5
2019-01-26 00:00:00+00:00,380.75
2019-01-26 01:00:00+00:00,442.0
2019-01-26 02:00:00+00:00,439.75
2019-01-26 03:00:00+00:00,367.75
2019-01-26 04:00:00+00:00,402.0
2019-01-26 05:00:00+00:00,382.5
2019-01-26 06:00:00+00:00,539.75
2019-01-26 07:00:00+00:00,756.5
2019-01-26 08:00:00+00:00,819.25
2019-01-26 09:00:00+00:00,2811.0
2019-01-26 10:00:00+00:00,601.75
2019-01-26 11:00:00+00:00,988.5
2019-01-26 12:00:00+00:00,1581.25
2019-01-26 13:00:00+00:00,1068.75
2019-01-26 14:00:00+00:00,946.5
2019-01-26 15:00:00+00:00,637.75
2019-01-26 16:00:00+00:00,392.5
2019-01-26 17:00:00+00:00,487.75
2019-01-26 18:00:00+00:00,353.5
2019-01-26 19:00:00+00:00,387.5
2019-01-26 20:00:00+00:00,326.5
2019-01-26 21:00:00+00:00,276.0
2019-01-26 22:00:00+00:00,342.25
2019-01-26 23:00:00+00:00,636.5
2019-01-27 00:00:00+00:00,446.75
2019-01-27 01:00:00+00:00,382.75
2019-01-27 02:00:00+00:00,324.75
2019-01-27 03:00:00+00:00,378.25
2019-01-27 04:00:00+00:00,396.5
2019-01-27 05:00:00+00:00,334.75
2019-01-27 06:00:00+00:00,345.0
2019-01-27 07:00:00+00:00,396.5
2019-01-27 08:00:00+00:00,321.25
2019-01-27 09:00:00+00:00,1773.0
2019-01-27 10:00:00+00:00,895.0
2019-01-27 11:00:00+00:00,3839.25
2019-01-27 12:00:00+00:00,2240.0
2019-01-27 13:00:00+00:00,2247.5
2019-01-27 14:00:00+00:00,1222.75
2019-01-27 15:00:00+00:00,600.0
2019-01-27 16:00:00+00:00,1018.25
2019-01-27 17:00:00+00:00,3717.25
2019-01-27 18:00:00+00:00,3945.0
2019-01-27 19:00:00+00:00,1928.5
2019-01-27 20:00:00+00:00,1006.75
2019-01-27 21:00:00+00:00,560.0
2019-01-27 22:00:00+00:00,551.5
2019-01-27 23:00:00+00:00,433.0
2019-01-28 00:00:00+00:00,405.75
2019-01-28 01:00:00+00:00,347.0
2019-01-28 02:00:00+00:00,333.75
2019-01-28 03:00:00+00:00,326.25
2019-01-28 04:00:00+00:00,546.25
2019-01-28 05:00:00+00:00,961.0
2019-01-28 06:00:00+00:00,484.5
2019-01-28 07:00:00+00:00,451.5
2019-01-28 08:00:00+00:00,293.25
2019-01-28 09:00:00+00:00,335.5
2019-01-28 10:00:00+00:00,381.5
2019-01-28 11:00:00+00:00,371.5
2019-01-28 12:00:00+00:00,322.25
2019-01-28 13:00:00+00:00,334.25
2019-01-28 14:00:00+00:00,396.25
2019-01-28 15:00:00+00:00,404.0
2019-01-28 16:00:00+00:00,409.5
2019-01-28 17:00:00+00:00,1993.0
2019-01-28 18:00:00+00:00,912.5
2019-01-28 19:00:00+00:00,671.5
2019-01-28 20:00:00+00:00,587.5
2019-01-28 21:00:00+00:00,581.75
2019-01-28 22:00:00+00:00,391.25
2019-01-28 23:00:00+00:00,392.5
2019-01-29 00:00:00+00:00,317.0
2019-01-29 01:00:00+00:00,338.5
2019-01-29 02:00:00+00:00,314.25
2019-01-29 03:00:00+00:00,350.0
2019-01-29 04:00:00+00:00,587.25
2019-01-29 05:00:00+00:00,518.25
2019-01-29 06:00:00+00:00,443.5
2019-01-29 07:00:00+00:00,352.75
2019-01-29 08:00:00+00:00,286.25
2019-01-29 09:00:00+00:00,347.25
2019-01-29 10:00:00+00:00,394.0
2019-01-29 11:00:00+00:00,402.5
2019-01-29 12:00:00+00:00,308.75
2019-01-29 13:00:00+00:00,424.5
2019-01-29 14:00:00+00:00,396.75
2019-01-29 15:00:00+00:00,313.25
2019-01-29 16:00:00+00:00,294.25
2019-01-29 17:00:00+00:00,479.0
2019-01-29 18:00:00+00:00,616.5
2019-01-29 19:00:00+00:00,529.75
2019-01-29 20:00:00+00:00,550.0
2019-01-29 21:00:00+00:00,555.0
2019-01-29 22:00:00+00:00,472.75
2019-01-29 23:00:00+00:00,407.75
2019-01-30 00:00:00+00:00,395.10833333333335
2019-01-30 01:00:00+00:00,382.46666666666664
2019-01-30 02:00:00+00:00,369.825
2019-01-30 03:00:00+00:00,357.18333333333334
2019-01-30 04:00:00+00:00,
2019-01-30 05:00:00+00:00,
2019-01-30 06:00:00+00:00,
2019-01-30 07:00:00+00:00,
2019-01-30 08:00:00+00:00,
2019-01-30 09:00:00+00:00,281.3333333333333
2019-01-30 10:00:00+00:00,406.0
2019-01-30 11:00:00+00:00,369.0
2019-01-30 12:00:00+00:00,356.25
2019-01-30 13:00:00+00:00,438.75
2019-01-30 14:00:00+00:00,363.25
2019-01-30 15:00:00+00:00,346.25
2019-01-30 16:00:00+00:00,850.0
2019-01-30 17:00:00+00:00,818.5
2019-01-30 18:00:00+00:00,697.5
2019-01-30 19:00:00+00:00,756.75
2019-01-30 20:00:00+00:00,741.75
2019-01-30 21:00:00+00:00,702.5
2019-01-30 22:00:00+00:00,485.25
2019-01-30 23:00:00+00:00,320.25
2019-01-31 00:00:00+00:00,332.0
2019-01-31 01:00:00+00:00,329.5
2019-01-31 02:00:00+00:00,352.0
2019-01-31 03:00:00+00:00,359.25
2019-01-31 04:00:00+00:00,1232.5
2019-01-31 05:00:00+00:00,642.25
2019-01-31 06:00:00+00:00,523.0
2019-01-31 07:00:00+00:00,297.25
2019-01-31 08:00:00+00:00,282.0
2019-01-31 09:00:00+00:00,336.0
2019-01-31 10:00:00+00:00,343.25
2019-01-31 11:00:00+00:00,350.5
2019-01-31 12:00:00+00:00,444.0
2019-01-31 13:00:00+00:00,452.5
2019-01-31 14:00:00+00:00,453.0
2019-01-31 15:00:00+00:00,692.25
2019-01-31 16:00:00+00:00,3274.75
2019-01-31 17:00:00+00:00,2355.5
2019-01-31 18:00:00+00:00,2397.25
2019-01-31 19:00:00+00:00,2407.75
2019-01-31 20:00:00+00:00,1489.75
2019-01-31 21:00:00+00:00,1590.0
2019-01-31 22:00:00+00:00,405.25
2019-01-31 23:00:00+00:00,322.25
2019-02-01 00:00:00+00:00,339.5
2019-02-01 01:00:00+00:00,298.25
2019-02-01 02:00:00+00:00,331.5
2019-02-01 03:00:00+00:00,319.75
2019-02-01 04:00:00+00:00,1941.75
2019-02-01 05:00:00+00:00,1195.0
2019-02-01 06:00:00+00:00,374.5
2019-02-01 07:00:00+00:00,402.25
2019-02-01 08:00:00+00:00,257.75
2019-02-01 09:00:00+00:00,263.5
2019-02-01 10:00:00+00:00,350.5
2019-02-01 11:00:00+00:00,457.5
2019-02-01 12:00:00+00:00,752.75
2019-02-01 13:00:00+00:00,1047.25
2019-02-01 14:00:00+00:00,601.25
2019-02-01 15:00:00+00:00,406.25
2019-02-01 16:00:00+00:00,615.0
2019-02-01 17:00:00+00:00,958.0
2019-02-01 18:00:00+00:00,753.5
2019-02-01 19:00:00+00:00,5226.0
2019-02-01 20:00:00+00:00,4106.666666666667
2019-02-01 21:00:00+00:00,552.5
2019-02-01 22:00:00+00:00,499.25
2019-02-01 23:00:00+00:00,431.5
2019-02-02 00:00:00+00:00,450.5
2019-02-02 01:00:00+00:00,312.75
2019-02-02 02:00:00+00:00,304.0
2019-02-02 03:00:00+00:00,347.25
2019-02-02 04:00:00+00:00,379.5
2019-02-02 05:00:00+00:00,467.0
2019-02-02 06:00:00+00:00,826.75
2019-02-02 07:00:00+00:00,1186.5
2019-02-02 08:00:00+00:00,524.5
2019-02-02 09:00:00+00:00,311.25
2019-02-02 10:00:00+00:00,321.0
2019-02-02 11:00:00+00:00,454.0
2019-02-02 12:00:00+00:00,1534.5
2019-02-02 13:00:00+00:00,527.0
2019-02-02 14:00:00+00:00,919.75
2019-02-02 15:00:00+00:00,1646.5
2019-02-02 16:00:00+00:00,1182.75
2019-02-02 17:00:00+00:00,3266.25
2019-02-02 18:00:00+00:00,2090.75
2019-02-02 19:00:00+00:00,788.75
2019-02-02 20:00:00+00:00,1015.75
2019-02-02 21:00:00+00:00,1402.25
2019-02-02 22:00:00+00:00,393.75
2019-02-02 23:00:00+00:00,400.0
2019-02-03 00:00:00+00:00,413.75
2019-02-03 01:00:00+00:00,317.75
2019-02-03 02:00:00+00:00,455.75
2019-02-03 03:00:00+00:00,488.75
2019-02-03 04:00:00+00:00,489.75
2019-02-03 05:00:00+00:00,345.0
2019-02-03 06:00:00+00:00,365.0
2019-02-03 07:00:00+00:00,454.5
2019-02-03 08:00:00+00:00,1131.75
2019-02-03 09:00:00+00:00,1331.25
2019-02-03 10:00:00+00:00,1520.75
2019-02-03 11:00:00+00:00,3251.25
2019-02-03 12:00:00+00:00,614.5
2019-02-03 13:00:00+00:00,1834.75
2019-02-03 14:00:00+00:00,1426.5
2019-02-03 15:00:00+00:00,864.0
2019-02-03 16:00:00+00:00,764.5
2019-02-03 17:00:00+00:00,739.0
2019-02-03 18:00:00+00:00,560.0
2019-02-03 19:00:00+00:00,4549.25
2019-02-03 20:00:00+00:00,2745.0
2019-02-03 21:00:00+00:00,556.25
2019-02-03 22:00:00+00:00,457.25
2019-02-03 23:00:00+00:00,355.0
2019-02-04 00:00:00+00:00,355.5
2019-02-04 01:00:00+00:00,348.0
2019-02-04 02:00:00+00:00,355.5
2019-02-04 03:00:00+00:00,423.0
2019-02-04 04:00:00+00:00,841.25
2019-02-04 05:00:00+00:00,610.75
2019-02-04 06:00:00+00:00,446.75
2019-02-04 07:00:00+00:00,327.25
2019-02-04 08:00:00+00:00,762.0
2019-02-04 09:00:00+00:00,635.0
2019-02-04 10:00:00+00:00,280.25
2019-02-04 11:00:00+00:00,421.5
2019-02-04 12:00:00+00:00,392.25
2019-02-04 13:00:00+00:00,357.5
2019-02-04 14:00:00+00:00,405.5
2019-02-04 15:00:00+00:00,473.25
2019-02-04 16:00:00+00:00,398.0
2019-02-04 17:00:00+00:00,1034.25
2019-02-04 18:00:00+00:00,643.5
2019-02-04 19:00:00+00:00,892.5
2019-02-04 20:00:00+00:00,672.75
2019-02-04 21:00:00+00:00,355.5
2019-02-04 22:00:00+00:00,335.25
2019-02-04 23:00:00+00:00,321.25
2019-02-05 00:00:00+00:00,310.0
2019-02-05 01:00:00+00:00,313.75
2019-02-05 02:00:00+00:00,347.25
2019-02-05 03:00:00+00:00,634.5
2019-02-05 04:00:00+00:00,952.75
2019-02-05 05:00:00+00:00,489.75
2019-02-05 06:00:00+00:00,372.25
2019-02-05 07:00:00+00:00,243.0
2019-02-05 08:00:00+00:00,274.0
2019-02-05 09:00:00+00:00,369.25
2019-02-05 10:00:00+00:00,502.25
2019-02-05 11:00:00+00:00,583.75
2019-02-05 12:00:00+00:00,353.5
2019-02-05 13:00:00+00:00,372.75
2019-02-05 14:00:00+00:00,371.25
2019-02-05 15:00:00+00:00,274.25
2019-02-05 16:00:00+00:00,321.0
2019-02-05 17:00:00+00:00,941.0
2019-02-05 18:00:00+00:00,997.25
2019-02-05 19:00:00+00:00,4994.0
2019-02-05 20:00:00+00:00,3213.5
2019-02-05 21:00:00+00:00,650.5
2019-02-05 22:00:00+00:00,330.5
2019-02-05 23:00:00+00:00,302.0
2019-02-06 00:00:00+00:00,306.0
2019-02-06 01:00:00+00:00,386.5
2019-02-06 02:00:00+00:00,391.0
2019-02-06 03:00:00+00:00,597.0
2019-02-06 04:00:00+00:00,1012.75
2019-02-06 05:00:00+00:00,469.0
2019-02-06 06:00:00+00:00,540.75
2019-02-06 07:00:00+00:00,321.25
2019-02-06 08:00:00+00:00,332.0
2019-02-06 09:00:00+00:00,463.75
2019-02-06 10:00:00+00:00,712.5
2019-02-06 11:00:00+00:00,564.25
2019-02-06 12:00:00+00:00,377.25
2019-02-06 13:00:00+00:00,402.75
2019-02-06 14:00:00+00:00,388.5
2019-02-06 15:00:00+00:00,588.75
2019-02-06 16:00:00+00:00,437.75
2019-02-06 17:00:00+00:00,598.0
2019-02-06 18:00:00+00:00,831.25
2019-02-06 19:00:00+00:00,1225.5
2019-02-06 20:00:00+00:00,1540.0
2019-02-06 21:00:00+00:00,608.5
2019-02-06 22:00:00+00:00,333.0
2019-02-06 23:00:00+00:00,288.0
2019-02-07 00:00:00+00:00,314.5
2019-02-07 01:00:00+00:00,352.5
2019-02-07 02:00:00+00:00,429.5
2019-02-07 03:00:00+00:00,397.25
2019-02-07 04:00:00+00:00,993.75
2019-02-07 05:00:00+00:00,470.0
2019-02-07 06:00:00+00:00,361.25
2019-02-07 07:00:00+00:00,245.75
2019-02-07 08:00:00+00:00,746.5
2019-02-07 09:00:00+00:00,482.25
2019-02-07 10:00:00+00:00,824.75
2019-02-07 11:00:00+00:00,534.0
2019-02-07 12:00:00+00:00,355.5
2019-02-07 13:00:00+00:00,289.0
2019-02-07 14:00:00+00:00,142.25
2019-02-07 15:00:00+00:00,327.5
2019-02-07 16:00:00+00:00,512.75
2019-02-07 17:00:00+00:00,1137.5
2019-02-07 18:00:00+00:00,814.25
2019-02-07 19:00:00+00:00,879.0
2019-02-07 20:00:00+00:00,623.25
2019-02-07 21:00:00+00:00,273.25
2019-02-07 22:00:00+00:00,336.0
2019-02-07 23:00:00+00:00,348.5
2019-02-08 00:00:00+00:00,316.25
2019-02-08 01:00:00+00:00,439.5
2019-02-08 02:00:00+00:00,425.0
2019-02-08 03:00:00+00:00,387.75
2019-02-08 04:00:00+00:00,601.0
2019-02-08 05:00:00+00:00,987.25
2019-02-08 06:00:00+00:00,809.0
2019-02-08 07:00:00+00:00,528.0
2019-02-08 08:00:00+00:00,494.0
2019-02-08 09:00:00+00:00,551.75
2019-02-08 10:00:00+00:00,668.0
2019-02-08 11:00:00+00:00,497.5
2019-02-08 12:00:00+00:00,375.25
2019-02-08 13:00:00+00:00,757.0
2019-02-08 14:00:00+00:00,398.25
2019-02-08 15:00:00+00:00,208.0
2019-02-08 16:00:00+00:00,425.25
2019-02-08 17:00:00+00:00,1086.5
2019-02-08 18:00:00+00:00,821.5
2019-02-08 19:00:00+00:00,671.0
2019-02-08 20:00:00+00:00,737.0
2019-02-08 21:00:00+00:00,610.25
2019-02-08 22:00:00+00:00,487.5
2019-02-08 23:00:00+00:00,312.0
2019-02-09 00:00:00+00:00,371.0
2019-02-09 01:00:00+00:00,408.75
2019-02-09 02:00:00+00:00,386.0
2019-02-09 03:00:00+00:00,287.75
2019-02-09 04:00:00+00:00,404.0
2019-02-09 05:00:00+00:00,439.5
2019-02-09 06:00:00+00:00,330.5
2019-02-09 07:00:00+00:00,547.0
2019-02-09 08:00:00+00:00,1362.75
2019-02-09 09:00:00+00:00,571.25
2019-02-09 10:00:00+00:00,2713.5
2019-02-09 11:00:00+00:00,3322.25
2019-02-09 12:00:00+00:00,998.5
2019-02-09 13:00:00+00:00,2928.25
2019-02-09 14:00:00+00:00,1850.5
2019-02-09 15:00:00+00:00,467.5
2019-02-09 16:00:00+00:00,2644.0
2019-02-09 17:00:00+00:00,1643.25
2019-02-09 18:00:00+00:00,532.25
2019-02-09 19:00:00+00:00,476.5
2019-02-09 20:00:00+00:00,632.75
2019-02-09 21:00:00+00:00,654.75
2019-02-09 22:00:00+00:00,832.25
2019-02-09 23:00:00+00:00,480.25
2019-02-10 00:00:00+00:00,388.75
2019-02-10 01:00:00+00:00,299.0
2019-02-10 02:00:00+00:00,296.75
2019-02-10 03:00:00+00:00,317.75
2019-02-10 04:00:00+00:00,373.5
2019-02-10 05:00:00+00:00,1086.25
2019-02-10 06:00:00+00:00,2422.5
2019-02-10 07:00:00+00:00,2009.25
2019-02-10 08:00:00+00:00,1381.5
2019-02-10 09:00:00+00:00,1194.0
2019-02-10 10:00:00+00:00,2010.75
2019-02-10 11:00:00+00:00,2020.0
2019-02-10 12:00:00+00:00,2733.5
2019-02-10 13:00:00+00:00,889.0
2019-02-10 14:00:00+00:00,2615.25
2019-02-10 15:00:00+00:00,1485.75
2019-02-10 16:00:00+00:00,1052.0
2019-02-10 17:00:00+00:00,810.5
2019-02-10 18:00:00+00:00,733.0
2019-02-10 19:00:00+00:00,630.0
2019-02-10 20:00:00+00:00,599.5
2019-02-10 21:00:00+00:00,558.5
2019-02-10 22:00:00+00:00,452.75
2019-02-10 23:00:00+00:00,2664.25
2019-02-11 00:00:00+00:00,1323.5
2019-02-11 01:00:00+00:00,340.0
2019-02-11 02:00:00+00:00,298.75
2019-02-11 03:00:00+00:00,316.0
2019-02-11 04:00:00+00:00,889.25
2019-02-11 05:00:00+00:00,542.5
2019-02-11 06:00:00+00:00,414.75
2019-02-11 07:00:00+00:00,322.75
2019-02-11 08:00:00+00:00,154.0
2019-02-11 09:00:00+00:00,186.0
2019-02-11 10:00:00+00:00,360.0
2019-02-11 11:00:00+00:00,578.25
2019-02-11 12:00:00+00:00,1881.25
2019-02-11 13:00:00+00:00,417.75
2019-02-11 14:00:00+00:00,326.0
2019-02-11 15:00:00+00:00,580.25
2019-02-11 16:00:00+00:00,640.25
2019-02-11 17:00:00+00:00,680.25
2019-02-11 18:00:00+00:00,1022.25
2019-02-11 19:00:00+00:00,809.5
2019-02-11 20:00:00+00:00,980.0
2019-02-11 21:00:00+00:00,605.0
2019-02-11 22:00:00+00:00,427.75
2019-02-11 23:00:00+00:00,369.75
2019-02-12 00:00:00+00:00,355.5
2019-02-12 01:00:00+00:00,432.25
2019-02-12 02:00:00+00:00,466.75
2019-02-12 03:00:00+00:00,472.75
2019-02-12 04:00:00+00:00,993.5
2019-02-12 05:00:00+00:00,487.5
2019-02-12 06:00:00+00:00,401.5
2019-02-12 07:00:00+00:00,411.5
2019-02-12 08:00:00+00:00,558.75
2019-02-12 09:00:00+00:00,629.75
2019-02-12 10:00:00+00:00,641.5
2019-02-12 11:00:00+00:00,1240.0
2019-02-12 12:00:00+00:00,506.0
2019-02-12 13:00:00+00:00,505.0
2019-02-12 14:00:00+00:00,403.25
2019-02-12 15:00:00+00:00,316.0
2019-02-12 16:00:00+00:00,476.0
2019-02-12 17:00:00+00:00,928.25
2019-02-12 18:00:00+00:00,2191.75
2019-02-12 19:00:00+00:00,1811.75
2019-02-12 20:00:00+00:00,592.25
2019-02-12 21:00:00+00:00,595.5
2019-02-12 22:00:00+00:00,586.5
2019-02-12 23:00:00+00:00,400.0
2019-02-13 00:00:00+00:00,357.0
2019-02-13 01:00:00+00:00,318.0
2019-02-13 02:00:00+00:00,291.0
2019-02-13 03:00:00+00:00,346.75
2019-02-13 04:00:00+00:00,849.25
2019-02-13 05:00:00+00:00,543.25
2019-02-13 06:00:00+00:00,421.0
2019-02-13 07:00:00+00:00,429.75
2019-02-13 08:00:00+00:00,318.5
2019-02-13 09:00:00+00:00,468.25
2019-02-13 10:00:00+00:00,464.0
2019-02-13 11:00:00+00:00,459.25
2019-02-13 12:00:00+00:00,422.25
2019-02-13 13:00:00+00:00,548.25
2019-02-13 14:00:00+00:00,595.25
2019-02-13 15:00:00+00:00,476.25
2019-02-13 16:00:00+00:00,504.5
2019-02-13 17:00:00+00:00,950.75
2019-02-13 18:00:00+00:00,3341.0
2019-02-13 19:00:00+00:00,3878.5
2019-02-13 20:00:00+00:00,2028.5
2019-02-13 21:00:00+00:00,668.75
2019-02-13 22:00:00+00:00,399.25
2019-02-13 23:00:00+00:00,290.75
2019-02-14 00:00:00+00:00,295.0
2019-02-14 01:00:00+00:00,327.0
2019-02-14 02:00:00+00:00,300.25
2019-02-14 03:00:00+00:00,391.75
2019-02-14 04:00:00+00:00,927.75
2019-02-14 05:00:00+00:00,534.5
2019-02-14 06:00:00+00:00,298.75
2019-02-14 07:00:00+00:00,295.75
2019-02-14 08:00:00+00:00,456.75
2019-02-14 09:00:00+00:00,389.75
2019-02-14 10:00:00+00:00,744.25
2019-02-14 11:00:00+00:00,581.25
2019-02-14 12:00:00+00:00,458.75
2019-02-14 13:00:00+00:00,375.5
2019-02-14 14:00:00+00:00,374.75
2019-02-14 15:00:00+00:00,313.25
2019-02-14 16:00:00+00:00,302.5
2019-02-14 17:00:00+00:00,610.0
2019-02-14 18:00:00+00:00,576.0
2019-02-14 19:00:00+00:00,528.25
2019-02-14 20:00:00+00:00,591.0
2019-02-14 21:00:00+00:00,467.5
2019-02-14 22:00:00+00:00,385.5
2019-02-14 23:00:00+00:00,309.0
2019-02-15 00:00:00+00:00,298.75
2019-02-15 01:00:00+00:00,377.5
2019-02-15 02:00:00+00:00,389.75
2019-02-15 03:00:00+00:00,399.25
2019-02-15 04:00:00+00:00,560.75
2019-02-15 05:00:00+00:00,637.25
2019-02-15 06:00:00+00:00,329.0
2019-02-15 07:00:00+00:00,451.75
2019-02-15 08:00:00+00:00,365.5
2019-02-15 09:00:00+00:00,604.5
2019-02-15 10:00:00+00:00,745.0
2019-02-15 11:00:00+00:00,1301.0
2019-02-15 12:00:00+00:00,1511.25
2019-02-15 13:00:00+00:00,1029.25
2019-02-15 14:00:00+00:00,501.5
2019-02-15 15:00:00+00:00,435.75
2019-02-15 16:00:00+00:00,426.0
2019-02-15 17:00:00+00:00,1335.25
2019-02-15 18:00:00+00:00,1750.75
2019-02-15 19:00:00+00:00,2382.5
2019-02-15 20:00:00+00:00,583.5
2019-02-15 21:00:00+00:00,643.25
2019-02-15 22:00:00+00:00,420.5
2019-02-15 23:00:00+00:00,437.0
2019-02-16 00:00:00+00:00,394.5
2019-02-16 01:00:00+00:00,283.25
2019-02-16 02:00:00+00:00,322.0
2019-02-16 03:00:00+00:00,329.25
2019-02-16 04:00:00+00:00,390.75
2019-02-16 05:00:00+00:00,533.75
2019-02-16 06:00:00+00:00,664.0
2019-02-16 07:00:00+00:00,524.75
2019-02-16 08:00:00+00:00,555.25
2019-02-16 09:00:00+00:00,425.25
2019-02-16 10:00:00+00:00,466.0
2019-02-16 11:00:00+00:00,1014.0
2019-02-16 12:00:00+00:00,1433.25
2019-02-16 13:00:00+00:00,1090.25
2019-02-16 14:00:00+00:00,615.0
2019-02-16 15:00:00+00:00,520.0
2019-02-16 16:00:00+00:00,497.5
2019-02-16 17:00:00+00:00,705.75
2019-02-16 18:00:00+00:00,683.5
2019-02-16 19:00:00+00:00,1005.5
2019-02-16 20:00:00+00:00,785.0
2019-02-16 21:00:00+00:00,486.5
2019-02-16 22:00:00+00:00,323.75
2019-02-16 23:00:00+00:00,290.75
2019-02-17 00:00:00+00:00,263.0
2019-02-17 01:00:00+00:00,327.25
2019-02-17 02:00:00+00:00,388.75
2019-02-17 03:00:00+00:00,400.0
2019-02-17 04:00:00+00:00,362.75
2019-02-17 05:00:00+00:00,523.25
2019-02-17 06:00:00+00:00,734.5
2019-02-17 07:00:00+00:00,1649.75
2019-02-17 08:00:00+00:00,691.75
2019-02-17 09:00:00+00:00,801.75
2019-02-17 10:00:00+00:00,786.25
2019-02-17 11:00:00+00:00,456.25
2019-02-17 12:00:00+00:00,1271.75
2019-02-17 13:00:00+00:00,1986.25
2019-02-17 14:00:00+00:00,389.0
2019-02-17 15:00:00+00:00,520.0
2019-02-17 16:00:00+00:00,424.0
2019-02-17 17:00:00+00:00,852.75
2019-02-17 18:00:00+00:00,907.5
2019-02-17 19:00:00+00:00,733.75
2019-02-17 20:00:00+00:00,610.5
2019-02-17 21:00:00+00:00,608.75
2019-02-17 22:00:00+00:00,498.25
2019-02-17 23:00:00+00:00,330.75
2019-02-18 00:00:00+00:00,279.75
2019-02-18 01:00:00+00:00,281.75
2019-02-18 02:00:00+00:00,286.0
2019-02-18 03:00:00+00:00,292.25
2019-02-18 04:00:00+00:00,477.0
2019-02-18 05:00:00+00:00,467.0
2019-02-18 06:00:00+00:00,580.5
2019-02-18 07:00:00+00:00,771.25
2019-02-18 08:00:00+00:00,356.25
2019-02-18 09:00:00+00:00,480.75
2019-02-18 10:00:00+00:00,1389.0
2019-02-18 11:00:00+00:00,1370.5
2019-02-18 12:00:00+00:00,544.0
2019-02-18 13:00:00+00:00,337.75
2019-02-18 14:00:00+00:00,359.5
2019-02-18 15:00:00+00:00,479.0
2019-02-18 16:00:00+00:00,639.0
2019-02-18 17:00:00+00:00,516.25
2019-02-18 18:00:00+00:00,448.75
2019-02-18 19:00:00+00:00,704.25
2019-02-18 20:00:00+00:00,408.0
2019-02-18 21:00:00+00:00,390.75
2019-02-18 22:00:00+00:00,440.25
2019-02-18 23:00:00+00:00,256.25
2019-02-19 00:00:00+00:00,392.25
2019-02-19 01:00:00+00:00,385.0
2019-02-19 02:00:00+00:00,318.75
2019-02-19 03:00:00+00:00,289.5
2019-02-19 04:00:00+00:00,926.75
2019-02-19 05:00:00+00:00,414.0
2019-02-19 06:00:00+00:00,384.75
2019-02-19 07:00:00+00:00,475.25
2019-02-19 08:00:00+00:00,395.5
2019-02-19 09:00:00+00:00,331.0
2019-02-19 10:00:00+00:00,332.0
2019-02-19 11:00:00+00:00,353.0
2019-02-19 12:00:00+00:00,276.75
2019-02-19 13:00:00+00:00,97.5
2019-02-19 14:00:00+00:00,658.0
2019-02-19 15:00:00+00:00,601.5
2019-02-19 16:00:00+00:00,764.25
2019-02-19 17:00:00+00:00,588.75
2019-02-19 18:00:00+00:00,2269.5
2019-02-19 19:00:00+00:00,4923.5
2019-02-19 20:00:00+00:00,3224.25
2019-02-19 21:00:00+00:00,739.5
2019-02-19 22:00:00+00:00,370.25
2019-02-19 23:00:00+00:00,351.75
2019-02-20 00:00:00+00:00,307.5
2019-02-20 01:00:00+00:00,294.75
2019-02-20 02:00:00+00:00,296.25
2019-02-20 03:00:00+00:00,312.0
2019-02-20 04:00:00+00:00,1104.0
2019-02-20 05:00:00+00:00,548.5
2019-02-20 06:00:00+00:00,366.5
2019-02-20 07:00:00+00:00,328.5
2019-02-20 08:00:00+00:00,363.25
2019-02-20 09:00:00+00:00,369.25
2019-02-20 10:00:00+00:00,444.75
2019-02-20 11:00:00+00:00,500.75
2019-02-20 12:00:00+00:00,511.0
2019-02-20 13:00:00+00:00,588.0
2019-02-20 14:00:00+00:00,404.75
2019-02-20 15:00:00+00:00,327.75
2019-02-20 16:00:00+00:00,109.5
2019-02-20 17:00:00+00:00,596.25
2019-02-20 18:00:00+00:00,1104.75
2019-02-20 19:00:00+00:00,691.25
2019-02-20 20:00:00+00:00,546.0
2019-02-20 21:00:00+00:00,381.5
2019-02-20 22:00:00+00:00,323.25
2019-02-20 23:00:00+00:00,270.0
2019-02-21 00:00:00+00:00,276.75
2019-02-21 01:00:00+00:00,321.25
2019-02-21 02:00:00+00:00,402.75
2019-02-21 03:00:00+00:00,391.0
2019-02-21 04:00:00+00:00,880.25
2019-02-21 05:00:00+00:00,398.0
2019-02-21 06:00:00+00:00,264.25
2019-02-21 07:00:00+00:00,183.5
2019-02-21 08:00:00+00:00,364.75
2019-02-21 09:00:00+00:00,495.25
2019-02-21 10:00:00+00:00,500.0
2019-02-21 11:00:00+00:00,396.25
2019-02-21 12:00:00+00:00,287.25
2019-02-21 13:00:00+00:00,319.25
2019-02-21 14:00:00+00:00,358.0
2019-02-21 15:00:00+00:00,385.5
2019-02-21 16:00:00+00:00,287.5
2019-02-21 17:00:00+00:00,870.0
2019-02-21 18:00:00+00:00,607.5
2019-02-21 19:00:00+00:00,493.0
2019-02-21 20:00:00+00:00,374.0
2019-02-21 21:00:00+00:00,405.5
2019-02-21 22:00:00+00:00,491.5
2019-02-21 23:00:00+00:00,395.0
2019-02-22 00:00:00+00:00,270.0
2019-02-22 01:00:00+00:00,278.25
2019-02-22 02:00:00+00:00,282.75
2019-02-22 03:00:00+00:00,268.75
2019-02-22 04:00:00+00:00,533.25
2019-02-22 05:00:00+00:00,703.5
2019-02-22 06:00:00+00:00,396.0
2019-02-22 07:00:00+00:00,278.5
2019-02-22 08:00:00+00:00,282.75
2019-02-22 09:00:00+00:00,298.0
2019-02-22 10:00:00+00:00,422.75
2019-02-22 11:00:00+00:00,931.0
2019-02-22 12:00:00+00:00,1010.0
2019-02-22 13:00:00+00:00,372.75
2019-02-22 14:00:00+00:00,325.25
2019-02-22 15:00:00+00:00,206.0
2019-02-22 16:00:00+00:00,260.25
2019-02-22 17:00:00+00:00,380.5
2019-02-22 18:00:00+00:00,672.5
2019-02-22 19:00:00+00:00,715.75
2019-02-22 20:00:00+00:00,613.0
2019-02-22 21:00:00+00:00,448.5
2019-02-22 22:00:00+00:00,316.0
2019-02-22 23:00:00+00:00,281.0
2019-02-23 00:00:00+00:00,305.0
2019-02-23 01:00:00+00:00,397.5
2019-02-23 02:00:00+00:00,372.0
2019-02-23 03:00:00+00:00,319.0
2019-02-23 04:00:00+00:00,452.75
2019-02-23 05:00:00+00:00,304.5
2019-02-23 06:00:00+00:00,347.5
2019-02-23 07:00:00+00:00,474.5
2019-02-23 08:00:00+00:00,559.5
2019-02-23 09:00:00+00:00,591.5
2019-02-23 10:00:00+00:00,1682.75
2019-02-23 11:00:00+00:00,1847.75
2019-02-23 12:00:00+00:00,408.0
2019-02-23 13:00:00+00:00,403.0
2019-02-23 14:00:00+00:00,492.0
2019-02-23 15:00:00+00:00,582.5
2019-02-23 16:00:00+00:00,3664.0
2019-02-23 17:00:00+00:00,1191.5
2019-02-23 18:00:00+00:00,350.0
2019-02-23 19:00:00+00:00,414.75
2019-02-23 20:00:00+00:00,523.25
2019-02-23 21:00:00+00:00,753.75
2019-02-23 22:00:00+00:00,789.75
2019-02-23 23:00:00+00:00,353.75
2019-02-24 00:00:00+00:00,288.75
2019-02-24 01:00:00+00:00,319.25
2019-02-24 02:00:00+00:00,290.25
2019-02-24 03:00:00+00:00,346.75
2019-02-24 04:00:00+00:00,883.25
2019-02-24 05:00:00+00:00,629.0
2019-02-24 06:00:00+00:00,2558.25
2019-02-24 07:00:00+00:00,1851.0
2019-02-24 08:00:00+00:00,558.5
2019-02-24 09:00:00+00:00,475.5
2019-02-24 10:00:00+00:00,924.75
2019-02-24 11:00:00+00:00,695.75
2019-02-24 12:00:00+00:00,1223.75
2019-02-24 13:00:00+00:00,662.0
2019-02-24 14:00:00+00:00,422.0
2019-02-24 15:00:00+00:00,372.5
2019-02-24 16:00:00+00:00,394.25
2019-02-24 17:00:00+00:00,655.75
2019-02-24 18:00:00+00:00,340.25
2019-02-24 19:00:00+00:00,620.25
2019-02-24 20:00:00+00:00,774.25
2019-02-24 21:00:00+00:00,387.75
2019-02-24 22:00:00+00:00,419.0
2019-02-24 23:00:00+00:00,414.75
2019-02-25 00:00:00+00:00,319.75
2019-02-25 01:00:00+00:00,319.0
2019-02-25 02:00:00+00:00,314.25
2019-02-25 03:00:00+00:00,1259.0
2019-02-25 04:00:00+00:00,3108.5
2019-02-25 05:00:00+00:00,551.0
2019-02-25 06:00:00+00:00,337.75
2019-02-25 07:00:00+00:00,390.5
2019-02-25 08:00:00+00:00,339.25
2019-02-25 09:00:00+00:00,408.5
2019-02-25 10:00:00+00:00,529.75
2019-02-25 11:00:00+00:00,534.75
2019-02-25 12:00:00+00:00,343.25
2019-02-25 13:00:00+00:00,398.25
2019-02-25 14:00:00+00:00,341.75
2019-02-25 15:00:00+00:00,332.0
2019-02-25 16:00:00+00:00,314.0
2019-02-25 17:00:00+00:00,1010.75
2019-02-25 18:00:00+00:00,575.0
2019-02-25 19:00:00+00:00,550.5
2019-02-25 20:00:00+00:00,610.5
2019-02-25 21:00:00+00:00,328.25
2019-02-25 22:00:00+00:00,369.75
2019-02-25 23:00:00+00:00,368.25
2019-02-26 00:00:00+00:00,277.5
2019-02-26 01:00:00+00:00,284.5
2019-02-26 02:00:00+00:00,274.75
2019-02-26 03:00:00+00:00,416.5
2019-02-26 04:00:00+00:00,891.0
2019-02-26 05:00:00+00:00,491.0
2019-02-26 06:00:00+00:00,339.0
2019-02-26 07:00:00+00:00,419.25
2019-02-26 08:00:00+00:00,617.5
2019-02-26 09:00:00+00:00,425.5
2019-02-26 10:00:00+00:00,464.5
2019-02-26 11:00:00+00:00,521.0
2019-02-26 12:00:00+00:00,390.25
2019-02-26 13:00:00+00:00,325.25
2019-02-26 14:00:00+00:00,1050.5
2019-02-26 15:00:00+00:00,483.75
2019-02-26 16:00:00+00:00,272.0
2019-02-26 17:00:00+00:00,630.25
2019-02-26 18:00:00+00:00,727.0
2019-02-26 19:00:00+00:00,632.0
2019-02-26 20:00:00+00:00,602.0
2019-02-26 21:00:00+00:00,393.75
2019-02-26 22:00:00+00:00,317.75
2019-02-26 23:00:00+00:00,392.25
2019-02-27 00:00:00+00:00,307.75
2019-02-27 01:00:00+00:00,299.0
2019-02-27 02:00:00+00:00,268.5
2019-02-27 03:00:00+00:00,285.25
2019-02-27 04:00:00+00:00,819.25
2019-02-27 05:00:00+00:00,1235.75
2019-02-27 06:00:00+00:00,427.5
2019-02-27 07:00:00+00:00,371.0
2019-02-27 08:00:00+00:00,492.0
2019-02-27 09:00:00+00:00,544.0
2019-02-27 10:00:00+00:00,1779.75
2019-02-27 11:00:00+00:00,1061.75
2019-02-27 12:00:00+00:00,412.5
2019-02-27 13:00:00+00:00,319.75
2019-02-27 14:00:00+00:00,1164.0
2019-02-27 15:00:00+00:00,351.25
2019-02-27 16:00:00+00:00,359.0
2019-02-27 17:00:00+00:00,969.5
2019-02-27 18:00:00+00:00,494.25
2019-02-27 19:00:00+00:00,489.5
2019-02-27 20:00:00+00:00,583.75
2019-02-27 21:00:00+00:00,386.25
2019-02-27 22:00:00+00:00,306.0
2019-02-27 23:00:00+00:00,383.5
2019-02-28 00:00:00+00:00,334.25
2019-02-28 01:00:00+00:00,255.0
2019-02-28 02:00:00+00:00,278.75
2019-02-28 03:00:00+00:00,312.5
2019-02-28 04:00:00+00:00,589.0
2019-02-28 05:00:00+00:00,617.0
2019-02-28 06:00:00+00:00,721.5
2019-02-28 07:00:00+00:00,461.5
2019-02-28 08:00:00+00:00,1070.0
2019-02-28 09:00:00+00:00,1415.75
2019-02-28 10:00:00+00:00,936.25
2019-02-28 11:00:00+00:00,1847.25
2019-02-28 12:00:00+00:00,2138.25
2019-02-28 13:00:00+00:00,462.0
2019-02-28 14:00:00+00:00,436.5
2019-02-28 15:00:00+00:00,343.75
2019-02-28 16:00:00+00:00,423.75
2019-02-28 17:00:00+00:00,988.25
2019-02-28 18:00:00+00:00,639.5
2019-02-28 19:00:00+00:00,459.75
2019-02-28 20:00:00+00:00,572.75
2019-02-28 21:00:00+00:00,571.5
2019-02-28 22:00:00+00:00,506.25
2019-02-28 23:00:00+00:00,462.0
2019-03-01 00:00:00+00:00,327.75
2019-03-01 01:00:00+00:00,292.75
2019-03-01 02:00:00+00:00,291.5
2019-03-01 03:00:00+00:00,266.25
2019-03-01 04:00:00+00:00,578.5
2019-03-01 05:00:00+00:00,1744.5
2019-03-01 06:00:00+00:00,1075.25
2019-03-01 07:00:00+00:00,388.0
2019-03-01 08:00:00+00:00,290.5
2019-03-01 09:00:00+00:00,306.25
2019-03-01 10:00:00+00:00,853.75
2019-03-01 11:00:00+00:00,548.0
2019-03-01 12:00:00+00:00,362.5
2019-03-01 13:00:00+00:00,330.5
2019-03-01 14:00:00+00:00,1241.25
2019-03-01 15:00:00+00:00,952.25
2019-03-01 16:00:00+00:00,4360.5
2019-03-01 17:00:00+00:00,4273.0
2019-03-01 18:00:00+00:00,1674.75
2019-03-01 19:00:00+00:00,778.75
2019-03-01 20:00:00+00:00,535.0
2019-03-01 21:00:00+00:00,408.75
2019-03-01 22:00:00+00:00,293.75
2019-03-01 23:00:00+00:00,315.0
2019-03-02 00:00:00+00:00,384.5
2019-03-02 01:00:00+00:00,354.5
2019-03-02 02:00:00+00:00,273.0
2019-03-02 03:00:00+00:00,283.5
2019-03-02 04:00:00+00:00,377.5
2019-03-02 05:00:00+00:00,901.25
2019-03-02 06:00:00+00:00,1465.5
2019-03-02 07:00:00+00:00,546.25
2019-03-02 08:00:00+00:00,418.5
2019-03-02 09:00:00+00:00,340.25
2019-03-02 10:00:00+00:00,1297.75
2019-03-02 11:00:00+00:00,1142.75
2019-03-02 12:00:00+00:00,1526.5
2019-03-02 13:00:00+00:00,2272.75
2019-03-02 14:00:00+00:00,1185.25
2019-03-02 15:00:00+00:00,234.5
2019-03-02 16:00:00+00:00,264.25
2019-03-02 17:00:00+00:00,633.5
2019-03-02 18:00:00+00:00,588.5
2019-03-02 19:00:00+00:00,639.25
2019-03-02 20:00:00+00:00,542.75
2019-03-02 21:00:00+00:00,431.5
2019-03-02 22:00:00+00:00,348.0
2019-03-02 23:00:00+00:00,451.5
2019-03-03 00:00:00+00:00,331.5
2019-03-03 01:00:00+00:00,379.5
2019-03-03 02:00:00+00:00,324.75
2019-03-03 03:00:00+00:00,280.75
2019-03-03 04:00:00+00:00,393.0
2019-03-03 05:00:00+00:00,1034.25
2019-03-03 06:00:00+00:00,1586.0
2019-03-03 07:00:00+00:00,761.5
2019-03-03 08:00:00+00:00,3183.5
2019-03-03 09:00:00+00:00,754.5
2019-03-03 10:00:00+00:00,1459.0
2019-03-03 11:00:00+00:00,1809.75
2019-03-03 12:00:00+00:00,465.0
2019-03-03 13:00:00+00:00,1331.5
2019-03-03 14:00:00+00:00,1513.25
2019-03-03 15:00:00+00:00,1106.5
2019-03-03 16:00:00+00:00,1345.25
2019-03-03 17:00:00+00:00,546.25
2019-03-03 18:00:00+00:00,410.25
2019-03-03 19:00:00+00:00,768.25
2019-03-03 20:00:00+00:00,649.5
2019-03-03 21:00:00+00:00,417.0
2019-03-03 22:00:00+00:00,265.5
2019-03-03 23:00:00+00:00,265.75
2019-03-04 00:00:00+00:00,303.25
2019-03-04 01:00:00+00:00,388.0
2019-03-04 02:00:00+00:00,378.75
2019-03-04 03:00:00+00:00,302.0
2019-03-04 04:00:00+00:00,734.0
2019-03-04 05:00:00+00:00,325.0
2019-03-04 06:00:00+00:00,279.75
2019-03-04 07:00:00+00:00,379.5
2019-03-04 08:00:00+00:00,398.5
2019-03-04 09:00:00+00:00,270.75
2019-03-04 10:00:00+00:00,368.75
2019-03-04 11:00:00+00:00,358.75
2019-03-04 12:00:00+00:00,310.5
2019-03-04 13:00:00+00:00,846.5
2019-03-04 14:00:00+00:00,679.5
2019-03-04 15:00:00+00:00,545.75
2019-03-04 16:00:00+00:00,375.25
2019-03-04 17:00:00+00:00,994.5
2019-03-04 18:00:00+00:00,1356.75
2019-03-04 19:00:00+00:00,952.0
2019-03-04 20:00:00+00:00,1437.75
2019-03-04 21:00:00+00:00,877.75
2019-03-04 22:00:00+00:00,345.0
2019-03-04 23:00:00+00:00,277.5
2019-03-05 00:00:00+00:00,272.5
2019-03-05 01:00:00+00:00,315.0
2019-03-05 02:00:00+00:00,397.0
2019-03-05 03:00:00+00:00,414.25
2019-03-05 04:00:00+00:00,566.0
2019-03-05 05:00:00+00:00,438.25
2019-03-05 06:00:00+00:00,279.0
2019-03-05 07:00:00+00:00,262.75
2019-03-05 08:00:00+00:00,464.75
2019-03-05 09:00:00+00:00,599.5
2019-03-05 10:00:00+00:00,1550.0
2019-03-05 11:00:00+00:00,909.0
2019-03-05 12:00:00+00:00,4245.0
2019-03-05 13:00:00+00:00,1182.25
2019-03-05 14:00:00+00:00,482.5
2019-03-05 15:00:00+00:00,1056.5
2019-03-05 16:00:00+00:00,1538.25
2019-03-05 17:00:00+00:00,1421.0
2019-03-05 18:00:00+00:00,753.75
2019-03-05 19:00:00+00:00,886.25
2019-03-05 20:00:00+00:00,829.5
2019-03-05 21:00:00+00:00,626.25
2019-03-05 22:00:00+00:00,366.75
2019-03-05 23:00:00+00:00,316.25
2019-03-06 00:00:00+00:00,324.5
2019-03-06 01:00:00+00:00,354.0
2019-03-06 02:00:00+00:00,427.0
2019-03-06 03:00:00+00:00,353.25
2019-03-06 04:00:00+00:00,420.75
2019-03-06 05:00:00+00:00,387.75
2019-03-06 06:00:00+00:00,2973.25
2019-03-06 07:00:00+00:00,2348.75
2019-03-06 08:00:00+00:00,1644.75
2019-03-06 09:00:00+00:00,469.5
2019-03-06 10:00:00+00:00,666.25
2019-03-06 11:00:00+00:00,660.75
2019-03-06 12:00:00+00:00,438.0
2019-03-06 13:00:00+00:00,393.0
2019-03-06 14:00:00+00:00,372.0
2019-03-06 15:00:00+00:00,353.75
2019-03-06 16:00:00+00:00,205.25
2019-03-06 17:00:00+00:00,477.5
2019-03-06 18:00:00+00:00,657.0
2019-03-06 19:00:00+00:00,591.0
2019-03-06 20:00:00+00:00,570.25
2019-03-06 21:00:00+00:00,510.75
2019-03-06 22:00:00+00:00,666.0
2019-03-06 23:00:00+00:00,358.5
2019-03-07 00:00:00+00:00,284.5
2019-03-07 01:00:00+00:00,263.75
2019-03-07 02:00:00+00:00,291.75
2019-03-07 03:00:00+00:00,480.5
2019-03-07 04:00:00+00:00,751.0
2019-03-07 05:00:00+00:00,437.5
2019-03-07 06:00:00+00:00,284.75
2019-03-07 07:00:00+00:00,508.25
2019-03-07 08:00:00+00:00,354.5
2019-03-07 09:00:00+00:00,1233.75
2019-03-07 10:00:00+00:00,699.75
2019-03-07 11:00:00+00:00,363.0
2019-03-07 12:00:00+00:00,2893.75
2019-03-07 13:00:00+00:00,1623.25
2019-03-07 14:00:00+00:00,593.5
2019-03-07 15:00:00+00:00,414.0
2019-03-07 16:00:00+00:00,199.25
2019-03-07 17:00:00+00:00,560.25
2019-03-07 18:00:00+00:00,1141.5
2019-03-07 19:00:00+00:00,3775.75
2019-03-07 20:00:00+00:00,2997.5
2019-03-07 21:00:00+00:00,1996.5
2019-03-07 22:00:00+00:00,283.5
2019-03-07 23:00:00+00:00,273.75
2019-03-08 00:00:00+00:00,366.0
2019-03-08 01:00:00+00:00,355.5
2019-03-08 02:00:00+00:00,278.5
2019-03-08 03:00:00+00:00,292.5
2019-03-08 04:00:00+00:00,563.0
2019-03-08 05:00:00+00:00,3586.0
2019-03-08 06:00:00+00:00,1598.75
2019-03-08 07:00:00+00:00,1876.0
2019-03-08 08:00:00+00:00,788.75
2019-03-08 09:00:00+00:00,1093.5
2019-03-08 10:00:00+00:00,1037.5
2019-03-08 11:00:00+00:00,554.5
2019-03-08 12:00:00+00:00,371.0
2019-03-08 13:00:00+00:00,1569.75
2019-03-08 14:00:00+00:00,1665.25
2019-03-08 15:00:00+00:00,859.25
2019-03-08 16:00:00+00:00,941.75
2019-03-08 17:00:00+00:00,808.25
2019-03-08 18:00:00+00:00,658.5
2019-03-08 19:00:00+00:00,3602.75
2019-03-08 20:00:00+00:00,5728.0
2019-03-08 21:00:00+00:00,3630.25
2019-03-08 22:00:00+00:00,547.0
2019-03-08 23:00:00+00:00,402.0
2019-03-09 00:00:00+00:00,314.0
2019-03-09 01:00:00+00:00,327.5
2019-03-09 02:00:00+00:00,360.25
2019-03-09 03:00:00+00:00,413.25
2019-03-09 04:00:00+00:00,381.75
2019-03-09 05:00:00+00:00,458.25
2019-03-09 06:00:00+00:00,1164.0
2019-03-09 07:00:00+00:00,1829.0
2019-03-09 08:00:00+00:00,3237.25
2019-03-09 09:00:00+00:00,800.5
2019-03-09 10:00:00+00:00,393.5
2019-03-09 11:00:00+00:00,501.75
2019-03-09 12:00:00+00:00,1589.75
2019-03-09 13:00:00+00:00,453.0
2019-03-09 14:00:00+00:00,1140.75
2019-03-09 15:00:00+00:00,2359.25
2019-03-09 16:00:00+00:00,560.25
2019-03-09 17:00:00+00:00,692.25
2019-03-09 18:00:00+00:00,671.75
2019-03-09 19:00:00+00:00,5239.25
2019-03-09 20:00:00+00:00,3282.75
2019-03-09 21:00:00+00:00,599.0
2019-03-09 22:00:00+00:00,534.0
2019-03-09 23:00:00+00:00,372.0
2019-03-10 00:00:00+00:00,530.5
2019-03-10 01:00:00+00:00,450.0
2019-03-10 02:00:00+00:00,331.0
2019-03-10 03:00:00+00:00,321.25
2019-03-10 04:00:00+00:00,409.0
2019-03-10 05:00:00+00:00,314.25
2019-03-10 06:00:00+00:00,661.0
2019-03-10 07:00:00+00:00,2025.25
2019-03-10 08:00:00+00:00,1339.5
2019-03-10 09:00:00+00:00,1685.25
2019-03-10 10:00:00+00:00,2593.5
2019-03-10 11:00:00+00:00,1723.5
2019-03-10 12:00:00+00:00,447.5
2019-03-10 13:00:00+00:00,571.0
2019-03-10 14:00:00+00:00,613.0
2019-03-10 15:00:00+00:00,471.25
2019-03-10 16:00:00+00:00,386.75
2019-03-10 17:00:00+00:00,1313.75
2019-03-10 18:00:00+00:00,1202.25
2019-03-10 19:00:00+00:00,656.25
2019-03-10 20:00:00+00:00,665.25
2019-03-10 21:00:00+00:00,654.5
2019-03-10 22:00:00+00:00,351.5
2019-03-10 23:00:00+00:00,313.25
2019-03-11 00:00:00+00:00,314.25
2019-03-11 01:00:00+00:00,391.75
2019-03-11 02:00:00+00:00,374.25
2019-03-11 03:00:00+00:00,304.25
2019-03-11 04:00:00+00:00,822.25
2019-03-11 05:00:00+00:00,437.5
2019-03-11 06:00:00+00:00,318.75
2019-03-11 07:00:00+00:00,360.25
2019-03-11 08:00:00+00:00,322.0
2019-03-11 09:00:00+00:00,394.0
2019-03-11 10:00:00+00:00,388.25
2019-03-11 11:00:00+00:00,507.75
2019-03-11 12:00:00+00:00,453.25
2019-03-11 13:00:00+00:00,483.25
2019-03-11 14:00:00+00:00,448.0
2019-03-11 15:00:00+00:00,553.75
2019-03-11 16:00:00+00:00,405.25
2019-03-11 17:00:00+00:00,482.75
2019-03-11 18:00:00+00:00,650.0
2019-03-11 19:00:00+00:00,592.75
2019-03-11 20:00:00+00:00,588.75
2019-03-11 21:00:00+00:00,473.25
2019-03-11 22:00:00+00:00,354.25
2019-03-11 23:00:00+00:00,279.25
2019-03-12 00:00:00+00:00,295.0
2019-03-12 01:00:00+00:00,312.75
2019-03-12 02:00:00+00:00,387.25
2019-03-12 03:00:00+00:00,375.25
2019-03-12 04:00:00+00:00,798.25
2019-03-12 05:00:00+00:00,408.75
2019-03-12 06:00:00+00:00,308.0
2019-03-12 07:00:00+00:00,439.75
2019-03-12 08:00:00+00:00,495.25
2019-03-12 09:00:00+00:00,405.25
2019-03-12 10:00:00+00:00,451.75
2019-03-12 11:00:00+00:00,441.0
2019-03-12 12:00:00+00:00,440.5
2019-03-12 13:00:00+00:00,485.0
2019-03-12 14:00:00+00:00,416.25
2019-03-12 15:00:00+00:00,387.75
2019-03-12 16:00:00+00:00,176.25
2019-03-12 17:00:00+00:00,372.0
2019-03-12 18:00:00+00:00,1535.75
2019-03-12 19:00:00+00:00,690.75
2019-03-12 20:00:00+00:00,605.0
2019-03-12 21:00:00+00:00,328.75
2019-03-12 22:00:00+00:00,341.5
2019-03-12 23:00:00+00:00,363.0
2019-03-13 00:00:00+00:00,385.25
2019-03-13 01:00:00+00:00,336.75
2019-03-13 02:00:00+00:00,295.5
2019-03-13 03:00:00+00:00,320.75
2019-03-13 04:00:00+00:00,847.0
2019-03-13 05:00:00+00:00,520.75
2019-03-13 06:00:00+00:00,299.0
2019-03-13 07:00:00+00:00,352.25
2019-03-13 08:00:00+00:00,311.25
2019-03-13 09:00:00+00:00,276.75
2019-03-13 10:00:00+00:00,511.75
2019-03-13 11:00:00+00:00,458.0
2019-03-13 12:00:00+00:00,369.75
2019-03-13 13:00:00+00:00,311.0
2019-03-13 14:00:00+00:00,375.25
2019-03-13 15:00:00+00:00,333.25
2019-03-13 16:00:00+00:00,681.75
2019-03-13 17:00:00+00:00,2018.5
2019-03-13 18:00:00+00:00,3474.5
2019-03-13 19:00:00+00:00,4062.75
2019-03-13 20:00:00+00:00,1600.0
2019-03-13 21:00:00+00:00,517.75
2019-03-13 22:00:00+00:00,503.75
2019-03-13 23:00:00+00:00,298.75
2019-03-14 00:00:00+00:00,313.0
2019-03-14 01:00:00+00:00,312.5
2019-03-14 02:00:00+00:00,313.5
2019-03-14 03:00:00+00:00,385.5
2019-03-14 04:00:00+00:00,729.75
2019-03-14 05:00:00+00:00,443.0
2019-03-14 06:00:00+00:00,265.75
2019-03-14 07:00:00+00:00,307.5
2019-03-14 08:00:00+00:00,310.75
2019-03-14 09:00:00+00:00,481.0
2019-03-14 10:00:00+00:00,496.0
2019-03-14 11:00:00+00:00,383.0
2019-03-14 12:00:00+00:00,314.5
2019-03-14 13:00:00+00:00,315.25
2019-03-14 14:00:00+00:00,290.5
2019-03-14 15:00:00+00:00,255.5
2019-03-14 16:00:00+00:00,441.0
2019-03-14 17:00:00+00:00,596.0
2019-03-14 18:00:00+00:00,496.0
2019-03-14 19:00:00+00:00,464.75
2019-03-14 20:00:00+00:00,869.25
2019-03-14 21:00:00+00:00,711.5
2019-03-14 22:00:00+00:00,299.5
2019-03-14 23:00:00+00:00,314.75
2019-03-15 00:00:00+00:00,306.5
2019-03-15 01:00:00+00:00,325.75
2019-03-15 02:00:00+00:00,443.75
2019-03-15 03:00:00+00:00,386.5
2019-03-15 04:00:00+00:00,690.0
2019-03-15 05:00:00+00:00,875.75
2019-03-15 06:00:00+00:00,437.75
2019-03-15 07:00:00+00:00,503.5
2019-03-15 08:00:00+00:00,659.5
2019-03-15 09:00:00+00:00,568.0
2019-03-15 10:00:00+00:00,488.25
2019-03-15 11:00:00+00:00,406.5
2019-03-15 12:00:00+00:00,651.75
2019-03-15 13:00:00+00:00,431.0
2019-03-15 14:00:00+00:00,255.5
2019-03-15 15:00:00+00:00,184.75
2019-03-15 16:00:00+00:00,925.25
2019-03-15 17:00:00+00:00,2932.25
2019-03-15 18:00:00+00:00,2124.75
2019-03-15 19:00:00+00:00,3289.25
2019-03-15 20:00:00+00:00,4048.25
2019-03-15 21:00:00+00:00,509.5
2019-03-15 22:00:00+00:00,381.5
2019-03-15 23:00:00+00:00,375.5
2019-03-16 00:00:00+00:00,424.75
2019-03-16 01:00:00+00:00,350.0
2019-03-16 02:00:00+00:00,319.0
2019-03-16 03:00:00+00:00,353.0
2019-03-16 04:00:00+00:00,438.25
2019-03-16 05:00:00+00:00,486.0
2019-03-16 06:00:00+00:00,2123.75
2019-03-16 07:00:00+00:00,1058.5
2019-03-16 08:00:00+00:00,451.5
2019-03-16 09:00:00+00:00,238.75
2019-03-16 10:00:00+00:00,1078.0
2019-03-16 11:00:00+00:00,3290.0
2019-03-16 12:00:00+00:00,1327.0
2019-03-16 13:00:00+00:00,1850.25
2019-03-16 14:00:00+00:00,1549.5
2019-03-16 15:00:00+00:00,960.75
2019-03-16 16:00:00+00:00,742.75
2019-03-16 17:00:00+00:00,3824.75
2019-03-16 18:00:00+00:00,2391.5
2019-03-16 19:00:00+00:00,895.25
2019-03-16 20:00:00+00:00,655.25
2019-03-16 21:00:00+00:00,588.5
2019-03-16 22:00:00+00:00,436.25
2019-03-16 23:00:00+00:00,396.0
2019-03-17 00:00:00+00:00,405.25
2019-03-17 01:00:00+00:00,352.75
2019-03-17 02:00:00+00:00,359.0
2019-03-17 03:00:00+00:00,360.5
2019-03-17 04:00:00+00:00,489.25
2019-03-17 05:00:00+00:00,322.25
2019-03-17 06:00:00+00:00,363.0
2019-03-17 07:00:00+00:00,606.0
2019-03-17 08:00:00+00:00,586.75
2019-03-17 09:00:00+00:00,621.0
2019-03-17 10:00:00+00:00,828.75
2019-03-17 11:00:00+00:00,555.25
2019-03-17 12:00:00+00:00,459.25
2019-03-17 13:00:00+00:00,360.5
2019-03-17 14:00:00+00:00,520.5
2019-03-17 15:00:00+00:00,548.75
2019-03-17 16:00:00+00:00,427.25
2019-03-17 17:00:00+00:00,613.25
2019-03-17 18:00:00+00:00,890.5
2019-03-17 19:00:00+00:00,961.5
2019-03-17 20:00:00+00:00,680.25
2019-03-17 21:00:00+00:00,417.5
2019-03-17 22:00:00+00:00,277.75
2019-03-17 23:00:00+00:00,315.75
2019-03-18 00:00:00+00:00,419.25
2019-03-18 01:00:00+00:00,323.5
2019-03-18 02:00:00+00:00,290.25
2019-03-18 03:00:00+00:00,315.75
2019-03-18 04:00:00+00:00,798.0
2019-03-18 05:00:00+00:00,542.5
2019-03-18 06:00:00+00:00,350.25
2019-03-18 07:00:00+00:00,309.75
2019-03-18 08:00:00+00:00,353.0
2019-03-18 09:00:00+00:00,456.75
2019-03-18 10:00:00+00:00,547.25
2019-03-18 11:00:00+00:00,505.0
2019-03-18 12:00:00+00:00,363.5
2019-03-18 13:00:00+00:00,349.5
2019-03-18 14:00:00+00:00,894.5
2019-03-18 15:00:00+00:00,924.25
2019-03-18 16:00:00+00:00,487.25
2019-03-18 17:00:00+00:00,700.0
2019-03-18 18:00:00+00:00,327.75
2019-03-18 19:00:00+00:00,507.25
2019-03-18 20:00:00+00:00,600.25
2019-03-18 21:00:00+00:00,617.0
2019-03-18 22:00:00+00:00,388.5
2019-03-18 23:00:00+00:00,301.5
2019-03-19 00:00:00+00:00,314.75
2019-03-19 01:00:00+00:00,301.0
2019-03-19 02:00:00+00:00,300.75
2019-03-19 03:00:00+00:00,426.25
2019-03-19 04:00:00+00:00,818.25
2019-03-19 05:00:00+00:00,364.25
2019-03-19 06:00:00+00:00,358.25
2019-03-19 07:00:00+00:00,400.25
2019-03-19 08:00:00+00:00,405.75
2019-03-19 09:00:00+00:00,529.0
2019-03-19 10:00:00+00:00,514.5
2019-03-19 11:00:00+00:00,491.5
2019-03-19 12:00:00+00:00,375.0
2019-03-19 13:00:00+00:00,334.75
2019-03-19 14:00:00+00:00,427.75
2019-03-19 15:00:00+00:00,497.5
2019-03-19 16:00:00+00:00,498.75
2019-03-19 17:00:00+00:00,598.0
2019-03-19 18:00:00+00:00,865.75
2019-03-19 19:00:00+00:00,1452.0
2019-03-19 20:00:00+00:00,810.0
2019-03-19 21:00:00+00:00,438.0
2019-03-19 22:00:00+00:00,366.75
2019-03-19 23:00:00+00:00,283.75
2019-03-20 00:00:00+00:00,300.75
2019-03-20 01:00:00+00:00,278.0
2019-03-20 02:00:00+00:00,338.75
2019-03-20 03:00:00+00:00,433.0
2019-03-20 04:00:00+00:00,1026.0
2019-03-20 05:00:00+00:00,394.0
2019-03-20 06:00:00+00:00,373.25
2019-03-20 07:00:00+00:00,383.25
2019-03-20 08:00:00+00:00,422.75
2019-03-20 09:00:00+00:00,497.25
2019-03-20 10:00:00+00:00,495.0
2019-03-20 11:00:00+00:00,868.5
2019-03-20 12:00:00+00:00,383.5
2019-03-20 13:00:00+00:00,555.5
2019-03-20 14:00:00+00:00,1354.0
2019-03-20 15:00:00+00:00,1324.5
2019-03-20 16:00:00+00:00,1146.5
2019-03-20 17:00:00+00:00,1736.0
2019-03-20 18:00:00+00:00,6078.5
2019-03-20 19:00:00+00:00,1442.75
2019-03-20 20:00:00+00:00,563.25
2019-03-20 21:00:00+00:00,406.5
2019-03-20 22:00:00+00:00,315.75
2019-03-20 23:00:00+00:00,394.25
2019-03-21 00:00:00+00:00,375.25
2019-03-21 01:00:00+00:00,308.25
2019-03-21 02:00:00+00:00,336.5
2019-03-21 03:00:00+00:00,435.75
2019-03-21 04:00:00+00:00,745.0
2019-03-21 05:00:00+00:00,418.0
2019-03-21 06:00:00+00:00,400.5
2019-03-21 07:00:00+00:00,379.75
2019-03-21 08:00:00+00:00,459.25
2019-03-21 09:00:00+00:00,472.0
2019-03-21 10:00:00+00:00,553.75
2019-03-21 11:00:00+00:00,495.0
2019-03-21 12:00:00+00:00,526.75
2019-03-21 13:00:00+00:00,343.5
2019-03-21 14:00:00+00:00,440.5
2019-03-21 15:00:00+00:00,532.75
2019-03-21 16:00:00+00:00,472.5
2019-03-21 17:00:00+00:00,514.5
2019-03-21 18:00:00+00:00,775.0
2019-03-21 19:00:00+00:00,648.5
2019-03-21 20:00:00+00:00,619.0
2019-03-21 21:00:00+00:00,496.0
2019-03-21 22:00:00+00:00,491.5
2019-03-21 23:00:00+00:00,271.0
2019-03-22 00:00:00+00:00,364.0
2019-03-22 01:00:00+00:00,367.75
2019-03-22 02:00:00+00:00,281.5
2019-03-22 03:00:00+00:00,297.0
2019-03-22 04:00:00+00:00,690.25
2019-03-22 05:00:00+00:00,424.75
2019-03-22 06:00:00+00:00,782.5
2019-03-22 07:00:00+00:00,1366.75
2019-03-22 08:00:00+00:00,624.0
2019-03-22 09:00:00+00:00,428.25
2019-03-22 10:00:00+00:00,412.0
2019-03-22 11:00:00+00:00,627.5
2019-03-22 12:00:00+00:00,1262.25
2019-03-22 13:00:00+00:00,2110.5
2019-03-22 14:00:00+00:00,907.0
2019-03-22 15:00:00+00:00,318.25
2019-03-22 16:00:00+00:00,433.25
2019-03-22 17:00:00+00:00,1060.25
2019-03-22 18:00:00+00:00,456.25
2019-03-22 19:00:00+00:00,561.5
2019-03-22 20:00:00+00:00,557.25
2019-03-22 21:00:00+00:00,556.75
2019-03-22 22:00:00+00:00,351.5
2019-03-22 23:00:00+00:00,271.5
2019-03-23 00:00:00+00:00,275.75
2019-03-23 01:00:00+00:00,251.5
2019-03-23 02:00:00+00:00,293.75
2019-03-23 03:00:00+00:00,410.0
2019-03-23 04:00:00+00:00,365.5
2019-03-23 05:00:00+00:00,279.75
2019-03-23 06:00:00+00:00,747.25
2019-03-23 07:00:00+00:00,563.5
2019-03-23 08:00:00+00:00,1920.5
2019-03-23 09:00:00+00:00,3304.5
2019-03-23 10:00:00+00:00,1477.0
2019-03-23 11:00:00+00:00,3231.25
2019-03-23 12:00:00+00:00,1897.75
2019-03-23 13:00:00+00:00,682.75
2019-03-23 14:00:00+00:00,395.5
2019-03-23 15:00:00+00:00,486.25
2019-03-23 16:00:00+00:00,251.5
2019-03-23 17:00:00+00:00,1358.75
2019-03-23 18:00:00+00:00,2802.75
2019-03-23 19:00:00+00:00,957.75
2019-03-23 20:00:00+00:00,1040.25
2019-03-23 21:00:00+00:00,1081.0
2019-03-23 22:00:00+00:00,337.25
2019-03-23 23:00:00+00:00,378.75
2019-03-24 00:00:00+00:00,321.75
2019-03-24 01:00:00+00:00,268.75
2019-03-24 02:00:00+00:00,303.25
2019-03-24 03:00:00+00:00,300.5
2019-03-24 04:00:00+00:00,472.25
2019-03-24 05:00:00+00:00,360.0
2019-03-24 06:00:00+00:00,1111.5
2019-03-24 07:00:00+00:00,646.5
2019-03-24 08:00:00+00:00,514.25
2019-03-24 09:00:00+00:00,618.0
2019-03-24 10:00:00+00:00,486.5
2019-03-24 11:00:00+00:00,478.75
2019-03-24 12:00:00+00:00,398.25
2019-03-24 13:00:00+00:00,394.75
2019-03-24 14:00:00+00:00,449.0
2019-03-24 15:00:00+00:00,339.0
2019-03-24 16:00:00+00:00,380.0
2019-03-24 17:00:00+00:00,564.5
2019-03-24 18:00:00+00:00,718.0
2019-03-24 19:00:00+00:00,870.25
2019-03-24 20:00:00+00:00,737.0
2019-03-24 21:00:00+00:00,460.0
2019-03-24 22:00:00+00:00,226.5
2019-03-24 23:00:00+00:00,339.25
2019-03-25 00:00:00+00:00,365.5
2019-03-25 01:00:00+00:00,257.25
2019-03-25 02:00:00+00:00,265.25
2019-03-25 03:00:00+00:00,257.75
2019-03-25 04:00:00+00:00,964.25
2019-03-25 05:00:00+00:00,443.5
2019-03-25 06:00:00+00:00,386.5
2019-03-25 07:00:00+00:00,307.75
2019-03-25 08:00:00+00:00,277.0
2019-03-25 09:00:00+00:00,322.0
2019-03-25 10:00:00+00:00,470.75
2019-03-25 11:00:00+00:00,359.0
2019-03-25 12:00:00+00:00,327.25
2019-03-25 13:00:00+00:00,356.25
2019-03-25 14:00:00+00:00,357.25
2019-03-25 15:00:00+00:00,400.0
2019-03-25 16:00:00+00:00,395.25
2019-03-25 17:00:00+00:00,1133.0
2019-03-25 18:00:00+00:00,1376.0
2019-03-25 19:00:00+00:00,5416.75
2019-03-25 20:00:00+00:00,1772.5
2019-03-25 21:00:00+00:00,494.75
2019-03-25 22:00:00+00:00,278.75
2019-03-25 23:00:00+00:00,270.75
2019-03-26 00:00:00+00:00,291.5
2019-03-26 01:00:00+00:00,392.0
2019-03-26 02:00:00+00:00,370.75
2019-03-26 03:00:00+00:00,348.25
2019-03-26 04:00:00+00:00,755.5
2019-03-26 05:00:00+00:00,360.5
2019-03-26 06:00:00+00:00,418.75
2019-03-26 07:00:00+00:00,415.5
2019-03-26 08:00:00+00:00,343.25
2019-03-26 09:00:00+00:00,336.75
2019-03-26 10:00:00+00:00,379.25
2019-03-26 11:00:00+00:00,446.25
2019-03-26 12:00:00+00:00,462.0
2019-03-26 13:00:00+00:00,330.25
2019-03-26 14:00:00+00:00,343.0
2019-03-26 15:00:00+00:00,326.0
2019-03-26 16:00:00+00:00,203.0
2019-03-26 17:00:00+00:00,1124.75
2019-03-26 18:00:00+00:00,1725.25
2019-03-26 19:00:00+00:00,639.75
2019-03-26 20:00:00+00:00,1065.75
2019-03-26 21:00:00+00:00,814.25
2019-03-26 22:00:00+00:00,387.75
2019-03-26 23:00:00+00:00,309.75
2019-03-27 00:00:00+00:00,251.0
2019-03-27 01:00:00+00:00,264.75
2019-03-27 02:00:00+00:00,295.5
2019-03-27 03:00:00+00:00,418.75
2019-03-27 04:00:00+00:00,1122.75
2019-03-27 05:00:00+00:00,307.0
2019-03-27 06:00:00+00:00,311.25
2019-03-27 07:00:00+00:00,346.75
2019-03-27 08:00:00+00:00,424.75
2019-03-27 09:00:00+00:00,497.25
2019-03-27 10:00:00+00:00,400.5
2019-03-27 11:00:00+00:00,394.5
2019-03-27 12:00:00+00:00,329.75
2019-03-27 13:00:00+00:00,420.25
2019-03-27 14:00:00+00:00,450.75
2019-03-27 15:00:00+00:00,530.25
2019-03-27 16:00:00+00:00,304.75
2019-03-27 17:00:00+00:00,818.25
2019-03-27 18:00:00+00:00,3478.5
2019-03-27 19:00:00+00:00,918.5
2019-03-27 20:00:00+00:00,678.75
2019-03-27 21:00:00+00:00,357.0
2019-03-27 22:00:00+00:00,300.5
2019-03-27 23:00:00+00:00,334.0
2019-03-28 00:00:00+00:00,370.25
2019-03-28 01:00:00+00:00,283.25
2019-03-28 02:00:00+00:00,253.75
2019-03-28 03:00:00+00:00,279.5
2019-03-28 04:00:00+00:00,757.75
2019-03-28 05:00:00+00:00,487.75
2019-03-28 06:00:00+00:00,396.75
2019-03-28 07:00:00+00:00,395.5
2019-03-28 08:00:00+00:00,339.0
2019-03-28 09:00:00+00:00,377.75
2019-03-28 10:00:00+00:00,475.5
2019-03-28 11:00:00+00:00,535.25
2019-03-28 12:00:00+00:00,350.0
2019-03-28 13:00:00+00:00,528.25
2019-03-28 14:00:00+00:00,413.5
2019-03-28 15:00:00+00:00,583.75
2019-03-28 16:00:00+00:00,1021.0
2019-03-28 17:00:00+00:00,507.0
2019-03-28 18:00:00+00:00,462.0
2019-03-28 19:00:00+00:00,402.75
2019-03-28 20:00:00+00:00,512.25
2019-03-28 21:00:00+00:00,485.25
2019-03-28 22:00:00+00:00,256.0
2019-03-28 23:00:00+00:00,265.25
2019-03-29 00:00:00+00:00,276.75
2019-03-29 01:00:00+00:00,245.5
2019-03-29 02:00:00+00:00,379.25
2019-03-29 03:00:00+00:00,330.0
2019-03-29 04:00:00+00:00,541.25
2019-03-29 05:00:00+00:00,976.5
2019-03-29 06:00:00+00:00,2182.75
2019-03-29 07:00:00+00:00,898.75
2019-03-29 08:00:00+00:00,435.5
2019-03-29 09:00:00+00:00,408.75
2019-03-29 10:00:00+00:00,443.75
2019-03-29 11:00:00+00:00,1239.5
2019-03-29 12:00:00+00:00,493.75
2019-03-29 13:00:00+00:00,560.0
2019-03-29 14:00:00+00:00,507.25
2019-03-29 15:00:00+00:00,865.0
2019-03-29 16:00:00+00:00,305.75
2019-03-29 17:00:00+00:00,408.5
2019-03-29 18:00:00+00:00,930.75
2019-03-29 19:00:00+00:00,726.0
2019-03-29 20:00:00+00:00,797.5
2019-03-29 21:00:00+00:00,440.75
2019-03-29 22:00:00+00:00,462.25
2019-03-29 23:00:00+00:00,336.0
2019-03-30 00:00:00+00:00,255.5
2019-03-30 01:00:00+00:00,282.75
2019-03-30 02:00:00+00:00,260.75
2019-03-30 03:00:00+00:00,420.0
2019-03-30 04:00:00+00:00,393.25
2019-03-30 05:00:00+00:00,281.75
2019-03-30 06:00:00+00:00,378.25
2019-03-30 07:00:00+00:00,537.25
2019-03-30 08:00:00+00:00,1742.5
2019-03-30 09:00:00+00:00,584.75
2019-03-30 10:00:00+00:00,1462.0
2019-03-30 11:00:00+00:00,1212.5
2019-03-30 12:00:00+00:00,2174.25
2019-03-30 13:00:00+00:00,1239.25
2019-03-30 14:00:00+00:00,365.25
2019-03-30 15:00:00+00:00,354.75
2019-03-30 16:00:00+00:00,303.5
2019-03-30 17:00:00+00:00,350.5
2019-03-30 18:00:00+00:00,502.75
2019-03-30 19:00:00+00:00,956.5
2019-03-30 20:00:00+00:00,371.0
2019-03-30 21:00:00+00:00,404.25
2019-03-30 22:00:00+00:00,310.75
2019-03-30 23:00:00+00:00,260.0
2019-03-31 00:00:00+00:00,256.0
2019-03-31 01:00:00+00:00,292.5
2019-03-31 02:00:00+00:00,393.0
2019-03-31 03:00:00+00:00,361.5
2019-03-31 04:00:00+00:00,308.75
2019-03-31 05:00:00+00:00,281.25
2019-03-31 06:00:00+00:00,549.5
2019-03-31 07:00:00+00:00,502.0
2019-03-31 08:00:00+00:00,503.0
2019-03-31 09:00:00+00:00,830.0
2019-03-31 10:00:00+00:00,1226.5
2019-03-31 11:00:00+00:00,777.5
2019-03-31 12:00:00+00:00,448.5
2019-03-31 13:00:00+00:00,372.25
2019-03-31 14:00:00+00:00,334.75
2019-03-31 15:00:00+00:00,350.5
2019-03-31 16:00:00+00:00,875.25
2019-03-31 17:00:00+00:00,953.75
2019-03-31 18:00:00+00:00,573.25
2019-03-31 19:00:00+00:00,505.75
2019-03-31 20:00:00+00:00,518.0
2019-03-31 21:00:00+00:00,312.75
2019-03-31 22:00:00+00:00,265.25
2019-03-31 23:00:00+00:00,303.0
2019-04-01 00:00:00+00:00,235.25
2019-04-01 01:00:00+00:00,335.0
2019-04-01 02:00:00+00:00,611.75
2019-04-01 03:00:00+00:00,699.25
2019-04-01 04:00:00+00:00,375.25
2019-04-01 05:00:00+00:00,271.25
2019-04-01 06:00:00+00:00,423.75
2019-04-01 07:00:00+00:00,435.0
2019-04-01 08:00:00+00:00,582.25
2019-04-01 09:00:00+00:00,459.0
2019-04-01 10:00:00+00:00,472.75
2019-04-01 11:00:00+00:00,486.25
2019-04-01 12:00:00+00:00,437.25
2019-04-01 13:00:00+00:00,268.5
2019-04-01 14:00:00+00:00,323.25
2019-04-01 15:00:00+00:00,577.0
2019-04-01 16:00:00+00:00,551.5
2019-04-01 17:00:00+00:00,1047.75
2019-04-01 18:00:00+00:00,4116.75
2019-04-01 19:00:00+00:00,3354.5
2019-04-01 20:00:00+00:00,733.75
2019-04-01 21:00:00+00:00,485.75
2019-04-01 22:00:00+00:00,302.25
2019-04-01 23:00:00+00:00,249.5
2019-04-02 00:00:00+00:00,264.5
2019-04-02 01:00:00+00:00,284.25
2019-04-02 02:00:00+00:00,384.75
2019-04-02 03:00:00+00:00,778.25
2019-04-02 04:00:00+00:00,406.5
2019-04-02 05:00:00+00:00,270.0
2019-04-02 06:00:00+00:00,335.75
2019-04-02 07:00:00+00:00,431.75
2019-04-02 08:00:00+00:00,438.75
2019-04-02 09:00:00+00:00,405.25
2019-04-02 10:00:00+00:00,449.75
2019-04-02 11:00:00+00:00,356.75
2019-04-02 12:00:00+00:00,408.25
2019-04-02 13:00:00+00:00,366.75
2019-04-02 14:00:00+00:00,284.75
2019-04-02 15:00:00+00:00,234.75
2019-04-02 16:00:00+00:00,283.25
2019-04-02 17:00:00+00:00,611.5
2019-04-02 18:00:00+00:00,586.25
2019-04-02 19:00:00+00:00,470.75
2019-04-02 20:00:00+00:00,325.25
2019-04-02 21:00:00+00:00,230.5
2019-04-02 22:00:00+00:00,305.5
2019-04-02 23:00:00+00:00,350.0
2019-04-03 00:00:00+00:00,240.25
2019-04-03 01:00:00+00:00,244.75
2019-04-03 02:00:00+00:00,310.75
2019-04-03 03:00:00+00:00,955.25
2019-04-03 04:00:00+00:00,504.75
2019-04-03 05:00:00+00:00,191.5
2019-04-03 06:00:00+00:00,296.25
2019-04-03 07:00:00+00:00,347.5
2019-04-03 08:00:00+00:00,401.25
2019-04-03 09:00:00+00:00,493.0
2019-04-03 10:00:00+00:00,517.5
2019-04-03 11:00:00+00:00,396.25
2019-04-03 12:00:00+00:00,291.5
2019-04-03 13:00:00+00:00,275.25
2019-04-03 14:00:00+00:00,476.0
2019-04-03 15:00:00+00:00,452.25
2019-04-03 16:00:00+00:00,354.75
2019-04-03 17:00:00+00:00,1231.0
2019-04-03 18:00:00+00:00,1181.5
2019-04-03 19:00:00+00:00,738.0
2019-04-03 20:00:00+00:00,421.5
2019-04-03 21:00:00+00:00,258.25
2019-04-03 22:00:00+00:00,255.5
2019-04-03 23:00:00+00:00,241.5
2019-04-04 00:00:00+00:00,301.5
2019-04-04 01:00:00+00:00,381.5
2019-04-04 02:00:00+00:00,296.75
2019-04-04 03:00:00+00:00,664.0
2019-04-04 04:00:00+00:00,379.5
2019-04-04 05:00:00+00:00,193.0
2019-04-04 06:00:00+00:00,423.0
2019-04-04 07:00:00+00:00,436.0
2019-04-04 08:00:00+00:00,479.75
2019-04-04 09:00:00+00:00,436.75
2019-04-04 10:00:00+00:00,492.75
2019-04-04 11:00:00+00:00,488.0
2019-04-04 12:00:00+00:00,1123.25
2019-04-04 13:00:00+00:00,454.5
2019-04-04 14:00:00+00:00,455.25
2019-04-04 15:00:00+00:00,324.0
2019-04-04 16:00:00+00:00,551.25
2019-04-04 17:00:00+00:00,3640.75
2019-04-04 18:00:00+00:00,2380.75
2019-04-04 19:00:00+00:00,828.25
2019-04-04 20:00:00+00:00,483.75
2019-04-04 21:00:00+00:00,377.0
2019-04-04 22:00:00+00:00,372.25
2019-04-04 23:00:00+00:00,249.75
2019-04-05 00:00:00+00:00,267.5
2019-04-05 01:00:00+00:00,271.5
2019-04-05 02:00:00+00:00,306.75
2019-04-05 03:00:00+00:00,650.5
2019-04-05 04:00:00+00:00,455.5
2019-04-05 05:00:00+00:00,298.0
2019-04-05 06:00:00+00:00,1241.0
2019-04-05 07:00:00+00:00,226.5
2019-04-05 08:00:00+00:00,394.75
2019-04-05 09:00:00+00:00,446.75
2019-04-05 10:00:00+00:00,1943.5
2019-04-05 11:00:00+00:00,385.5
2019-04-05 12:00:00+00:00,872.75
2019-04-05 13:00:00+00:00,633.25
2019-04-05 14:00:00+00:00,454.75
2019-04-05 15:00:00+00:00,525.0
2019-04-05 16:00:00+00:00,1342.25
2019-04-05 17:00:00+00:00,523.75
2019-04-05 18:00:00+00:00,554.0
2019-04-05 19:00:00+00:00,561.0
2019-04-05 20:00:00+00:00,417.0
2019-04-05 21:00:00+00:00,267.0
2019-04-05 22:00:00+00:00,271.5
2019-04-05 23:00:00+00:00,289.5
2019-04-06 00:00:00+00:00,369.5
2019-04-06 01:00:00+00:00,360.25
2019-04-06 02:00:00+00:00,282.0
2019-04-06 03:00:00+00:00,320.75
2019-04-06 04:00:00+00:00,288.5
2019-04-06 05:00:00+00:00,805.0
2019-04-06 06:00:00+00:00,416.5
2019-04-06 07:00:00+00:00,441.5
2019-04-06 08:00:00+00:00,387.5
2019-04-06 09:00:00+00:00,1710.5
2019-04-06 10:00:00+00:00,1223.75
2019-04-06 11:00:00+00:00,2602.5
2019-04-06 12:00:00+00:00,913.5
2019-04-06 13:00:00+00:00,302.75
2019-04-06 14:00:00+00:00,334.0
2019-04-06 15:00:00+00:00,418.5
2019-04-06 16:00:00+00:00,1008.5
2019-04-06 17:00:00+00:00,494.5
2019-04-06 18:00:00+00:00,503.25
2019-04-06 19:00:00+00:00,445.75
2019-04-06 20:00:00+00:00,394.5
2019-04-06 21:00:00+00:00,411.25
2019-04-06 22:00:00+00:00,403.75
2019-04-06 23:00:00+00:00,339.25
2019-04-07 00:00:00+00:00,242.5
2019-04-07 01:00:00+00:00,252.25
2019-04-07 02:00:00+00:00,256.0
2019-04-07 03:00:00+00:00,342.25
2019-04-07 04:00:00+00:00,366.75
2019-04-07 05:00:00+00:00,412.75
2019-04-07 06:00:00+00:00,448.5
2019-04-07 07:00:00+00:00,1063.75
2019-04-07 08:00:00+00:00,547.0
2019-04-07 09:00:00+00:00,2264.75
2019-04-07 10:00:00+00:00,1208.75
2019-04-07 11:00:00+00:00,925.75
2019-04-07 12:00:00+00:00,574.0
2019-04-07 13:00:00+00:00,417.0
2019-04-07 14:00:00+00:00,358.75
2019-04-07 15:00:00+00:00,737.25
2019-04-07 16:00:00+00:00,1588.25
2019-04-07 17:00:00+00:00,767.25
2019-04-07 18:00:00+00:00,1009.5
2019-04-07 19:00:00+00:00,894.25
2019-04-07 20:00:00+00:00,770.25
2019-04-07 21:00:00+00:00,416.25
2019-04-07 22:00:00+00:00,235.25
2019-04-07 23:00:00+00:00,227.75
2019-04-08 00:00:00+00:00,249.75
2019-04-08 01:00:00+00:00,336.0
2019-04-08 02:00:00+00:00,440.0
2019-04-08 03:00:00+00:00,795.5
2019-04-08 04:00:00+00:00,343.0
2019-04-08 05:00:00+00:00,747.75
2019-04-08 06:00:00+00:00,898.5
2019-04-08 07:00:00+00:00,446.0
2019-04-08 08:00:00+00:00,373.0
2019-04-08 09:00:00+00:00,867.75
2019-04-08 10:00:00+00:00,564.25
2019-04-08 11:00:00+00:00,428.75
2019-04-08 12:00:00+00:00,433.5
2019-04-08 13:00:00+00:00,329.5
2019-04-08 14:00:00+00:00,334.25
2019-04-08 15:00:00+00:00,594.25
2019-04-08 16:00:00+00:00,843.0
2019-04-08 17:00:00+00:00,847.5
2019-04-08 18:00:00+00:00,786.25
2019-04-08 19:00:00+00:00,745.75
2019-04-08 20:00:00+00:00,666.75
2019-04-08 21:00:00+00:00,353.25
2019-04-08 22:00:00+00:00,342.25
2019-04-08 23:00:00+00:00,254.5
2019-04-09 00:00:00+00:00,267.25
2019-04-09 01:00:00+00:00,250.5
2019-04-09 02:00:00+00:00,264.0
2019-04-09 03:00:00+00:00,877.0
2019-04-09 04:00:00+00:00,437.0
2019-04-09 05:00:00+00:00,186.0
2019-04-09 06:00:00+00:00,408.0
2019-04-09 07:00:00+00:00,373.0
2019-04-09 08:00:00+00:00,318.25
2019-04-09 09:00:00+00:00,449.75
2019-04-09 10:00:00+00:00,473.25
2019-04-09 11:00:00+00:00,317.5
2019-04-09 12:00:00+00:00,313.5
2019-04-09 13:00:00+00:00,293.75
2019-04-09 14:00:00+00:00,580.75
2019-04-09 15:00:00+00:00,295.0
2019-04-09 16:00:00+00:00,488.5
2019-04-09 17:00:00+00:00,3964.75
2019-04-09 18:00:00+00:00,1944.25
2019-04-09 19:00:00+00:00,595.0
2019-04-09 20:00:00+00:00,523.5
2019-04-09 21:00:00+00:00,424.75
2019-04-09 22:00:00+00:00,228.0
2019-04-09 23:00:00+00:00,240.25
2019-04-10 00:00:00+00:00,282.75
2019-04-10 01:00:00+00:00,295.5
2019-04-10 02:00:00+00:00,353.0
2019-04-10 03:00:00+00:00,864.25
2019-04-10 04:00:00+00:00,359.75
2019-04-10 05:00:00+00:00,261.25
2019-04-10 06:00:00+00:00,324.25
2019-04-10 07:00:00+00:00,355.75
2019-04-10 08:00:00+00:00,532.25
2019-04-10 09:00:00+00:00,383.5
2019-04-10 10:00:00+00:00,367.0
2019-04-10 11:00:00+00:00,321.5
2019-04-10 12:00:00+00:00,324.0
2019-04-10 13:00:00+00:00,1026.75
2019-04-10 14:00:00+00:00,489.5
2019-04-10 15:00:00+00:00,401.5
2019-04-10 16:00:00+00:00,1036.75
2019-04-10 17:00:00+00:00,1727.25
2019-04-10 18:00:00+00:00,776.25
2019-04-10 19:00:00+00:00,721.25
2019-04-10 20:00:00+00:00,446.5
2019-04-10 21:00:00+00:00,268.75
2019-04-10 22:00:00+00:00,252.5
2019-04-10 23:00:00+00:00,258.25
2019-04-11 00:00:00+00:00,362.0
2019-04-11 01:00:00+00:00,370.75
2019-04-11 02:00:00+00:00,286.75
2019-04-11 03:00:00+00:00,692.25
2019-04-11 04:00:00+00:00,572.5
2019-04-11 05:00:00+00:00,1198.5
2019-04-11 06:00:00+00:00,960.25
2019-04-11 07:00:00+00:00,413.5
2019-04-11 08:00:00+00:00,406.5
2019-04-11 09:00:00+00:00,566.75
2019-04-11 10:00:00+00:00,540.5
2019-04-11 11:00:00+00:00,428.0
2019-04-11 12:00:00+00:00,449.25
2019-04-11 13:00:00+00:00,385.0
2019-04-11 14:00:00+00:00,357.5
2019-04-11 15:00:00+00:00,315.25
2019-04-11 16:00:00+00:00,498.0
2019-04-11 17:00:00+00:00,1111.25
2019-04-11 18:00:00+00:00,683.5
2019-04-11 19:00:00+00:00,694.25
2019-04-11 20:00:00+00:00,459.25
2019-04-11 21:00:00+00:00,263.75
2019-04-11 22:00:00+00:00,331.0
2019-04-11 23:00:00+00:00,381.5
2019-04-12 00:00:00+00:00,277.5
2019-04-12 01:00:00+00:00,275.25
2019-04-12 02:00:00+00:00,253.75
2019-04-12 03:00:00+00:00,622.25
2019-04-12 04:00:00+00:00,792.75
2019-04-12 05:00:00+00:00,727.0
2019-04-12 06:00:00+00:00,410.5
2019-04-12 07:00:00+00:00,550.25
2019-04-12 08:00:00+00:00,680.5
2019-04-12 09:00:00+00:00,1344.25
2019-04-12 10:00:00+00:00,1030.75
2019-04-12 11:00:00+00:00,598.0
2019-04-12 12:00:00+00:00,448.25
2019-04-12 13:00:00+00:00,581.5
2019-04-12 14:00:00+00:00,909.0
2019-04-12 15:00:00+00:00,495.5
2019-04-12 16:00:00+00:00,558.5
2019-04-12 17:00:00+00:00,451.75
2019-04-12 18:00:00+00:00,920.5
2019-04-12 19:00:00+00:00,2060.0
2019-04-12 20:00:00+00:00,1215.0
2019-04-12 21:00:00+00:00,345.5
2019-04-12 22:00:00+00:00,251.75
2019-04-12 23:00:00+00:00,255.75
2019-04-13 00:00:00+00:00,257.5
2019-04-13 01:00:00+00:00,321.75
2019-04-13 02:00:00+00:00,387.0
2019-04-13 03:00:00+00:00,629.0
2019-04-13 04:00:00+00:00,1840.75
2019-04-13 05:00:00+00:00,401.25
2019-04-13 06:00:00+00:00,371.0
2019-04-13 07:00:00+00:00,609.0
2019-04-13 08:00:00+00:00,1612.25
2019-04-13 09:00:00+00:00,1049.25
2019-04-13 10:00:00+00:00,1792.0
2019-04-13 11:00:00+00:00,744.5
2019-04-13 12:00:00+00:00,1530.5
2019-04-13 13:00:00+00:00,1681.5
2019-04-13 14:00:00+00:00,1195.25
2019-04-13 15:00:00+00:00,2509.25
2019-04-13 16:00:00+00:00,3211.5
2019-04-13 17:00:00+00:00,4586.25
2019-04-13 18:00:00+00:00,3921.25
2019-04-13 19:00:00+00:00,536.25
2019-04-13 20:00:00+00:00,427.75
2019-04-13 21:00:00+00:00,340.5
2019-04-13 22:00:00+00:00,371.0
2019-04-13 23:00:00+00:00,270.75
2019-04-14 00:00:00+00:00,280.25
2019-04-14 01:00:00+00:00,276.75
2019-04-14 02:00:00+00:00,376.0
2019-04-14 03:00:00+00:00,433.25
2019-04-14 04:00:00+00:00,314.5
2019-04-14 05:00:00+00:00,495.5
2019-04-14 06:00:00+00:00,445.0
2019-04-14 07:00:00+00:00,439.25
2019-04-14 08:00:00+00:00,517.5
2019-04-14 09:00:00+00:00,847.5
2019-04-14 10:00:00+00:00,2766.75
2019-04-14 11:00:00+00:00,607.5
2019-04-14 12:00:00+00:00,1824.0
2019-04-14 13:00:00+00:00,993.75
2019-04-14 14:00:00+00:00,691.25
2019-04-14 15:00:00+00:00,971.5
2019-04-14 16:00:00+00:00,1112.75
2019-04-14 17:00:00+00:00,1018.0
2019-04-14 18:00:00+00:00,1156.5
2019-04-14 19:00:00+00:00,537.25
2019-04-14 20:00:00+00:00,414.75
2019-04-14 21:00:00+00:00,320.25
2019-04-14 22:00:00+00:00,384.0
2019-04-14 23:00:00+00:00,381.75
2019-04-15 00:00:00+00:00,262.5
2019-04-15 01:00:00+00:00,289.0
2019-04-15 02:00:00+00:00,549.5
2019-04-15 03:00:00+00:00,739.75
2019-04-15 04:00:00+00:00,432.25
2019-04-15 05:00:00+00:00,325.5
2019-04-15 06:00:00+00:00,366.5
2019-04-15 07:00:00+00:00,370.25
2019-04-15 08:00:00+00:00,450.75
2019-04-15 09:00:00+00:00,525.75
2019-04-15 10:00:00+00:00,485.75
2019-04-15 11:00:00+00:00,387.0
2019-04-15 12:00:00+00:00,349.0
2019-04-15 13:00:00+00:00,364.5
2019-04-15 14:00:00+00:00,440.5
2019-04-15 15:00:00+00:00,486.25
2019-04-15 16:00:00+00:00,360.75
2019-04-15 17:00:00+00:00,342.0
2019-04-15 18:00:00+00:00,467.0
2019-04-15 19:00:00+00:00,615.0
2019-04-15 20:00:00+00:00,514.75
2019-04-15 21:00:00+00:00,228.75
2019-04-15 22:00:00+00:00,291.25
2019-04-15 23:00:00+00:00,255.0
2019-04-16 00:00:00+00:00,300.75
2019-04-16 01:00:00+00:00,366.0
2019-04-16 02:00:00+00:00,649.75
2019-04-16 03:00:00+00:00,877.5
2019-04-16 04:00:00+00:00,370.75
2019-04-16 05:00:00+00:00,328.25
2019-04-16 06:00:00+00:00,442.25
2019-04-16 07:00:00+00:00,657.0
2019-04-16 08:00:00+00:00,473.0
2019-04-16 09:00:00+00:00,412.0
2019-04-16 10:00:00+00:00,494.5
2019-04-16 11:00:00+00:00,433.25
2019-04-16 12:00:00+00:00,435.0
2019-04-16 13:00:00+00:00,341.25
2019-04-16 14:00:00+00:00,429.75
2019-04-16 15:00:00+00:00,585.75
2019-04-16 16:00:00+00:00,492.75
2019-04-16 17:00:00+00:00,774.0
2019-04-16 18:00:00+00:00,595.5
2019-04-16 19:00:00+00:00,424.0
2019-04-16 20:00:00+00:00,351.0
2019-04-16 21:00:00+00:00,256.25
2019-04-16 22:00:00+00:00,336.75
2019-04-16 23:00:00+00:00,344.25
2019-04-17 00:00:00+00:00,226.0
2019-04-17 01:00:00+00:00,248.5
2019-04-17 02:00:00+00:00,520.25
2019-04-17 03:00:00+00:00,912.0
2019-04-17 04:00:00+00:00,382.5
2019-04-17 05:00:00+00:00,309.75
2019-04-17 06:00:00+00:00,322.0
2019-04-17 07:00:00+00:00,538.75
2019-04-17 08:00:00+00:00,725.75
2019-04-17 09:00:00+00:00,605.75
2019-04-17 10:00:00+00:00,594.75
2019-04-17 11:00:00+00:00,436.0
2019-04-17 12:00:00+00:00,352.5
2019-04-17 13:00:00+00:00,354.25
2019-04-17 14:00:00+00:00,323.25
2019-04-17 15:00:00+00:00,229.75
2019-04-17 16:00:00+00:00,308.5
2019-04-17 17:00:00+00:00,294.5
2019-04-17 18:00:00+00:00,648.0
2019-04-17 19:00:00+00:00,582.75
2019-04-17 20:00:00+00:00,489.0
2019-04-17 21:00:00+00:00,371.25
2019-04-17 22:00:00+00:00,224.75
2019-04-17 23:00:00+00:00,286.0
2019-04-18 00:00:00+00:00,379.75
2019-04-18 01:00:00+00:00,270.25
2019-04-18 02:00:00+00:00,260.75
2019-04-18 03:00:00+00:00,731.75
2019-04-18 04:00:00+00:00,261.75
2019-04-18 05:00:00+00:00,339.25
2019-04-18 06:00:00+00:00,422.25
2019-04-18 07:00:00+00:00,353.25
2019-04-18 08:00:00+00:00,349.5
2019-04-18 09:00:00+00:00,327.0
2019-04-18 10:00:00+00:00,497.5
2019-04-18 11:00:00+00:00,488.0
2019-04-18 12:00:00+00:00,473.5
2019-04-18 13:00:00+00:00,298.5
2019-04-18 14:00:00+00:00,305.75
2019-04-18 15:00:00+00:00,275.75
2019-04-18 16:00:00+00:00,479.0
2019-04-18 17:00:00+00:00,493.75
2019-04-18 18:00:00+00:00,483.75
2019-04-18 19:00:00+00:00,567.0
2019-04-18 20:00:00+00:00,725.25
2019-04-18 21:00:00+00:00,415.75
2019-04-18 22:00:00+00:00,344.0
2019-04-18 23:00:00+00:00,270.25
2019-04-19 00:00:00+00:00,257.75
2019-04-19 01:00:00+00:00,241.75
2019-04-19 02:00:00+00:00,269.0
2019-04-19 03:00:00+00:00,470.5
2019-04-19 04:00:00+00:00,505.0
2019-04-19 05:00:00+00:00,533.25
2019-04-19 06:00:00+00:00,362.5
2019-04-19 07:00:00+00:00,391.0
2019-04-19 08:00:00+00:00,563.0
2019-04-19 09:00:00+00:00,1520.0
2019-04-19 10:00:00+00:00,1797.75
2019-04-19 11:00:00+00:00,716.75
2019-04-19 12:00:00+00:00,365.5
2019-04-19 13:00:00+00:00,386.75
2019-04-19 14:00:00+00:00,415.5
2019-04-19 15:00:00+00:00,243.0
2019-04-19 16:00:00+00:00,555.5
2019-04-19 17:00:00+00:00,1354.0
2019-04-19 18:00:00+00:00,1019.75
2019-04-19 19:00:00+00:00,816.0
2019-04-19 20:00:00+00:00,1002.5
2019-04-19 21:00:00+00:00,319.75
2019-04-19 22:00:00+00:00,344.75
2019-04-19 23:00:00+00:00,360.0
2019-04-20 00:00:00+00:00,228.0
2019-04-20 01:00:00+00:00,258.5
2019-04-20 02:00:00+00:00,267.25
2019-04-20 03:00:00+00:00,457.0
2019-04-20 04:00:00+00:00,338.0
2019-04-20 05:00:00+00:00,337.25
2019-04-20 06:00:00+00:00,693.0
2019-04-20 07:00:00+00:00,1143.25
2019-04-20 08:00:00+00:00,2653.5
2019-04-20 09:00:00+00:00,2072.75
2019-04-20 10:00:00+00:00,2936.75
2019-04-20 11:00:00+00:00,2530.75
2019-04-20 12:00:00+00:00,2256.5
2019-04-20 13:00:00+00:00,1530.25
2019-04-20 14:00:00+00:00,1273.0
2019-04-20 15:00:00+00:00,2477.0
2019-04-20 16:00:00+00:00,1044.25
2019-04-20 17:00:00+00:00,624.25
2019-04-20 18:00:00+00:00,483.25
2019-04-20 19:00:00+00:00,477.25
2019-04-20 20:00:00+00:00,481.0
2019-04-20 21:00:00+00:00,655.5
2019-04-20 22:00:00+00:00,516.25
2019-04-20 23:00:00+00:00,398.25
2019-04-21 00:00:00+00:00,289.25
2019-04-21 01:00:00+00:00,383.25
2019-04-21 02:00:00+00:00,375.5
2019-04-21 03:00:00+00:00,402.75
2019-04-21 04:00:00+00:00,239.5
2019-04-21 05:00:00+00:00,331.0
2019-04-21 06:00:00+00:00,1003.5
2019-04-21 07:00:00+00:00,1364.75
2019-04-21 08:00:00+00:00,1196.0
2019-04-21 09:00:00+00:00,1401.5
2019-04-21 10:00:00+00:00,1355.75
2019-04-21 11:00:00+00:00,1301.25
2019-04-21 12:00:00+00:00,1668.75
2019-04-21 13:00:00+00:00,1601.5
2019-04-21 14:00:00+00:00,1055.0
2019-04-21 15:00:00+00:00,1065.0
2019-04-21 16:00:00+00:00,1094.0
2019-04-21 17:00:00+00:00,555.25
2019-04-21 18:00:00+00:00,596.25
2019-04-21 19:00:00+00:00,855.25
2019-04-21 20:00:00+00:00,822.75
2019-04-21 21:00:00+00:00,610.5
2019-04-21 22:00:00+00:00,461.25
2019-04-21 23:00:00+00:00,304.5
2019-04-22 00:00:00+00:00,274.0
2019-04-22 01:00:00+00:00,357.25
2019-04-22 02:00:00+00:00,399.25
2019-04-22 03:00:00+00:00,426.75
2019-04-22 04:00:00+00:00,241.75
2019-04-22 05:00:00+00:00,336.0
2019-04-22 06:00:00+00:00,541.5
2019-04-22 07:00:00+00:00,507.25
2019-04-22 08:00:00+00:00,562.0
2019-04-22 09:00:00+00:00,493.0
2019-04-22 10:00:00+00:00,2448.25
2019-04-22 11:00:00+00:00,1514.25
2019-04-22 12:00:00+00:00,1310.75
2019-04-22 13:00:00+00:00,1347.75
2019-04-22 14:00:00+00:00,996.5
2019-04-22 15:00:00+00:00,983.25
2019-04-22 16:00:00+00:00,1046.25
2019-04-22 17:00:00+00:00,1427.5
2019-04-22 18:00:00+00:00,922.75
2019-04-22 19:00:00+00:00,574.75
2019-04-22 20:00:00+00:00,504.0
2019-04-22 21:00:00+00:00,537.0
2019-04-22 22:00:00+00:00,305.0
2019-04-22 23:00:00+00:00,268.0
2019-04-23 00:00:00+00:00,257.75
2019-04-23 01:00:00+00:00,362.0
2019-04-23 02:00:00+00:00,368.75
2019-04-23 03:00:00+00:00,654.75
2019-04-23 04:00:00+00:00,277.75
2019-04-23 05:00:00+00:00,340.25
2019-04-23 06:00:00+00:00,422.75
2019-04-23 07:00:00+00:00,337.75
2019-04-23 08:00:00+00:00,297.5
2019-04-23 09:00:00+00:00,330.5
2019-04-23 10:00:00+00:00,454.75
2019-04-23 11:00:00+00:00,398.5
2019-04-23 12:00:00+00:00,373.0
2019-04-23 13:00:00+00:00,288.0
2019-04-23 14:00:00+00:00,245.25
2019-04-23 15:00:00+00:00,1200.0
2019-04-23 16:00:00+00:00,1036.0
2019-04-23 17:00:00+00:00,1020.25
2019-04-23 18:00:00+00:00,3763.0
2019-04-23 19:00:00+00:00,3357.75
2019-04-23 20:00:00+00:00,1108.25
2019-04-23 21:00:00+00:00,275.25
2019-04-23 22:00:00+00:00,376.0
2019-04-23 23:00:00+00:00,321.0
2019-04-24 00:00:00+00:00,266.25
2019-04-24 01:00:00+00:00,279.25
2019-04-24 02:00:00+00:00,307.5
2019-04-24 03:00:00+00:00,803.0
2019-04-24 04:00:00+00:00,365.5
2019-04-24 05:00:00+00:00,343.75
2019-04-24 06:00:00+00:00,307.75
2019-04-24 07:00:00+00:00,275.5
2019-04-24 08:00:00+00:00,357.75
2019-04-24 09:00:00+00:00,480.25
2019-04-24 10:00:00+00:00,525.5
2019-04-24 11:00:00+00:00,317.75
2019-04-24 12:00:00+00:00,336.0
2019-04-24 13:00:00+00:00,285.75
2019-04-24 14:00:00+00:00,455.25
2019-04-24 15:00:00+00:00,1036.75
2019-04-24 16:00:00+00:00,768.0
2019-04-24 17:00:00+00:00,1048.75
2019-04-24 18:00:00+00:00,623.75
2019-04-24 19:00:00+00:00,578.5
2019-04-24 20:00:00+00:00,359.75
2019-04-24 21:00:00+00:00,242.75
2019-04-24 22:00:00+00:00,257.25
2019-04-24 23:00:00+00:00,253.25
2019-04-25 00:00:00+00:00,333.0
2019-04-25 01:00:00+00:00,395.5
2019-04-25 02:00:00+00:00,330.75
2019-04-25 03:00:00+00:00,712.75
2019-04-25 04:00:00+00:00,248.75
2019-04-25 05:00:00+00:00,395.75
2019-04-25 06:00:00+00:00,428.75
2019-04-25 07:00:00+00:00,373.25
2019-04-25 08:00:00+00:00,301.75
2019-04-25 09:00:00+00:00,367.0
2019-04-25 10:00:00+00:00,511.25
2019-04-25 11:00:00+00:00,452.25
2019-04-25 12:00:00+00:00,454.5
2019-04-25 13:00:00+00:00,363.0
2019-04-25 14:00:00+00:00,306.25
2019-04-25 15:00:00+00:00,687.0
2019-04-25 16:00:00+00:00,658.5
2019-04-25 17:00:00+00:00,357.25
2019-04-25 18:00:00+00:00,301.75
2019-04-25 19:00:00+00:00,852.0
2019-04-25 20:00:00+00:00,335.0
2019-04-25 21:00:00+00:00,240.25
2019-04-25 22:00:00+00:00,374.75
2019-04-25 23:00:00+00:00,351.25
2019-04-26 00:00:00+00:00,271.5
2019-04-26 01:00:00+00:00,257.5
2019-04-26 02:00:00+00:00,284.25
2019-04-26 03:00:00+00:00,466.5
2019-04-26 04:00:00+00:00,306.25
2019-04-26 05:00:00+00:00,480.0
2019-04-26 06:00:00+00:00,467.0
2019-04-26 07:00:00+00:00,323.75
2019-04-26 08:00:00+00:00,423.0
2019-04-26 09:00:00+00:00,499.0
2019-04-26 10:00:00+00:00,1655.75
2019-04-26 11:00:00+00:00,794.5
2019-04-26 12:00:00+00:00,1586.75
2019-04-26 13:00:00+00:00,1427.75
2019-04-26 14:00:00+00:00,4005.75
2019-04-26 15:00:00+00:00,1915.25
2019-04-26 16:00:00+00:00,1744.0
2019-04-26 17:00:00+00:00,649.25
2019-04-26 18:00:00+00:00,629.75
2019-04-26 19:00:00+00:00,666.25
2019-04-26 20:00:00+00:00,678.25
2019-04-26 21:00:00+00:00,392.5
2019-04-26 22:00:00+00:00,296.75
2019-04-26 23:00:00+00:00,270.75
2019-04-27 00:00:00+00:00,391.25
2019-04-27 01:00:00+00:00,358.75
2019-04-27 02:00:00+00:00,280.5
2019-04-27 03:00:00+00:00,398.75
2019-04-27 04:00:00+00:00,225.75
2019-04-27 05:00:00+00:00,289.25
2019-04-27 06:00:00+00:00,616.25
2019-04-27 07:00:00+00:00,480.75
2019-04-27 08:00:00+00:00,405.75
2019-04-27 09:00:00+00:00,445.25
2019-04-27 10:00:00+00:00,484.5
2019-04-27 11:00:00+00:00,416.5
2019-04-27 12:00:00+00:00,371.5
2019-04-27 13:00:00+00:00,347.5
2019-04-27 14:00:00+00:00,240.25
2019-04-27 15:00:00+00:00,4509.0
2019-04-27 16:00:00+00:00,2883.75
2019-04-27 17:00:00+00:00,2470.75
2019-04-27 18:00:00+00:00,900.0
2019-04-27 19:00:00+00:00,408.25
2019-04-27 20:00:00+00:00,411.5
2019-04-27 21:00:00+00:00,272.75
2019-04-27 22:00:00+00:00,311.0
2019-04-27 23:00:00+00:00,389.0
2019-04-28 00:00:00+00:00,337.0
2019-04-28 01:00:00+00:00,263.5
2019-04-28 02:00:00+00:00,295.25
2019-04-28 03:00:00+00:00,615.5
2019-04-28 04:00:00+00:00,872.25
2019-04-28 05:00:00+00:00,1983.0
2019-04-28 06:00:00+00:00,887.0
2019-04-28 07:00:00+00:00,975.75
2019-04-28 08:00:00+00:00,1383.25
2019-04-28 09:00:00+00:00,510.0
2019-04-28 10:00:00+00:00,564.0
2019-04-28 11:00:00+00:00,585.75
2019-04-28 12:00:00+00:00,2541.25
2019-04-28 13:00:00+00:00,1327.5
2019-04-28 14:00:00+00:00,498.75
2019-04-28 15:00:00+00:00,478.5
2019-04-28 16:00:00+00:00,1037.75
2019-04-28 17:00:00+00:00,535.25
2019-04-28 18:00:00+00:00,427.25
2019-04-28 19:00:00+00:00,531.5
2019-04-28 20:00:00+00:00,526.75
2019-04-28 21:00:00+00:00,396.25
2019-04-28 22:00:00+00:00,366.25
2019-04-28 23:00:00+00:00,274.0
2019-04-29 00:00:00+00:00,280.75
2019-04-29 01:00:00+00:00,275.0
2019-04-29 02:00:00+00:00,308.25
2019-04-29 03:00:00+00:00,813.75
2019-04-29 04:00:00+00:00,343.75
2019-04-29 05:00:00+00:00,328.25
2019-04-29 06:00:00+00:00,326.5
2019-04-29 07:00:00+00:00,306.0
2019-04-29 08:00:00+00:00,397.75
2019-04-29 09:00:00+00:00,708.5
2019-04-29 10:00:00+00:00,427.3333333333333
2019-04-29 11:00:00+00:00,316.25
2019-04-29 12:00:00+00:00,325.75
2019-04-29 13:00:00+00:00,345.75
2019-04-29 14:00:00+00:00,428.0
2019-04-29 15:00:00+00:00,325.75
2019-04-29 16:00:00+00:00,685.5
2019-04-29 17:00:00+00:00,512.0
2019-04-29 18:00:00+00:00,474.25
2019-04-29 19:00:00+00:00,555.0
2019-04-29 20:00:00+00:00,600.5
2019-04-29 21:00:00+00:00,332.25
2019-04-29 22:00:00+00:00,257.25
2019-04-29 23:00:00+00:00,262.5
2019-04-30 00:00:00+00:00,267.75
2019-04-30 01:00:00+00:00,256.25
2019-04-30 02:00:00+00:00,394.5
2019-04-30 03:00:00+00:00,832.0
2019-04-30 04:00:00+00:00,322.5
2019-04-30 05:00:00+00:00,387.75
2019-04-30 06:00:00+00:00,326.0
2019-04-30 07:00:00+00:00,370.25
2019-04-30 08:00:00+00:00,469.5
2019-04-30 09:00:00+00:00,504.75
2019-04-30 10:00:00+00:00,534.5
2019-04-30 11:00:00+00:00,357.25
2019-04-30 12:00:00+00:00,334.5
2019-04-30 13:00:00+00:00,452.25
2019-04-30 14:00:00+00:00,1060.25
2019-04-30 15:00:00+00:00,666.0
2019-04-30 16:00:00+00:00,357.0
2019-04-30 17:00:00+00:00,493.0
2019-04-30 18:00:00+00:00,447.75
2019-04-30 19:00:00+00:00,665.75
2019-04-30 20:00:00+00:00,459.5
2019-04-30 21:00:00+00:00,240.5
2019-04-30 22:00:00+00:00,283.5
2019-04-30 23:00:00+00:00,423.5
2019-05-01 00:00:00+00:00,386.75
2019-05-01 01:00:00+00:00,283.25
2019-05-01 02:00:00+00:00,312.25
2019-05-01 03:00:00+00:00,377.75
2019-05-01 04:00:00+00:00,284.25
2019-05-01 05:00:00+00:00,490.0
2019-05-01 06:00:00+00:00,1207.75
2019-05-01 07:00:00+00:00,952.25
2019-05-01 08:00:00+00:00,648.75
2019-05-01 09:00:00+00:00,423.0
2019-05-01 10:00:00+00:00,717.25
2019-05-01 11:00:00+00:00,396.25
2019-05-01 12:00:00+00:00,310.75
2019-05-01 13:00:00+00:00,310.5
2019-05-01 14:00:00+00:00,329.0
2019-05-01 15:00:00+00:00,375.75
2019-05-01 16:00:00+00:00,1078.25
2019-05-01 17:00:00+00:00,1216.25
2019-05-01 18:00:00+00:00,1097.0
2019-05-01 19:00:00+00:00,1342.25
2019-05-01 20:00:00+00:00,813.5
2019-05-01 21:00:00+00:00,478.75
2019-05-01 22:00:00+00:00,388.75
2019-05-01 23:00:00+00:00,286.75
2019-05-02 00:00:00+00:00,303.5
2019-05-02 01:00:00+00:00,294.25
2019-05-02 02:00:00+00:00,308.0
2019-05-02 03:00:00+00:00,614.25
2019-05-02 04:00:00+00:00,452.25
2019-05-02 05:00:00+00:00,745.25
2019-05-02 06:00:00+00:00,1125.25
2019-05-02 07:00:00+00:00,1128.5
2019-05-02 08:00:00+00:00,518.5
2019-05-02 09:00:00+00:00,520.0
2019-05-02 10:00:00+00:00,1382.0
2019-05-02 11:00:00+00:00,630.75
2019-05-02 12:00:00+00:00,364.75
2019-05-02 13:00:00+00:00,441.5
2019-05-02 14:00:00+00:00,500.0
2019-05-02 15:00:00+00:00,471.0
2019-05-02 16:00:00+00:00,419.0
2019-05-02 17:00:00+00:00,327.75
2019-05-02 18:00:00+00:00,383.5
2019-05-02 19:00:00+00:00,654.0
2019-05-02 20:00:00+00:00,601.0
2019-05-02 21:00:00+00:00,277.5
2019-05-02 22:00:00+00:00,247.0
2019-05-02 23:00:00+00:00,250.75
2019-05-03 00:00:00+00:00,390.5
2019-05-03 01:00:00+00:00,341.0
2019-05-03 02:00:00+00:00,265.0
2019-05-03 03:00:00+00:00,651.5
2019-05-03 04:00:00+00:00,800.25
2019-05-03 05:00:00+00:00,1254.75
2019-05-03 06:00:00+00:00,876.5
2019-05-03 07:00:00+00:00,2679.25
2019-05-03 08:00:00+00:00,2369.0
2019-05-03 09:00:00+00:00,2434.5
2019-05-03 10:00:00+00:00,1709.5
2019-05-03 11:00:00+00:00,553.0
2019-05-03 12:00:00+00:00,385.0
2019-05-03 13:00:00+00:00,333.25
2019-05-03 14:00:00+00:00,347.0
2019-05-03 15:00:00+00:00,531.5
2019-05-03 16:00:00+00:00,523.5
2019-05-03 17:00:00+00:00,416.0
2019-05-03 18:00:00+00:00,1146.0
2019-05-03 19:00:00+00:00,814.25
2019-05-03 20:00:00+00:00,500.5
2019-05-03 21:00:00+00:00,484.5
2019-05-03 22:00:00+00:00,403.25
2019-05-03 23:00:00+00:00,302.25
2019-05-04 00:00:00+00:00,259.5
2019-05-04 01:00:00+00:00,272.0
2019-05-04 02:00:00+00:00,336.25
2019-05-04 03:00:00+00:00,493.75
2019-05-04 04:00:00+00:00,319.5
2019-05-04 05:00:00+00:00,225.0
2019-05-04 06:00:00+00:00,380.75
2019-05-04 07:00:00+00:00,532.0
2019-05-04 08:00:00+00:00,599.5
2019-05-04 09:00:00+00:00,381.0
2019-05-04 10:00:00+00:00,364.5
2019-05-04 11:00:00+00:00,2945.75
2019-05-04 12:00:00+00:00,3589.0
2019-05-04 13:00:00+00:00,2002.75
2019-05-04 14:00:00+00:00,995.25
2019-05-04 15:00:00+00:00,2239.25
2019-05-04 16:00:00+00:00,1493.25
2019-05-04 17:00:00+00:00,1084.75
2019-05-04 18:00:00+00:00,1806.75
2019-05-04 19:00:00+00:00,2533.25
2019-05-04 20:00:00+00:00,653.5
2019-05-04 21:00:00+00:00,439.5
2019-05-04 22:00:00+00:00,385.25
2019-05-04 23:00:00+00:00,431.0
2019-05-05 00:00:00+00:00,339.25
2019-05-05 01:00:00+00:00,408.75
2019-05-05 02:00:00+00:00,729.5
2019-05-05 03:00:00+00:00,455.5
2019-05-05 04:00:00+00:00,258.25
2019-05-05 05:00:00+00:00,769.75
2019-05-05 06:00:00+00:00,1373.5
2019-05-05 07:00:00+00:00,1868.5
2019-05-05 08:00:00+00:00,1751.25
2019-05-05 09:00:00+00:00,2076.0
2019-05-05 10:00:00+00:00,928.0
2019-05-05 11:00:00+00:00,394.5
2019-05-05 12:00:00+00:00,945.75
2019-05-05 13:00:00+00:00,1521.25
2019-05-05 14:00:00+00:00,499.25
2019-05-05 15:00:00+00:00,399.25
2019-05-05 16:00:00+00:00,1270.5
2019-05-05 17:00:00+00:00,1060.0
2019-05-05 18:00:00+00:00,776.0
2019-05-05 19:00:00+00:00,1032.0
2019-05-05 20:00:00+00:00,583.75
2019-05-05 21:00:00+00:00,350.5
2019-05-05 22:00:00+00:00,325.25
2019-05-05 23:00:00+00:00,363.0
2019-05-06 00:00:00+00:00,270.75
2019-05-06 01:00:00+00:00,262.0
2019-05-06 02:00:00+00:00,305.0
2019-05-06 03:00:00+00:00,854.5
2019-05-06 04:00:00+00:00,485.0
2019-05-06 05:00:00+00:00,352.5
2019-05-06 06:00:00+00:00,356.75
2019-05-06 07:00:00+00:00,328.25
2019-05-06 08:00:00+00:00,379.5
2019-05-06 09:00:00+00:00,445.25
2019-05-06 10:00:00+00:00,474.75
2019-05-06 11:00:00+00:00,324.75
2019-05-06 12:00:00+00:00,645.75
2019-05-06 13:00:00+00:00,420.0
2019-05-06 14:00:00+00:00,680.25
2019-05-06 15:00:00+00:00,2830.5
2019-05-06 16:00:00+00:00,2786.75
2019-05-06 17:00:00+00:00,1483.25
2019-05-06 18:00:00+00:00,3756.0
2019-05-06 19:00:00+00:00,2166.25
2019-05-06 20:00:00+00:00,817.0
2019-05-06 21:00:00+00:00,488.25
2019-05-06 22:00:00+00:00,295.5
2019-05-06 23:00:00+00:00,302.0
2019-05-07 00:00:00+00:00,364.25
2019-05-07 01:00:00+00:00,390.0
2019-05-07 02:00:00+00:00,304.25
2019-05-07 03:00:00+00:00,652.0
2019-05-07 04:00:00+00:00,297.25
2019-05-07 05:00:00+00:00,373.25
2019-05-07 06:00:00+00:00,443.5
2019-05-07 07:00:00+00:00,482.0
2019-05-07 08:00:00+00:00,452.75
2019-05-07 09:00:00+00:00,435.75
2019-05-07 10:00:00+00:00,391.75
2019-05-07 11:00:00+00:00,418.25
2019-05-07 12:00:00+00:00,451.75
2019-05-07 13:00:00+00:00,486.0
2019-05-07 14:00:00+00:00,375.0
2019-05-07 15:00:00+00:00,429.25
2019-05-07 16:00:00+00:00,712.75
2019-05-07 17:00:00+00:00,544.5
2019-05-07 18:00:00+00:00,527.5
2019-05-07 19:00:00+00:00,625.75
2019-05-07 20:00:00+00:00,444.5
2019-05-07 21:00:00+00:00,300.25
2019-05-07 22:00:00+00:00,395.5
2019-05-07 23:00:00+00:00,448.0
2019-05-08 00:00:00+00:00,358.75
2019-05-08 01:00:00+00:00,340.0
2019-05-08 02:00:00+00:00,309.25
2019-05-08 03:00:00+00:00,608.0
2019-05-08 04:00:00+00:00,336.0
2019-05-08 05:00:00+00:00,425.25
2019-05-08 06:00:00+00:00,323.0
2019-05-08 07:00:00+00:00,349.0
2019-05-08 08:00:00+00:00,319.25
2019-05-08 09:00:00+00:00,244.5
2019-05-08 10:00:00+00:00,505.5
2019-05-08 11:00:00+00:00,364.25
2019-05-08 12:00:00+00:00,253.0
2019-05-08 13:00:00+00:00,306.0
2019-05-08 14:00:00+00:00,386.75
2019-05-08 15:00:00+00:00,391.25
2019-05-08 16:00:00+00:00,540.5
2019-05-08 17:00:00+00:00,374.75
2019-05-08 18:00:00+00:00,5230.5
2019-05-08 19:00:00+00:00,2691.5
2019-05-08 20:00:00+00:00,399.25
2019-05-08 21:00:00+00:00,298.0
2019-05-08 22:00:00+00:00,359.25
2019-05-08 23:00:00+00:00,312.0
2019-05-09 00:00:00+00:00,297.25
2019-05-09 01:00:00+00:00,268.75
2019-05-09 02:00:00+00:00,271.5
2019-05-09 03:00:00+00:00,859.25
2019-05-09 04:00:00+00:00,360.75
2019-05-09 05:00:00+00:00,258.0
2019-05-09 06:00:00+00:00,322.75
2019-05-09 07:00:00+00:00,375.5
2019-05-09 08:00:00+00:00,331.0
2019-05-09 09:00:00+00:00,471.0
2019-05-09 10:00:00+00:00,691.5
2019-05-09 11:00:00+00:00,749.25
2019-05-09 12:00:00+00:00,1224.25
2019-05-09 13:00:00+00:00,428.75
2019-05-09 14:00:00+00:00,585.5
2019-05-09 15:00:00+00:00,656.0
2019-05-09 16:00:00+00:00,972.5
2019-05-09 17:00:00+00:00,493.25
2019-05-09 18:00:00+00:00,448.25
2019-05-09 19:00:00+00:00,513.5
2019-05-09 20:00:00+00:00,456.25
2019-05-09 21:00:00+00:00,454.25
2019-05-09 22:00:00+00:00,393.0
2019-05-09 23:00:00+00:00,261.75
2019-05-10 00:00:00+00:00,233.5
2019-05-10 01:00:00+00:00,261.5
2019-05-10 02:00:00+00:00,233.5
2019-05-10 03:00:00+00:00,619.25
2019-05-10 04:00:00+00:00,316.5
2019-05-10 05:00:00+00:00,723.0
2019-05-10 06:00:00+00:00,456.75
2019-05-10 07:00:00+00:00,445.0
2019-05-10 08:00:00+00:00,431.25
2019-05-10 09:00:00+00:00,543.25
2019-05-10 10:00:00+00:00,543.5
2019-05-10 11:00:00+00:00,476.5
2019-05-10 12:00:00+00:00,419.25
2019-05-10 13:00:00+00:00,407.75
2019-05-10 14:00:00+00:00,863.75
2019-05-10 15:00:00+00:00,866.5
2019-05-10 16:00:00+00:00,622.25
2019-05-10 17:00:00+00:00,428.75
2019-05-10 18:00:00+00:00,3979.5
2019-05-10 19:00:00+00:00,2438.25
2019-05-10 20:00:00+00:00,870.0
2019-05-10 21:00:00+00:00,504.25
2019-05-10 22:00:00+00:00,233.25
2019-05-10 23:00:00+00:00,281.25
2019-05-11 00:00:00+00:00,275.5
2019-05-11 01:00:00+00:00,309.25
2019-05-11 02:00:00+00:00,372.5
2019-05-11 03:00:00+00:00,379.75
2019-05-11 04:00:00+00:00,519.0
2019-05-11 05:00:00+00:00,225.25
2019-05-11 06:00:00+00:00,908.75
2019-05-11 07:00:00+00:00,1165.75
2019-05-11 08:00:00+00:00,1352.5
2019-05-11 09:00:00+00:00,2443.0
2019-05-11 10:00:00+00:00,2151.75
2019-05-11 11:00:00+00:00,2400.25
2019-05-11 12:00:00+00:00,1650.0
2019-05-11 13:00:00+00:00,2864.5
2019-05-11 14:00:00+00:00,2089.75
2019-05-11 15:00:00+00:00,2154.25
2019-05-11 16:00:00+00:00,580.0
2019-05-11 17:00:00+00:00,490.75
2019-05-11 18:00:00+00:00,580.75
2019-05-11 19:00:00+00:00,561.5
2019-05-11 20:00:00+00:00,575.5
2019-05-11 21:00:00+00:00,275.5
2019-05-11 22:00:00+00:00,379.75
2019-05-11 23:00:00+00:00,321.5
2019-05-12 00:00:00+00:00,257.5
2019-05-12 01:00:00+00:00,230.25
2019-05-12 02:00:00+00:00,263.0
2019-05-12 03:00:00+00:00,440.75
2019-05-12 04:00:00+00:00,365.0
2019-05-12 05:00:00+00:00,537.75
2019-05-12 06:00:00+00:00,406.5
2019-05-12 07:00:00+00:00,350.5
2019-05-12 08:00:00+00:00,656.25
2019-05-12 09:00:00+00:00,809.75
2019-05-12 10:00:00+00:00,593.25
2019-05-12 11:00:00+00:00,1039.25
2019-05-12 12:00:00+00:00,1467.25
2019-05-12 13:00:00+00:00,604.75
2019-05-12 14:00:00+00:00,538.0
2019-05-12 15:00:00+00:00,488.0
2019-05-12 16:00:00+00:00,419.75
2019-05-12 17:00:00+00:00,580.75
2019-05-12 18:00:00+00:00,291.75
2019-05-12 19:00:00+00:00,585.25
2019-05-12 20:00:00+00:00,553.25
2019-05-12 21:00:00+00:00,300.25
2019-05-12 22:00:00+00:00,278.25
2019-05-12 23:00:00+00:00,247.75
2019-05-13 00:00:00+00:00,272.75
2019-05-13 01:00:00+00:00,372.0
2019-05-13 02:00:00+00:00,321.5
2019-05-13 03:00:00+00:00,589.0
2019-05-13 04:00:00+00:00,264.25
2019-05-13 05:00:00+00:00,383.5
2019-05-13 06:00:00+00:00,410.5
2019-05-13 07:00:00+00:00,961.75
2019-05-13 08:00:00+00:00,408.75
2019-05-13 09:00:00+00:00,493.75
2019-05-13 10:00:00+00:00,757.5
2019-05-13 11:00:00+00:00,633.5
2019-05-13 12:00:00+00:00,476.25
2019-05-13 13:00:00+00:00,373.5
2019-05-13 14:00:00+00:00,304.25
2019-05-13 15:00:00+00:00,322.0
2019-05-13 16:00:00+00:00,1602.25
2019-05-13 17:00:00+00:00,1683.25
2019-05-13 18:00:00+00:00,248.75
2019-05-13 19:00:00+00:00,425.25
2019-05-13 20:00:00+00:00,413.25
2019-05-13 21:00:00+00:00,404.5
2019-05-13 22:00:00+00:00,374.5
2019-05-13 23:00:00+00:00,286.25
2019-05-14 00:00:00+00:00,256.0
2019-05-14 01:00:00+00:00,280.5
2019-05-14 02:00:00+00:00,281.75
2019-05-14 03:00:00+00:00,706.5
2019-05-14 04:00:00+00:00,407.5
2019-05-14 05:00:00+00:00,333.75
2019-05-14 06:00:00+00:00,336.5
2019-05-14 07:00:00+00:00,348.25
2019-05-14 08:00:00+00:00,441.75
2019-05-14 09:00:00+00:00,526.5
2019-05-14 10:00:00+00:00,589.0
2019-05-14 11:00:00+00:00,331.75
2019-05-14 12:00:00+00:00,343.5
2019-05-14 13:00:00+00:00,449.5
2019-05-14 14:00:00+00:00,581.5
2019-05-14 15:00:00+00:00,549.0
2019-05-14 16:00:00+00:00,678.75
2019-05-14 17:00:00+00:00,1236.0
2019-05-14 18:00:00+00:00,365.25
2019-05-14 19:00:00+00:00,511.5
2019-05-14 20:00:00+00:00,625.5
2019-05-14 21:00:00+00:00,439.25
2019-05-14 22:00:00+00:00,279.0
2019-05-14 23:00:00+00:00,257.5
2019-05-15 00:00:00+00:00,260.25
2019-05-15 01:00:00+00:00,385.75
2019-05-15 02:00:00+00:00,373.0
2019-05-15 03:00:00+00:00,477.75
2019-05-15 04:00:00+00:00,337.75
2019-05-15 05:00:00+00:00,380.75
2019-05-15 06:00:00+00:00,486.75
2019-05-15 07:00:00+00:00,423.75
2019-05-15 08:00:00+00:00,366.5
2019-05-15 09:00:00+00:00,401.25
2019-05-15 10:00:00+00:00,480.25
2019-05-15 11:00:00+00:00,393.0
2019-05-15 12:00:00+00:00,450.75
2019-05-15 13:00:00+00:00,426.0
2019-05-15 14:00:00+00:00,332.75
2019-05-15 15:00:00+00:00,334.25
2019-05-15 16:00:00+00:00,483.5
2019-05-15 17:00:00+00:00,312.75
2019-05-15 18:00:00+00:00,649.75
2019-05-15 19:00:00+00:00,478.5
2019-05-15 20:00:00+00:00,273.0
2019-05-15 21:00:00+00:00,239.75
2019-05-15 22:00:00+00:00,228.0
2019-05-15 23:00:00+00:00,379.5
2019-05-16 00:00:00+00:00,341.25
2019-05-16 01:00:00+00:00,278.0
2019-05-16 02:00:00+00:00,251.0
2019-05-16 03:00:00+00:00,973.5
2019-05-16 04:00:00+00:00,363.75
2019-05-16 05:00:00+00:00,362.75
2019-05-16 06:00:00+00:00,335.75
2019-05-16 07:00:00+00:00,335.25
2019-05-16 08:00:00+00:00,325.5
2019-05-16 09:00:00+00:00,396.5
2019-05-16 10:00:00+00:00,481.75
2019-05-16 11:00:00+00:00,331.25
2019-05-16 12:00:00+00:00,358.5
2019-05-16 13:00:00+00:00,495.25
2019-05-16 14:00:00+00:00,444.75
2019-05-16 15:00:00+00:00,448.25
2019-05-16 16:00:00+00:00,426.25
2019-05-16 17:00:00+00:00,1055.25
2019-05-16 18:00:00+00:00,4808.5
2019-05-16 19:00:00+00:00,1211.75
2019-05-16 20:00:00+00:00,473.5
2019-05-16 21:00:00+00:00,540.0
2019-05-16 22:00:00+00:00,391.5
2019-05-16 23:00:00+00:00,278.75
2019-05-17 00:00:00+00:00,282.0
2019-05-17 01:00:00+00:00,286.0
2019-05-17 02:00:00+00:00,278.5
2019-05-17 03:00:00+00:00,553.75
2019-05-17 04:00:00+00:00,440.5
2019-05-17 05:00:00+00:00,328.25
2019-05-17 06:00:00+00:00,660.5
2019-05-17 07:00:00+00:00,1617.25
2019-05-17 08:00:00+00:00,1582.0
2019-05-17 09:00:00+00:00,1502.5
2019-05-17 10:00:00+00:00,1075.0
2019-05-17 11:00:00+00:00,2152.75
2019-05-17 12:00:00+00:00,1784.5
2019-05-17 13:00:00+00:00,457.25
2019-05-17 14:00:00+00:00,935.25
2019-05-17 15:00:00+00:00,566.75
2019-05-17 16:00:00+00:00,229.25
2019-05-17 17:00:00+00:00,618.75
2019-05-17 18:00:00+00:00,894.75
2019-05-17 19:00:00+00:00,1213.0
2019-05-17 20:00:00+00:00,785.5
2019-05-17 21:00:00+00:00,456.5
2019-05-17 22:00:00+00:00,243.0
2019-05-17 23:00:00+00:00,274.5
2019-05-18 00:00:00+00:00,297.0
2019-05-18 01:00:00+00:00,357.75
2019-05-18 02:00:00+00:00,379.5
2019-05-18 03:00:00+00:00,356.0
2019-05-18 04:00:00+00:00,219.0
2019-05-18 05:00:00+00:00,341.75
2019-05-18 06:00:00+00:00,530.25
2019-05-18 07:00:00+00:00,478.0
2019-05-18 08:00:00+00:00,479.5
2019-05-18 09:00:00+00:00,593.5
2019-05-18 10:00:00+00:00,570.0
2019-05-18 11:00:00+00:00,308.75
2019-05-18 12:00:00+00:00,390.75
2019-05-18 13:00:00+00:00,349.25
2019-05-18 14:00:00+00:00,261.25
2019-05-18 15:00:00+00:00,1685.25
2019-05-18 16:00:00+00:00,1045.5
2019-05-18 17:00:00+00:00,543.5
2019-05-18 18:00:00+00:00,3607.0
2019-05-18 19:00:00+00:00,3488.25
2019-05-18 20:00:00+00:00,355.75
2019-05-18 21:00:00+00:00,446.75
2019-05-18 22:00:00+00:00,378.75
2019-05-18 23:00:00+00:00,245.25
2019-05-19 00:00:00+00:00,272.75
2019-05-19 01:00:00+00:00,341.75
2019-05-19 02:00:00+00:00,371.75
2019-05-19 03:00:00+00:00,375.75
2019-05-19 04:00:00+00:00,266.25
2019-05-19 05:00:00+00:00,350.75
2019-05-19 06:00:00+00:00,340.5
2019-05-19 07:00:00+00:00,561.5
2019-05-19 08:00:00+00:00,455.5
2019-05-19 09:00:00+00:00,1635.75
2019-05-19 10:00:00+00:00,1402.0
2019-05-19 11:00:00+00:00,470.0
2019-05-19 12:00:00+00:00,774.5
2019-05-19 13:00:00+00:00,721.0
2019-05-19 14:00:00+00:00,269.25
2019-05-19 15:00:00+00:00,360.0
2019-05-19 16:00:00+00:00,268.5
2019-05-19 17:00:00+00:00,328.5
2019-05-19 18:00:00+00:00,832.5
2019-05-19 19:00:00+00:00,1004.0
2019-05-19 20:00:00+00:00,731.5
2019-05-19 21:00:00+00:00,480.25
2019-05-19 22:00:00+00:00,468.75
2019-05-19 23:00:00+00:00,369.75
2019-05-20 00:00:00+00:00,252.5
2019-05-20 01:00:00+00:00,234.0
2019-05-20 02:00:00+00:00,399.25
2019-05-20 03:00:00+00:00,707.75
2019-05-20 04:00:00+00:00,269.5
2019-05-20 05:00:00+00:00,242.0
2019-05-20 06:00:00+00:00,284.25
2019-05-20 07:00:00+00:00,211.75
2019-05-20 08:00:00+00:00,297.5
2019-05-20 09:00:00+00:00,377.0
2019-05-20 10:00:00+00:00,653.5
2019-05-20 11:00:00+00:00,390.25
2019-05-20 12:00:00+00:00,376.75
2019-05-20 13:00:00+00:00,409.25
2019-05-20 14:00:00+00:00,287.5
2019-05-20 15:00:00+00:00,214.25
2019-05-20 16:00:00+00:00,737.5
2019-05-20 17:00:00+00:00,695.75
2019-05-20 18:00:00+00:00,570.5
2019-05-20 19:00:00+00:00,574.0
2019-05-20 20:00:00+00:00,269.0
2019-05-20 21:00:00+00:00,225.5
2019-05-20 22:00:00+00:00,228.5
2019-05-20 23:00:00+00:00,313.0
2019-05-21 00:00:00+00:00,344.75
2019-05-21 01:00:00+00:00,258.25
2019-05-21 02:00:00+00:00,240.0
2019-05-21 03:00:00+00:00,673.0
2019-05-21 04:00:00+00:00,353.0
2019-05-21 05:00:00+00:00,263.5
2019-05-21 06:00:00+00:00,189.75
2019-05-21 07:00:00+00:00,254.25
2019-05-21 08:00:00+00:00,452.5
2019-05-21 09:00:00+00:00,318.0
2019-05-21 10:00:00+00:00,484.5
2019-05-21 11:00:00+00:00,406.5
2019-05-21 12:00:00+00:00,263.5
2019-05-21 13:00:00+00:00,217.25
2019-05-21 14:00:00+00:00,266.75
2019-05-21 15:00:00+00:00,264.0
2019-05-21 16:00:00+00:00,489.75
2019-05-21 17:00:00+00:00,3359.0
2019-05-21 18:00:00+00:00,2325.25
2019-05-21 19:00:00+00:00,1888.5
2019-05-21 20:00:00+00:00,451.0
2019-05-21 21:00:00+00:00,333.0
2019-05-21 22:00:00+00:00,393.75
2019-05-21 23:00:00+00:00,281.75
2019-05-22 00:00:00+00:00,243.5
2019-05-22 01:00:00+00:00,244.75
2019-05-22 02:00:00+00:00,280.0
2019-05-22 03:00:00+00:00,755.0
2019-05-22 04:00:00+00:00,363.75
2019-05-22 05:00:00+00:00,187.0
2019-05-22 06:00:00+00:00,197.75
2019-05-22 07:00:00+00:00,251.25
2019-05-22 08:00:00+00:00,307.0
2019-05-22 09:00:00+00:00,411.75
2019-05-22 10:00:00+00:00,526.0
2019-05-22 11:00:00+00:00,1145.5
2019-05-22 12:00:00+00:00,537.0
2019-05-22 13:00:00+00:00,768.25
2019-05-22 14:00:00+00:00,702.0
2019-05-22 15:00:00+00:00,629.5
2019-05-22 16:00:00+00:00,589.0
2019-05-22 17:00:00+00:00,235.75
2019-05-22 18:00:00+00:00,289.25
2019-05-22 19:00:00+00:00,531.25
2019-05-22 20:00:00+00:00,521.25
2019-05-22 21:00:00+00:00,345.5
2019-05-22 22:00:00+00:00,268.25
2019-05-22 23:00:00+00:00,251.75
2019-05-23 00:00:00+00:00,265.0
2019-05-23 01:00:00+00:00,262.25
2019-05-23 02:00:00+00:00,388.5
2019-05-23 03:00:00+00:00,543.5
2019-05-23 04:00:00+00:00,204.5
2019-05-23 05:00:00+00:00,404.5
2019-05-23 06:00:00+00:00,341.0
2019-05-23 07:00:00+00:00,301.0
2019-05-23 08:00:00+00:00,403.0
2019-05-23 09:00:00+00:00,412.75
2019-05-23 10:00:00+00:00,552.25
2019-05-23 11:00:00+00:00,383.0
2019-05-23 12:00:00+00:00,338.5
2019-05-23 13:00:00+00:00,312.0
2019-05-23 14:00:00+00:00,363.75
2019-05-23 15:00:00+00:00,319.5
2019-05-23 16:00:00+00:00,315.5
2019-05-23 17:00:00+00:00,372.25
2019-05-23 18:00:00+00:00,221.0
2019-05-23 19:00:00+00:00,418.75
2019-05-23 20:00:00+00:00,506.75
2019-05-23 21:00:00+00:00,370.75
2019-05-23 22:00:00+00:00,242.75
2019-05-23 23:00:00+00:00,262.25
2019-05-24 00:00:00+00:00,276.75
2019-05-24 01:00:00+00:00,293.25
2019-05-24 02:00:00+00:00,376.0
2019-05-24 03:00:00+00:00,507.5
2019-05-24 04:00:00+00:00,272.0
2019-05-24 05:00:00+00:00,345.75
2019-05-24 06:00:00+00:00,306.0
2019-05-24 07:00:00+00:00,337.25
2019-05-24 08:00:00+00:00,398.75
2019-05-24 09:00:00+00:00,410.25
2019-05-24 10:00:00+00:00,495.0
2019-05-24 11:00:00+00:00,306.75
2019-05-24 12:00:00+00:00,314.75
2019-05-24 13:00:00+00:00,338.75
2019-05-24 14:00:00+00:00,352.25
2019-05-24 15:00:00+00:00,275.25
2019-05-24 16:00:00+00:00,232.25
2019-05-24 17:00:00+00:00,590.0
2019-05-24 18:00:00+00:00,852.0
2019-05-24 19:00:00+00:00,590.75
2019-05-24 20:00:00+00:00,561.25
2019-05-24 21:00:00+00:00,192.75
2019-05-24 22:00:00+00:00,242.5
2019-05-24 23:00:00+00:00,239.25
2019-05-25 00:00:00+00:00,233.0
2019-05-25 01:00:00+00:00,391.25
2019-05-25 02:00:00+00:00,365.75
2019-05-25 03:00:00+00:00,400.0
2019-05-25 04:00:00+00:00,281.75
2019-05-25 05:00:00+00:00,299.25
2019-05-25 06:00:00+00:00,415.0
2019-05-25 07:00:00+00:00,468.75
2019-05-25 08:00:00+00:00,389.5
2019-05-25 09:00:00+00:00,427.5
2019-05-25 10:00:00+00:00,460.75
2019-05-25 11:00:00+00:00,332.5
2019-05-25 12:00:00+00:00,380.25
2019-05-25 13:00:00+00:00,363.75
2019-05-25 14:00:00+00:00,261.75
2019-05-25 15:00:00+00:00,305.25
2019-05-25 16:00:00+00:00,1790.5
2019-05-25 17:00:00+00:00,1184.5
2019-05-25 18:00:00+00:00,439.5
2019-05-25 19:00:00+00:00,594.75
2019-05-25 20:00:00+00:00,506.25
2019-05-25 21:00:00+00:00,422.0
2019-05-25 22:00:00+00:00,359.5
2019-05-25 23:00:00+00:00,288.5
2019-05-26 00:00:00+00:00,240.75
2019-05-26 01:00:00+00:00,238.0
2019-05-26 02:00:00+00:00,316.0
2019-05-26 03:00:00+00:00,448.0
2019-05-26 04:00:00+00:00,305.75
2019-05-26 05:00:00+00:00,447.0
2019-05-26 06:00:00+00:00,1454.0
2019-05-26 07:00:00+00:00,891.25
2019-05-26 08:00:00+00:00,612.5
2019-05-26 09:00:00+00:00,2038.25
2019-05-26 10:00:00+00:00,1553.5
2019-05-26 11:00:00+00:00,1154.25
2019-05-26 12:00:00+00:00,1071.75
2019-05-26 13:00:00+00:00,911.75
2019-05-26 14:00:00+00:00,248.5
2019-05-26 15:00:00+00:00,289.0
2019-05-26 16:00:00+00:00,317.25
2019-05-26 17:00:00+00:00,438.25
2019-05-26 18:00:00+00:00,595.25
2019-05-26 19:00:00+00:00,900.5
2019-05-26 20:00:00+00:00,715.0
2019-05-26 21:00:00+00:00,503.5
2019-05-26 22:00:00+00:00,352.25
2019-05-26 23:00:00+00:00,246.75
2019-05-27 00:00:00+00:00,252.5
2019-05-27 01:00:00+00:00,241.25
2019-05-27 02:00:00+00:00,422.5
2019-05-27 03:00:00+00:00,696.25
2019-05-27 04:00:00+00:00,284.75
2019-05-27 05:00:00+00:00,326.75
2019-05-27 06:00:00+00:00,289.75
2019-05-27 07:00:00+00:00,334.25
2019-05-27 08:00:00+00:00,336.0
2019-05-27 09:00:00+00:00,329.75
2019-05-27 10:00:00+00:00,410.75
2019-05-27 11:00:00+00:00,294.0
2019-05-27 12:00:00+00:00,519.75
2019-05-27 13:00:00+00:00,339.5
2019-05-27 14:00:00+00:00,345.5
2019-05-27 15:00:00+00:00,1371.5
2019-05-27 16:00:00+00:00,781.5
2019-05-27 17:00:00+00:00,746.25
2019-05-27 18:00:00+00:00,1369.0
2019-05-27 19:00:00+00:00,940.5
2019-05-27 20:00:00+00:00,420.25
2019-05-27 21:00:00+00:00,171.0
2019-05-27 22:00:00+00:00,139.25
2019-05-27 23:00:00+00:00,229.25
2019-05-28 00:00:00+00:00,260.0
2019-05-28 01:00:00+00:00,163.0
2019-05-28 02:00:00+00:00,144.75
2019-05-28 03:00:00+00:00,749.0
2019-05-28 04:00:00+00:00,251.5
2019-05-28 05:00:00+00:00,389.5
2019-05-28 06:00:00+00:00,358.5
2019-05-28 07:00:00+00:00,222.75
2019-05-28 08:00:00+00:00,232.0
2019-05-28 09:00:00+00:00,289.5
2019-05-28 10:00:00+00:00,512.0
2019-05-28 11:00:00+00:00,384.0
2019-05-28 12:00:00+00:00,311.5
2019-05-28 13:00:00+00:00,270.5
2019-05-28 14:00:00+00:00,259.0
2019-05-28 15:00:00+00:00,286.5
2019-05-28 16:00:00+00:00,495.0
2019-05-28 17:00:00+00:00,490.75
2019-05-28 18:00:00+00:00,675.5
2019-05-28 19:00:00+00:00,771.5
2019-05-28 20:00:00+00:00,507.0
2019-05-28 21:00:00+00:00,320.5
2019-05-28 22:00:00+00:00,362.5
2019-05-28 23:00:00+00:00,319.0
2019-05-29 00:00:00+00:00,261.0
2019-05-29 01:00:00+00:00,233.25
2019-05-29 02:00:00+00:00,241.75
2019-05-29 03:00:00+00:00,1171.5
2019-05-29 04:00:00+00:00,728.75
2019-05-29 05:00:00+00:00,349.0
2019-05-29 06:00:00+00:00,300.25
2019-05-29 07:00:00+00:00,291.75
2019-05-29 08:00:00+00:00,307.25
2019-05-29 09:00:00+00:00,613.75
2019-05-29 10:00:00+00:00,499.75
2019-05-29 11:00:00+00:00,379.75
2019-05-29 12:00:00+00:00,360.75
2019-05-29 13:00:00+00:00,800.75
2019-05-29 14:00:00+00:00,489.75
2019-05-29 15:00:00+00:00,473.5
2019-05-29 16:00:00+00:00,721.5
2019-05-29 17:00:00+00:00,502.25
2019-05-29 18:00:00+00:00,684.0
2019-05-29 19:00:00+00:00,4817.25
2019-05-29 20:00:00+00:00,1434.75
2019-05-29 21:00:00+00:00,585.0
2019-05-29 22:00:00+00:00,488.25
2019-05-29 23:00:00+00:00,310.0
2019-05-30 00:00:00+00:00,272.0
2019-05-30 01:00:00+00:00,288.25
2019-05-30 02:00:00+00:00,317.0
2019-05-30 03:00:00+00:00,501.5
2019-05-30 04:00:00+00:00,517.5
2019-05-30 05:00:00+00:00,418.75
2019-05-30 06:00:00+00:00,635.75
2019-05-30 07:00:00+00:00,333.25
2019-05-30 08:00:00+00:00,354.75
2019-05-30 09:00:00+00:00,523.75
2019-05-30 10:00:00+00:00,665.25
2019-05-30 11:00:00+00:00,493.5
2019-05-30 12:00:00+00:00,361.0
2019-05-30 13:00:00+00:00,319.5
2019-05-30 14:00:00+00:00,296.5
2019-05-30 15:00:00+00:00,338.75
2019-05-30 16:00:00+00:00,1102.5
2019-05-30 17:00:00+00:00,929.0
2019-05-30 18:00:00+00:00,468.75
2019-05-30 19:00:00+00:00,713.0
2019-05-30 20:00:00+00:00,579.0
2019-05-30 21:00:00+00:00,347.25
2019-05-30 22:00:00+00:00,249.25
2019-05-30 23:00:00+00:00,136.75
2019-05-31 00:00:00+00:00,141.75
2019-05-31 01:00:00+00:00,132.75
2019-05-31 02:00:00+00:00,194.25
2019-05-31 03:00:00+00:00,541.75
2019-05-31 04:00:00+00:00,337.5
2019-05-31 05:00:00+00:00,680.0
2019-05-31 06:00:00+00:00,1472.75
2019-05-31 07:00:00+00:00,377.5
2019-05-31 08:00:00+00:00,453.5
2019-05-31 09:00:00+00:00,419.25
2019-05-31 10:00:00+00:00,1048.0
2019-05-31 11:00:00+00:00,463.0
2019-05-31 12:00:00+00:00,325.75
2019-05-31 13:00:00+00:00,305.0
2019-05-31 14:00:00+00:00,829.0
2019-05-31 15:00:00+00:00,303.5
2019-05-31 16:00:00+00:00,1227.0
2019-05-31 17:00:00+00:00,859.0
2019-05-31 18:00:00+00:00,450.0
2019-05-31 19:00:00+00:00,307.5
2019-05-31 20:00:00+00:00,415.5
2019-05-31 21:00:00+00:00,314.5
2019-05-31 22:00:00+00:00,168.5
2019-05-31 23:00:00+00:00,208.5
2019-06-01 00:00:00+00:00,226.75
2019-06-01 01:00:00+00:00,308.75
2019-06-01 02:00:00+00:00,361.0
2019-06-01 03:00:00+00:00,374.0
2019-06-01 04:00:00+00:00,252.25
2019-06-01 05:00:00+00:00,324.75
2019-06-01 06:00:00+00:00,262.5
2019-06-01 07:00:00+00:00,1928.0
2019-06-01 08:00:00+00:00,1098.75
2019-06-01 09:00:00+00:00,1432.25
2019-06-01 10:00:00+00:00,1297.5
2019-06-01 11:00:00+00:00,2195.0
2019-06-01 12:00:00+00:00,2147.75
2019-06-01 13:00:00+00:00,1660.5
2019-06-01 14:00:00+00:00,639.25
2019-06-01 15:00:00+00:00,257.5
2019-06-01 16:00:00+00:00,254.0
2019-06-01 17:00:00+00:00,2333.5
2019-06-01 18:00:00+00:00,1013.5
2019-06-01 19:00:00+00:00,466.5
2019-06-01 20:00:00+00:00,421.0
2019-06-01 21:00:00+00:00,293.25
2019-06-01 22:00:00+00:00,460.75
2019-06-01 23:00:00+00:00,296.5
2019-06-02 00:00:00+00:00,202.25
2019-06-02 01:00:00+00:00,297.0
2019-06-02 02:00:00+00:00,257.5
2019-06-02 03:00:00+00:00,448.0
2019-06-02 04:00:00+00:00,329.5
2019-06-02 05:00:00+00:00,271.0
2019-06-02 06:00:00+00:00,300.25
2019-06-02 07:00:00+00:00,790.5
2019-06-02 08:00:00+00:00,1376.25
2019-06-02 09:00:00+00:00,1435.0
2019-06-02 10:00:00+00:00,1949.25
2019-06-02 11:00:00+00:00,1232.0
2019-06-02 12:00:00+00:00,1244.75
2019-06-02 13:00:00+00:00,2216.0
2019-06-02 14:00:00+00:00,1635.5
2019-06-02 15:00:00+00:00,1167.75
2019-06-02 16:00:00+00:00,1203.75
2019-06-02 17:00:00+00:00,1293.0
2019-06-02 18:00:00+00:00,353.75
2019-06-02 19:00:00+00:00,407.0
2019-06-02 20:00:00+00:00,611.25
2019-06-02 21:00:00+00:00,344.25
2019-06-02 22:00:00+00:00,207.5
2019-06-02 23:00:00+00:00,232.75
2019-06-03 00:00:00+00:00,290.25
2019-06-03 01:00:00+00:00,225.25
2019-06-03 02:00:00+00:00,207.25
2019-06-03 03:00:00+00:00,552.25
2019-06-03 04:00:00+00:00,409.0
2019-06-03 05:00:00+00:00,337.75
2019-06-03 06:00:00+00:00,277.5
2019-06-03 07:00:00+00:00,318.5
2019-06-03 08:00:00+00:00,456.75
2019-06-03 09:00:00+00:00,494.25
2019-06-03 10:00:00+00:00,527.25
2019-06-03 11:00:00+00:00,391.25
2019-06-03 12:00:00+00:00,327.5
2019-06-03 13:00:00+00:00,432.75
2019-06-03 14:00:00+00:00,407.75
2019-06-03 15:00:00+00:00,284.75
2019-06-03 16:00:00+00:00,1041.0
2019-06-03 17:00:00+00:00,696.75
2019-06-03 18:00:00+00:00,433.0
2019-06-03 19:00:00+00:00,480.5
2019-06-03 20:00:00+00:00,359.0
2019-06-03 21:00:00+00:00,137.0
2019-06-03 22:00:00+00:00,209.0
2019-06-03 23:00:00+00:00,266.0
2019-06-04 00:00:00+00:00,176.0
2019-06-04 01:00:00+00:00,133.75
2019-06-04 02:00:00+00:00,291.5
2019-06-04 03:00:00+00:00,864.0
2019-06-04 04:00:00+00:00,370.25
2019-06-04 05:00:00+00:00,277.5
2019-06-04 06:00:00+00:00,234.25
2019-06-04 07:00:00+00:00,276.0
2019-06-04 08:00:00+00:00,395.0
2019-06-04 09:00:00+00:00,427.25
2019-06-04 10:00:00+00:00,463.5
2019-06-04 11:00:00+00:00,322.25
2019-06-04 12:00:00+00:00,281.25
2019-06-04 13:00:00+00:00,381.25
2019-06-04 14:00:00+00:00,1365.0
2019-06-04 15:00:00+00:00,441.75
2019-06-04 16:00:00+00:00,241.25
2019-06-04 17:00:00+00:00,326.75
2019-06-04 18:00:00+00:00,264.25
2019-06-04 19:00:00+00:00,317.75
2019-06-04 20:00:00+00:00,465.0
2019-06-04 21:00:00+00:00,145.75
2019-06-04 22:00:00+00:00,146.75
2019-06-04 23:00:00+00:00,237.0
2019-06-05 00:00:00+00:00,256.75
2019-06-05 01:00:00+00:00,198.25
2019-06-05 02:00:00+00:00,167.25
2019-06-05 03:00:00+00:00,451.25
2019-06-05 04:00:00+00:00,348.0
2019-06-05 05:00:00+00:00,352.75
2019-06-05 06:00:00+00:00,282.5
2019-06-05 07:00:00+00:00,468.5
2019-06-05 08:00:00+00:00,298.0
2019-06-05 09:00:00+00:00,377.25
2019-06-05 10:00:00+00:00,722.25
2019-06-05 11:00:00+00:00,1361.25
2019-06-05 12:00:00+00:00,405.25
2019-06-05 13:00:00+00:00,2135.5
2019-06-05 14:00:00+00:00,1646.25
2019-06-05 15:00:00+00:00,466.25
2019-06-05 16:00:00+00:00,736.25
2019-06-05 17:00:00+00:00,1123.25
2019-06-05 18:00:00+00:00,686.5
2019-06-05 19:00:00+00:00,356.5
2019-06-05 20:00:00+00:00,716.75
2019-06-05 21:00:00+00:00,607.75
2019-06-05 22:00:00+00:00,189.75
2019-06-05 23:00:00+00:00,158.25
2019-06-06 00:00:00+00:00,137.5
2019-06-06 01:00:00+00:00,219.5
2019-06-06 02:00:00+00:00,260.0
2019-06-06 03:00:00+00:00,667.0
2019-06-06 04:00:00+00:00,281.0
2019-06-06 05:00:00+00:00,269.75
2019-06-06 06:00:00+00:00,331.75
2019-06-06 07:00:00+00:00,332.75
2019-06-06 08:00:00+00:00,252.0
2019-06-06 09:00:00+00:00,225.25
2019-06-06 10:00:00+00:00,391.5
2019-06-06 11:00:00+00:00,330.0
2019-06-06 12:00:00+00:00,467.25
2019-06-06 13:00:00+00:00,323.5
2019-06-06 14:00:00+00:00,279.75
2019-06-06 15:00:00+00:00,263.25
2019-06-06 16:00:00+00:00,348.25
2019-06-06 17:00:00+00:00,1598.0
2019-06-06 18:00:00+00:00,1217.0
2019-06-06 19:00:00+00:00,1219.25
2019-06-06 20:00:00+00:00,297.75
2019-06-06 21:00:00+00:00,271.75
2019-06-06 22:00:00+00:00,325.0
2019-06-06 23:00:00+00:00,352.5
2019-06-07 00:00:00+00:00,283.5
2019-06-07 01:00:00+00:00,239.5
2019-06-07 02:00:00+00:00,246.0
2019-06-07 03:00:00+00:00,574.0
2019-06-07 04:00:00+00:00,621.0
2019-06-07 05:00:00+00:00,383.75
2019-06-07 06:00:00+00:00,227.5
2019-06-07 07:00:00+00:00,649.5
2019-06-07 08:00:00+00:00,556.0
2019-06-07 09:00:00+00:00,1181.5
2019-06-07 10:00:00+00:00,1099.0
2019-06-07 11:00:00+00:00,376.25
2019-06-07 12:00:00+00:00,615.0
2019-06-07 13:00:00+00:00,603.5
2019-06-07 14:00:00+00:00,595.75
2019-06-07 15:00:00+00:00,571.75
2019-06-07 16:00:00+00:00,849.0
2019-06-07 17:00:00+00:00,1447.75
2019-06-07 18:00:00+00:00,1274.0
2019-06-07 19:00:00+00:00,1204.5
2019-06-07 20:00:00+00:00,1943.0
2019-06-07 21:00:00+00:00,1831.25
2019-06-07 22:00:00+00:00,219.0
2019-06-07 23:00:00+00:00,148.0
2019-06-08 00:00:00+00:00,147.0
2019-06-08 01:00:00+00:00,308.25
2019-06-08 02:00:00+00:00,341.5
2019-06-08 03:00:00+00:00,365.0
2019-06-08 04:00:00+00:00,654.5
2019-06-08 05:00:00+00:00,292.25
2019-06-08 06:00:00+00:00,1090.75
2019-06-08 07:00:00+00:00,577.75
2019-06-08 08:00:00+00:00,1182.0
2019-06-08 09:00:00+00:00,643.0
2019-06-08 10:00:00+00:00,512.25
2019-06-08 11:00:00+00:00,398.75
2019-06-08 12:00:00+00:00,893.5
2019-06-08 13:00:00+00:00,1003.25
2019-06-08 14:00:00+00:00,271.25
2019-06-08 15:00:00+00:00,234.0
2019-06-08 16:00:00+00:00,316.0
2019-06-08 17:00:00+00:00,698.25
2019-06-08 18:00:00+00:00,274.0
2019-06-08 19:00:00+00:00,337.5
2019-06-08 20:00:00+00:00,398.5
2019-06-08 21:00:00+00:00,234.75
2019-06-08 22:00:00+00:00,254.0
2019-06-08 23:00:00+00:00,353.25
2019-06-09 00:00:00+00:00,318.25
2019-06-09 01:00:00+00:00,269.75
2019-06-09 02:00:00+00:00,252.75
2019-06-09 03:00:00+00:00,314.0
2019-06-09 04:00:00+00:00,371.75
2019-06-09 05:00:00+00:00,418.25
2019-06-09 06:00:00+00:00,766.5
2019-06-09 07:00:00+00:00,431.5
2019-06-09 08:00:00+00:00,780.0
2019-06-09 09:00:00+00:00,739.25
2019-06-09 10:00:00+00:00,552.75
2019-06-09 11:00:00+00:00,311.25
2019-06-09 12:00:00+00:00,392.75
2019-06-09 13:00:00+00:00,269.75
2019-06-09 14:00:00+00:00,200.75
2019-06-09 15:00:00+00:00,185.75
2019-06-09 16:00:00+00:00,231.0
2019-06-09 17:00:00+00:00,295.75
2019-06-09 18:00:00+00:00,197.75
2019-06-09 19:00:00+00:00,277.75
2019-06-09 20:00:00+00:00,387.25
2019-06-09 21:00:00+00:00,266.75
2019-06-09 22:00:00+00:00,261.75
2019-06-09 23:00:00+00:00,236.75
2019-06-10 00:00:00+00:00,138.25
2019-06-10 01:00:00+00:00,138.75
2019-06-10 02:00:00+00:00,160.0
2019-06-10 03:00:00+00:00,468.25
2019-06-10 04:00:00+00:00,249.75
2019-06-10 05:00:00+00:00,296.0
2019-06-10 06:00:00+00:00,399.25
2019-06-10 07:00:00+00:00,224.5
2019-06-10 08:00:00+00:00,289.75
2019-06-10 09:00:00+00:00,1124.25
2019-06-10 10:00:00+00:00,692.0
2019-06-10 11:00:00+00:00,376.25
2019-06-10 12:00:00+00:00,451.5
2019-06-10 13:00:00+00:00,373.5
2019-06-10 14:00:00+00:00,434.25
2019-06-10 15:00:00+00:00,273.25
2019-06-10 16:00:00+00:00,272.5
2019-06-10 17:00:00+00:00,2796.5
2019-06-10 18:00:00+00:00,2693.0
2019-06-10 19:00:00+00:00,2348.5
2019-06-10 20:00:00+00:00,429.5
2019-06-10 21:00:00+00:00,179.5
2019-06-10 22:00:00+00:00,155.5
2019-06-10 23:00:00+00:00,217.75
2019-06-11 00:00:00+00:00,268.75
2019-06-11 01:00:00+00:00,203.5
2019-06-11 02:00:00+00:00,173.25
2019-06-11 03:00:00+00:00,604.75
2019-06-11 04:00:00+00:00,194.75
2019-06-11 05:00:00+00:00,244.25
2019-06-11 06:00:00+00:00,262.25
2019-06-11 07:00:00+00:00,285.25
2019-06-11 08:00:00+00:00,297.25
2019-06-11 09:00:00+00:00,303.0
2019-06-11 10:00:00+00:00,539.75
2019-06-11 11:00:00+00:00,330.75
2019-06-11 12:00:00+00:00,301.75
2019-06-11 13:00:00+00:00,320.25
2019-06-11 14:00:00+00:00,294.5
2019-06-11 15:00:00+00:00,366.25
2019-06-11 16:00:00+00:00,1305.25
2019-06-11 17:00:00+00:00,552.5
2019-06-11 18:00:00+00:00,42.0
2019-06-11 19:00:00+00:00,377.5
2019-06-11 20:00:00+00:00,326.0
2019-06-11 21:00:00+00:00,286.5
2019-06-11 22:00:00+00:00,226.0
2019-06-11 23:00:00+00:00,134.25
2019-06-12 00:00:00+00:00,152.0
2019-06-12 01:00:00+00:00,151.25
2019-06-12 02:00:00+00:00,490.75
2019-06-12 03:00:00+00:00,604.75
2019-06-12 04:00:00+00:00,217.5
2019-06-12 05:00:00+00:00,204.5
2019-06-12 06:00:00+00:00,194.75
2019-06-12 07:00:00+00:00,260.0
2019-06-12 08:00:00+00:00,351.0
2019-06-12 09:00:00+00:00,380.0
2019-06-12 10:00:00+00:00,364.75
2019-06-12 11:00:00+00:00,190.25
2019-06-12 12:00:00+00:00,1428.5
2019-06-12 13:00:00+00:00,454.25
2019-06-12 14:00:00+00:00,387.5
2019-06-12 15:00:00+00:00,204.25
2019-06-12 16:00:00+00:00,436.75
2019-06-12 17:00:00+00:00,242.0
2019-06-12 18:00:00+00:00,420.25
2019-06-12 19:00:00+00:00,2464.5
2019-06-12 20:00:00+00:00,844.5
2019-06-12 21:00:00+00:00,163.25
2019-06-12 22:00:00+00:00,133.25
2019-06-12 23:00:00+00:00,126.75
2019-06-13 00:00:00+00:00,258.75
2019-06-13 01:00:00+00:00,257.0
2019-06-13 02:00:00+00:00,147.5
2019-06-13 03:00:00+00:00,498.0
2019-06-13 04:00:00+00:00,126.25
2019-06-13 05:00:00+00:00,243.75
2019-06-13 06:00:00+00:00,296.75
2019-06-13 07:00:00+00:00,248.0
2019-06-13 08:00:00+00:00,330.5
2019-06-13 09:00:00+00:00,401.5
2019-06-13 10:00:00+00:00,444.75
2019-06-13 11:00:00+00:00,881.25
2019-06-13 12:00:00+00:00,546.25
2019-06-13 13:00:00+00:00,429.5
2019-06-13 14:00:00+00:00,1334.75
2019-06-13 15:00:00+00:00,2370.0
2019-06-13 16:00:00+00:00,753.25
2019-06-13 17:00:00+00:00,488.75
2019-06-13 18:00:00+00:00,1182.5
2019-06-13 19:00:00+00:00,1307.5
2019-06-13 20:00:00+00:00,465.75
2019-06-13 21:00:00+00:00,835.25
2019-06-13 22:00:00+00:00,369.5
2019-06-13 23:00:00+00:00,236.75
2019-06-14 00:00:00+00:00,148.75
2019-06-14 01:00:00+00:00,148.5
2019-06-14 02:00:00+00:00,1138.0
2019-06-14 03:00:00+00:00,820.0
2019-06-14 04:00:00+00:00,1304.25
2019-06-14 05:00:00+00:00,592.0
2019-06-14 06:00:00+00:00,621.75
2019-06-14 07:00:00+00:00,240.5
2019-06-14 08:00:00+00:00,340.0
2019-06-14 09:00:00+00:00,405.75
2019-06-14 10:00:00+00:00,641.0
2019-06-14 11:00:00+00:00,724.25
2019-06-14 12:00:00+00:00,362.25
2019-06-14 13:00:00+00:00,462.25
2019-06-14 14:00:00+00:00,382.0
2019-06-14 15:00:00+00:00,232.0
2019-06-14 16:00:00+00:00,208.75
2019-06-14 17:00:00+00:00,719.5
2019-06-14 18:00:00+00:00,883.5
2019-06-14 19:00:00+00:00,1012.75
2019-06-14 20:00:00+00:00,591.0
2019-06-14 21:00:00+00:00,245.0
2019-06-14 22:00:00+00:00,185.5
2019-06-14 23:00:00+00:00,168.5
2019-06-15 00:00:00+00:00,260.75
2019-06-15 01:00:00+00:00,241.0
2019-06-15 02:00:00+00:00,148.5
2019-06-15 03:00:00+00:00,332.25
2019-06-15 04:00:00+00:00,82.75
2019-06-15 05:00:00+00:00,228.75
2019-06-15 06:00:00+00:00,404.5
2019-06-15 07:00:00+00:00,1229.25
2019-06-15 08:00:00+00:00,1014.5
2019-06-15 09:00:00+00:00,1097.25
2019-06-15 10:00:00+00:00,1532.75
2019-06-15 11:00:00+00:00,1368.5
2019-06-15 12:00:00+00:00,2534.0
2019-06-15 13:00:00+00:00,1731.25
2019-06-15 14:00:00+00:00,2537.5
2019-06-15 15:00:00+00:00,2067.25
2019-06-15 16:00:00+00:00,2008.75
2019-06-15 17:00:00+00:00,1195.0
2019-06-15 18:00:00+00:00,956.0
2019-06-15 19:00:00+00:00,587.5
2019-06-15 20:00:00+00:00,521.5
2019-06-15 21:00:00+00:00,450.75
2019-06-15 22:00:00+00:00,127.25
2019-06-15 23:00:00+00:00,146.75
2019-06-16 00:00:00+00:00,194.75
2019-06-16 01:00:00+00:00,248.75
2019-06-16 02:00:00+00:00,215.0
2019-06-16 03:00:00+00:00,345.5
2019-06-16 04:00:00+00:00,46.75
2019-06-16 05:00:00+00:00,136.75
2019-06-16 06:00:00+00:00,316.25
2019-06-16 07:00:00+00:00,244.5
2019-06-16 08:00:00+00:00,1310.0
2019-06-16 09:00:00+00:00,210.0
2019-06-16 10:00:00+00:00,2919.75
2019-06-16 11:00:00+00:00,1789.5
2019-06-16 12:00:00+00:00,3098.75
2019-06-16 13:00:00+00:00,830.25
2019-06-16 14:00:00+00:00,1390.25
2019-06-16 15:00:00+00:00,2751.0
2019-06-16 16:00:00+00:00,1274.5
2019-06-16 17:00:00+00:00,298.0
2019-06-16 18:00:00+00:00,174.0
2019-06-16 19:00:00+00:00,450.5
2019-06-16 20:00:00+00:00,451.0
2019-06-16 21:00:00+00:00,194.5
2019-06-16 22:00:00+00:00,155.75
2019-06-16 23:00:00+00:00,160.0
2019-06-17 00:00:00+00:00,240.75
2019-06-17 01:00:00+00:00,220.5
2019-06-17 02:00:00+00:00,135.0
2019-06-17 03:00:00+00:00,608.5
2019-06-17 04:00:00+00:00,179.25
2019-06-17 05:00:00+00:00,274.0
2019-06-17 06:00:00+00:00,232.5
2019-06-17 07:00:00+00:00,209.0
2019-06-17 08:00:00+00:00,281.0
2019-06-17 09:00:00+00:00,307.0
2019-06-17 10:00:00+00:00,538.75
2019-06-17 11:00:00+00:00,310.5
2019-06-17 12:00:00+00:00,366.25
2019-06-17 13:00:00+00:00,345.75
2019-06-17 14:00:00+00:00,1048.5
2019-06-17 15:00:00+00:00,2143.0
2019-06-17 16:00:00+00:00,534.75
2019-06-17 17:00:00+00:00,589.75
2019-06-17 18:00:00+00:00,54.25
2019-06-17 19:00:00+00:00,914.25
2019-06-17 20:00:00+00:00,419.25
2019-06-17 21:00:00+00:00,344.75
2019-06-17 22:00:00+00:00,179.0
2019-06-17 23:00:00+00:00,124.0
2019-06-18 00:00:00+00:00,262.0
2019-06-18 01:00:00+00:00,229.0
2019-06-18 02:00:00+00:00,162.0
2019-06-18 03:00:00+00:00,615.25
2019-06-18 04:00:00+00:00,174.25
2019-06-18 05:00:00+00:00,271.75
2019-06-18 06:00:00+00:00,300.25
2019-06-18 07:00:00+00:00,292.25
2019-06-18 08:00:00+00:00,287.75
2019-06-18 09:00:00+00:00,360.0
2019-06-18 10:00:00+00:00,544.5
2019-06-18 11:00:00+00:00,375.5
2019-06-18 12:00:00+00:00,370.75
2019-06-18 13:00:00+00:00,263.5
2019-06-18 14:00:00+00:00,223.75
2019-06-18 15:00:00+00:00,279.75
2019-06-18 16:00:00+00:00,385.0
2019-06-18 17:00:00+00:00,2284.0
2019-06-18 18:00:00+00:00,1035.5
2019-06-18 19:00:00+00:00,905.75
2019-06-18 20:00:00+00:00,260.75
2019-06-18 21:00:00+00:00,344.25
2019-06-18 22:00:00+00:00,266.0
2019-06-18 23:00:00+00:00,189.25
2019-06-19 00:00:00+00:00,146.0
2019-06-19 01:00:00+00:00,154.75
2019-06-19 02:00:00+00:00,205.0
2019-06-19 03:00:00+00:00,836.0
2019-06-19 04:00:00+00:00,147.0
2019-06-19 05:00:00+00:00,233.75
2019-06-19 06:00:00+00:00,213.0
2019-06-19 07:00:00+00:00,221.5
2019-06-19 08:00:00+00:00,399.5
2019-06-19 09:00:00+00:00,398.75
2019-06-19 10:00:00+00:00,470.0
2019-06-19 11:00:00+00:00,431.75
2019-06-19 12:00:00+00:00,253.5
2019-06-19 13:00:00+00:00,413.75
2019-06-19 14:00:00+00:00,447.5
2019-06-19 15:00:00+00:00,394.0
2019-06-19 16:00:00+00:00,550.25
2019-06-19 17:00:00+00:00,1382.75
2019-06-19 18:00:00+00:00,949.25
2019-06-19 19:00:00+00:00,1159.25
2019-06-19 20:00:00+00:00,1040.5
2019-06-19 21:00:00+00:00,489.5
2019-06-19 22:00:00+00:00,229.5
2019-06-19 23:00:00+00:00,244.0
2019-06-20 00:00:00+00:00,168.5
2019-06-20 01:00:00+00:00,146.25
2019-06-20 02:00:00+00:00,234.5
2019-06-20 03:00:00+00:00,432.0
2019-06-20 04:00:00+00:00,206.5
2019-06-20 05:00:00+00:00,201.75
2019-06-20 06:00:00+00:00,244.5
2019-06-20 07:00:00+00:00,398.0
2019-06-20 08:00:00+00:00,887.0
2019-06-20 09:00:00+00:00,1855.25
2019-06-20 10:00:00+00:00,820.5
2019-06-20 11:00:00+00:00,520.25
2019-06-20 12:00:00+00:00,1069.0
2019-06-20 13:00:00+00:00,2064.25
2019-06-20 14:00:00+00:00,362.75
2019-06-20 15:00:00+00:00,197.0
2019-06-20 16:00:00+00:00,416.0
2019-06-20 17:00:00+00:00,544.0
2019-06-20 18:00:00+00:00,623.0
2019-06-20 19:00:00+00:00,981.25
2019-06-20 20:00:00+00:00,815.5
2019-06-20 21:00:00+00:00,570.25
2019-06-20 22:00:00+00:00,401.0
2019-06-20 23:00:00+00:00,203.75
2019-06-21 00:00:00+00:00,288.0
2019-06-21 01:00:00+00:00,273.25
2019-06-21 02:00:00+00:00,218.75
2019-06-21 03:00:00+00:00,501.75
2019-06-21 04:00:00+00:00,255.5
2019-06-21 05:00:00+00:00,548.25
2019-06-21 06:00:00+00:00,1263.75
2019-06-21 07:00:00+00:00,562.5
2019-06-21 08:00:00+00:00,402.25
2019-06-21 09:00:00+00:00,551.25
2019-06-21 10:00:00+00:00,348.5
2019-06-21 11:00:00+00:00,398.0
2019-06-21 12:00:00+00:00,268.25
2019-06-21 13:00:00+00:00,607.0
2019-06-21 14:00:00+00:00,527.0
2019-06-21 15:00:00+00:00,254.0
2019-06-21 16:00:00+00:00,201.25
2019-06-21 17:00:00+00:00,1478.5
2019-06-21 18:00:00+00:00,335.0
2019-06-21 19:00:00+00:00,341.75
2019-06-21 20:00:00+00:00,348.25
2019-06-21 21:00:00+00:00,194.75
2019-06-21 22:00:00+00:00,134.25
2019-06-21 23:00:00+00:00,222.0
2019-06-22 00:00:00+00:00,261.5
2019-06-22 01:00:00+00:00,187.75
2019-06-22 02:00:00+00:00,156.75
2019-06-22 03:00:00+00:00,268.25
2019-06-22 04:00:00+00:00,213.75
2019-06-22 05:00:00+00:00,324.75
2019-06-22 06:00:00+00:00,292.0
2019-06-22 07:00:00+00:00,534.0
2019-06-22 08:00:00+00:00,575.75
2019-06-22 09:00:00+00:00,309.25
2019-06-22 10:00:00+00:00,571.0
2019-06-22 11:00:00+00:00,1145.75
2019-06-22 12:00:00+00:00,1406.25
2019-06-22 13:00:00+00:00,779.5
2019-06-22 14:00:00+00:00,374.75
2019-06-22 15:00:00+00:00,358.75
2019-06-22 16:00:00+00:00,335.25
2019-06-22 17:00:00+00:00,437.75
2019-06-22 18:00:00+00:00,139.75
2019-06-22 19:00:00+00:00,383.5
2019-06-22 20:00:00+00:00,542.75
2019-06-22 21:00:00+00:00,382.0
2019-06-22 22:00:00+00:00,201.75
2019-06-22 23:00:00+00:00,209.5
2019-06-23 00:00:00+00:00,269.0
2019-06-23 01:00:00+00:00,299.5
2019-06-23 02:00:00+00:00,417.0
2019-06-23 03:00:00+00:00,386.5
2019-06-23 04:00:00+00:00,210.5
2019-06-23 05:00:00+00:00,295.25
2019-06-23 06:00:00+00:00,378.5
2019-06-23 07:00:00+00:00,432.75
2019-06-23 08:00:00+00:00,344.25
2019-06-23 09:00:00+00:00,394.5
2019-06-23 10:00:00+00:00,512.0
2019-06-23 11:00:00+00:00,482.5
2019-06-23 12:00:00+00:00,553.5
2019-06-23 13:00:00+00:00,417.5
2019-06-23 14:00:00+00:00,391.0
2019-06-23 15:00:00+00:00,1723.5
2019-06-23 16:00:00+00:00,1225.25
2019-06-23 17:00:00+00:00,1209.0
2019-06-23 18:00:00+00:00,951.75
2019-06-23 19:00:00+00:00,916.0
2019-06-23 20:00:00+00:00,506.25
2019-06-23 21:00:00+00:00,412.0
2019-06-23 22:00:00+00:00,257.25
2019-06-23 23:00:00+00:00,170.0
2019-06-24 00:00:00+00:00,171.75
2019-06-24 01:00:00+00:00,200.25
2019-06-24 02:00:00+00:00,338.25
2019-06-24 03:00:00+00:00,398.75
2019-06-24 04:00:00+00:00,354.75
2019-06-24 05:00:00+00:00,284.0
2019-06-24 06:00:00+00:00,302.5
2019-06-24 07:00:00+00:00,518.5
2019-06-24 08:00:00+00:00,523.75
2019-06-24 09:00:00+00:00,1042.5
2019-06-24 10:00:00+00:00,632.0
2019-06-24 11:00:00+00:00,395.0
2019-06-24 12:00:00+00:00,378.5
2019-06-24 13:00:00+00:00,366.25
2019-06-24 14:00:00+00:00,456.0
2019-06-24 15:00:00+00:00,1164.0
2019-06-24 16:00:00+00:00,1401.0
2019-06-24 17:00:00+00:00,1239.5
2019-06-24 18:00:00+00:00,857.25
2019-06-24 19:00:00+00:00,320.0
2019-06-24 20:00:00+00:00,460.0
2019-06-24 21:00:00+00:00,454.75
2019-06-24 22:00:00+00:00,302.75
2019-06-24 23:00:00+00:00,174.0
2019-06-25 00:00:00+00:00,196.25
2019-06-25 01:00:00+00:00,198.5
2019-06-25 02:00:00+00:00,300.0
2019-06-25 03:00:00+00:00,408.25
2019-06-25 04:00:00+00:00,196.25
2019-06-25 05:00:00+00:00,226.75
2019-06-25 06:00:00+00:00,438.0
2019-06-25 07:00:00+00:00,532.75
2019-06-25 08:00:00+00:00,926.25
2019-06-25 09:00:00+00:00,1685.25
2019-06-25 10:00:00+00:00,695.0
2019-06-25 11:00:00+00:00,1726.0
2019-06-25 12:00:00+00:00,1364.0
2019-06-25 13:00:00+00:00,639.75
2019-06-25 14:00:00+00:00,1083.25
2019-06-25 15:00:00+00:00,1579.5
2019-06-25 16:00:00+00:00,1053.75
2019-06-25 17:00:00+00:00,1260.0
2019-06-25 18:00:00+00:00,1008.5
2019-06-25 19:00:00+00:00,960.0
2019-06-25 20:00:00+00:00,410.75
2019-06-25 21:00:00+00:00,286.25
2019-06-25 22:00:00+00:00,311.0
2019-06-25 23:00:00+00:00,288.0
2019-06-26 00:00:00+00:00,176.0
2019-06-26 01:00:00+00:00,210.25
2019-06-26 02:00:00+00:00,187.5
2019-06-26 03:00:00+00:00,394.0
2019-06-26 04:00:00+00:00,297.25
2019-06-26 05:00:00+00:00,433.25
2019-06-26 06:00:00+00:00,336.5
2019-06-26 07:00:00+00:00,339.5
2019-06-26 08:00:00+00:00,415.75
2019-06-26 09:00:00+00:00,442.5
2019-06-26 10:00:00+00:00,555.0
2019-06-26 11:00:00+00:00,1421.25
2019-06-26 12:00:00+00:00,597.25
2019-06-26 13:00:00+00:00,1779.25
2019-06-26 14:00:00+00:00,1437.5
2019-06-26 15:00:00+00:00,1161.5
2019-06-26 16:00:00+00:00,1100.25
2019-06-26 17:00:00+00:00,1282.75
2019-06-26 18:00:00+00:00,1140.5
2019-06-26 19:00:00+00:00,1138.0
2019-06-26 20:00:00+00:00,797.5
2019-06-26 21:00:00+00:00,603.5
2019-06-26 22:00:00+00:00,285.0
2019-06-26 23:00:00+00:00,252.25
2019-06-27 00:00:00+00:00,257.5
2019-06-27 01:00:00+00:00,302.75
2019-06-27 02:00:00+00:00,298.5
2019-06-27 03:00:00+00:00,300.75
2019-06-27 04:00:00+00:00,180.5
2019-06-27 05:00:00+00:00,470.25
2019-06-27 06:00:00+00:00,417.75
2019-06-27 07:00:00+00:00,954.25
2019-06-27 08:00:00+00:00,342.5
2019-06-27 09:00:00+00:00,338.5
2019-06-27 10:00:00+00:00,541.25
2019-06-27 11:00:00+00:00,483.75
2019-06-27 12:00:00+00:00,726.0
2019-06-27 13:00:00+00:00,1438.0
2019-06-27 14:00:00+00:00,2244.25
2019-06-27 15:00:00+00:00,1053.0
2019-06-27 16:00:00+00:00,1273.25
2019-06-27 17:00:00+00:00,1315.0
2019-06-27 18:00:00+00:00,1253.75
2019-06-27 19:00:00+00:00,943.25
2019-06-27 20:00:00+00:00,426.75
2019-06-27 21:00:00+00:00,360.75
2019-06-27 22:00:00+00:00,171.5
2019-06-27 23:00:00+00:00,194.0
2019-06-28 00:00:00+00:00,226.75
2019-06-28 01:00:00+00:00,284.5
2019-06-28 02:00:00+00:00,272.75
2019-06-28 03:00:00+00:00,291.5
2019-06-28 04:00:00+00:00,298.0
2019-06-28 05:00:00+00:00,467.5
2019-06-28 06:00:00+00:00,430.25
2019-06-28 07:00:00+00:00,398.0
2019-06-28 08:00:00+00:00,303.5
2019-06-28 09:00:00+00:00,368.25
2019-06-28 10:00:00+00:00,491.0
2019-06-28 11:00:00+00:00,459.75
2019-06-28 12:00:00+00:00,462.25
2019-06-28 13:00:00+00:00,435.0
2019-06-28 14:00:00+00:00,325.0
2019-06-28 15:00:00+00:00,1083.0
2019-06-28 16:00:00+00:00,1380.0
2019-06-28 17:00:00+00:00,1370.25
2019-06-28 18:00:00+00:00,1024.25
2019-06-28 19:00:00+00:00,265.25
2019-06-28 20:00:00+00:00,361.0
2019-06-28 21:00:00+00:00,252.75
2019-06-28 22:00:00+00:00,318.5
2019-06-28 23:00:00+00:00,287.5
2019-06-29 00:00:00+00:00,190.5
2019-06-29 01:00:00+00:00,178.0
2019-06-29 02:00:00+00:00,190.5
2019-06-29 03:00:00+00:00,421.75
2019-06-29 04:00:00+00:00,266.0
2019-06-29 05:00:00+00:00,200.75
2019-06-29 06:00:00+00:00,429.75
2019-06-29 07:00:00+00:00,1393.5
2019-06-29 08:00:00+00:00,1194.0
2019-06-29 09:00:00+00:00,523.0
2019-06-29 10:00:00+00:00,752.25
2019-06-29 11:00:00+00:00,413.75
2019-06-29 12:00:00+00:00,377.5
2019-06-29 13:00:00+00:00,1185.5
2019-06-29 14:00:00+00:00,1216.25
2019-06-29 15:00:00+00:00,1371.0
2019-06-29 16:00:00+00:00,1330.75
2019-06-29 17:00:00+00:00,1410.25
2019-06-29 18:00:00+00:00,749.75
2019-06-29 19:00:00+00:00,255.0
2019-06-29 20:00:00+00:00,197.5
2019-06-29 21:00:00+00:00,289.25
2019-06-29 22:00:00+00:00,311.75
2019-06-29 23:00:00+00:00,283.0
2019-06-30 00:00:00+00:00,249.75
2019-06-30 01:00:00+00:00,176.25
2019-06-30 02:00:00+00:00,165.5
2019-06-30 03:00:00+00:00,361.5
2019-06-30 04:00:00+00:00,271.75
2019-06-30 05:00:00+00:00,255.25
2019-06-30 06:00:00+00:00,591.75
2019-06-30 07:00:00+00:00,704.5
2019-06-30 08:00:00+00:00,502.5
2019-06-30 09:00:00+00:00,817.5
2019-06-30 10:00:00+00:00,1266.5
2019-06-30 11:00:00+00:00,810.75
2019-06-30 12:00:00+00:00,660.25
2019-06-30 13:00:00+00:00,773.0
2019-06-30 14:00:00+00:00,1033.75
2019-06-30 15:00:00+00:00,530.5
2019-06-30 16:00:00+00:00,1179.0
2019-06-30 17:00:00+00:00,1204.75
2019-06-30 18:00:00+00:00,1019.5
2019-06-30 19:00:00+00:00,604.5
2019-06-30 20:00:00+00:00,525.0
2019-06-30 21:00:00+00:00,240.25
2019-06-30 22:00:00+00:00,333.25
2019-06-30 23:00:00+00:00,318.5
2019-07-01 00:00:00+00:00,252.5
2019-07-01 01:00:00+00:00,175.75
2019-07-01 02:00:00+00:00,191.0
2019-07-01 03:00:00+00:00,396.5
2019-07-01 04:00:00+00:00,269.25
2019-07-01 05:00:00+00:00,312.5
2019-07-01 06:00:00+00:00,271.25
2019-07-01 07:00:00+00:00,314.0
2019-07-01 08:00:00+00:00,239.0
2019-07-01 09:00:00+00:00,455.75
2019-07-01 10:00:00+00:00,508.5
2019-07-01 11:00:00+00:00,493.0
2019-07-01 12:00:00+00:00,299.5
2019-07-01 13:00:00+00:00,1013.0
2019-07-01 14:00:00+00:00,719.0
2019-07-01 15:00:00+00:00,1351.75
2019-07-01 16:00:00+00:00,1305.5
2019-07-01 17:00:00+00:00,1333.5
2019-07-01 18:00:00+00:00,996.5
2019-07-01 19:00:00+00:00,1181.25
2019-07-01 20:00:00+00:00,327.0
2019-07-01 21:00:00+00:00,420.0
2019-07-01 22:00:00+00:00,197.75
2019-07-01 23:00:00+00:00,170.75
2019-07-02 00:00:00+00:00,217.25
2019-07-02 01:00:00+00:00,292.75
2019-07-02 02:00:00+00:00,285.25
2019-07-02 03:00:00+00:00,341.75
2019-07-02 04:00:00+00:00,276.0
2019-07-02 05:00:00+00:00,414.75
2019-07-02 06:00:00+00:00,451.25
2019-07-02 07:00:00+00:00,445.75
2019-07-02 08:00:00+00:00,453.5
2019-07-02 09:00:00+00:00,385.25
2019-07-02 10:00:00+00:00,497.0
2019-07-02 11:00:00+00:00,336.5
2019-07-02 12:00:00+00:00,468.0
2019-07-02 13:00:00+00:00,592.25
2019-07-02 14:00:00+00:00,1260.0
2019-07-02 15:00:00+00:00,561.75
2019-07-02 16:00:00+00:00,368.75
2019-07-02 17:00:00+00:00,1529.0
2019-07-02 18:00:00+00:00,1485.25
2019-07-02 19:00:00+00:00,344.25
2019-07-02 20:00:00+00:00,358.5
2019-07-02 21:00:00+00:00,384.5
2019-07-02 22:00:00+00:00,252.5
2019-07-02 23:00:00+00:00,274.0
2019-07-03 00:00:00+00:00,271.0
2019-07-03 01:00:00+00:00,157.5
2019-07-03 02:00:00+00:00,156.75
2019-07-03 03:00:00+00:00,321.75
2019-07-03 04:00:00+00:00,263.5
2019-07-03 05:00:00+00:00,882.0
2019-07-03 06:00:00+00:00,1210.5
2019-07-03 07:00:00+00:00,514.75
2019-07-03 08:00:00+00:00,434.25
2019-07-03 09:00:00+00:00,502.75
2019-07-03 10:00:00+00:00,718.0
2019-07-03 11:00:00+00:00,525.5
2019-07-03 12:00:00+00:00,657.5
2019-07-03 13:00:00+00:00,463.25
2019-07-03 14:00:00+00:00,409.75
2019-07-03 15:00:00+00:00,470.5
2019-07-03 16:00:00+00:00,747.75
2019-07-03 17:00:00+00:00,1353.25
2019-07-03 18:00:00+00:00,1317.0
2019-07-03 19:00:00+00:00,735.25
2019-07-03 20:00:00+00:00,537.0
2019-07-03 21:00:00+00:00,452.75
2019-07-03 22:00:00+00:00,304.25
2019-07-03 23:00:00+00:00,182.0
2019-07-04 00:00:00+00:00,191.75
2019-07-04 01:00:00+00:00,180.25
2019-07-04 02:00:00+00:00,262.75
2019-07-04 03:00:00+00:00,394.25
2019-07-04 04:00:00+00:00,203.0
2019-07-04 05:00:00+00:00,681.25
2019-07-04 06:00:00+00:00,284.5
2019-07-04 07:00:00+00:00,313.5
2019-07-04 08:00:00+00:00,885.0
2019-07-04 09:00:00+00:00,494.75
2019-07-04 10:00:00+00:00,722.0
2019-07-04 11:00:00+00:00,590.75
2019-07-04 12:00:00+00:00,336.75
2019-07-04 13:00:00+00:00,402.25
2019-07-04 14:00:00+00:00,425.25
2019-07-04 15:00:00+00:00,341.25
2019-07-04 16:00:00+00:00,294.75
2019-07-04 17:00:00+00:00,1426.5
2019-07-04 18:00:00+00:00,1953.25
2019-07-04 19:00:00+00:00,1239.0
2019-07-04 20:00:00+00:00,541.75
2019-07-04 21:00:00+00:00,465.25
2019-07-04 22:00:00+00:00,236.0
2019-07-04 23:00:00+00:00,185.75
2019-07-05 00:00:00+00:00,281.75
2019-07-05 01:00:00+00:00,292.0
2019-07-05 02:00:00+00:00,209.5
2019-07-05 03:00:00+00:00,345.25
2019-07-05 04:00:00+00:00,98.25
2019-07-05 05:00:00+00:00,280.5
2019-07-05 06:00:00+00:00,383.0
2019-07-05 07:00:00+00:00,639.25
2019-07-05 08:00:00+00:00,705.25
2019-07-05 09:00:00+00:00,1777.5
2019-07-05 10:00:00+00:00,771.0
2019-07-05 11:00:00+00:00,1365.0
2019-07-05 12:00:00+00:00,625.0
2019-07-05 13:00:00+00:00,1741.5
2019-07-05 14:00:00+00:00,1052.0
2019-07-05 15:00:00+00:00,2760.75
2019-07-05 16:00:00+00:00,1733.0
2019-07-05 17:00:00+00:00,2320.75
2019-07-05 18:00:00+00:00,991.5
2019-07-05 19:00:00+00:00,4027.25
2019-07-05 20:00:00+00:00,1678.5
2019-07-05 21:00:00+00:00,336.5
2019-07-05 22:00:00+00:00,354.25
2019-07-05 23:00:00+00:00,291.5
2019-07-06 00:00:00+00:00,172.25
2019-07-06 01:00:00+00:00,190.25
2019-07-06 02:00:00+00:00,200.25
2019-07-06 03:00:00+00:00,387.25
2019-07-06 04:00:00+00:00,242.5
2019-07-06 05:00:00+00:00,276.25
2019-07-06 06:00:00+00:00,488.5
2019-07-06 07:00:00+00:00,365.0
2019-07-06 08:00:00+00:00,463.75
2019-07-06 09:00:00+00:00,462.5
2019-07-06 10:00:00+00:00,594.75
2019-07-06 11:00:00+00:00,416.0
2019-07-06 12:00:00+00:00,492.5
2019-07-06 13:00:00+00:00,282.0
2019-07-06 14:00:00+00:00,931.5
2019-07-06 15:00:00+00:00,1821.0
2019-07-06 16:00:00+00:00,1097.0
2019-07-06 17:00:00+00:00,1256.75
2019-07-06 18:00:00+00:00,1330.0
2019-07-06 19:00:00+00:00,844.25
2019-07-06 20:00:00+00:00,624.25
2019-07-06 21:00:00+00:00,229.75
2019-07-06 22:00:00+00:00,205.25
2019-07-06 23:00:00+00:00,174.25
2019-07-07 00:00:00+00:00,270.75
2019-07-07 01:00:00+00:00,336.25
2019-07-07 02:00:00+00:00,257.0
2019-07-07 03:00:00+00:00,356.75
2019-07-07 04:00:00+00:00,344.0
2019-07-07 05:00:00+00:00,334.75
2019-07-07 06:00:00+00:00,318.0
2019-07-07 07:00:00+00:00,302.25
2019-07-07 08:00:00+00:00,968.5
2019-07-07 09:00:00+00:00,345.75
2019-07-07 10:00:00+00:00,849.5
2019-07-07 11:00:00+00:00,698.0
2019-07-07 12:00:00+00:00,272.0
2019-07-07 13:00:00+00:00,264.5
2019-07-07 14:00:00+00:00,304.5
2019-07-07 15:00:00+00:00,926.5
2019-07-07 16:00:00+00:00,1366.25
2019-07-07 17:00:00+00:00,559.0
2019-07-07 18:00:00+00:00,160.0
2019-07-07 19:00:00+00:00,344.0
2019-07-07 20:00:00+00:00,455.75
2019-07-07 21:00:00+00:00,359.5
2019-07-07 22:00:00+00:00,223.5
2019-07-07 23:00:00+00:00,294.0
2019-07-08 00:00:00+00:00,166.25
2019-07-08 01:00:00+00:00,251.0
2019-07-08 02:00:00+00:00,269.0
2019-07-08 03:00:00+00:00,322.5
2019-07-08 04:00:00+00:00,503.0
2019-07-08 05:00:00+00:00,920.0
2019-07-08 06:00:00+00:00,472.0
2019-07-08 07:00:00+00:00,604.0
2019-07-08 08:00:00+00:00,369.75
2019-07-08 09:00:00+00:00,611.5
2019-07-08 10:00:00+00:00,1705.75
2019-07-08 11:00:00+00:00,851.25
2019-07-08 12:00:00+00:00,465.5
2019-07-08 13:00:00+00:00,404.5
2019-07-08 14:00:00+00:00,320.25
2019-07-08 15:00:00+00:00,360.5
2019-07-08 16:00:00+00:00,1323.0
2019-07-08 17:00:00+00:00,1459.0
2019-07-08 18:00:00+00:00,1113.0
2019-07-08 19:00:00+00:00,1086.0
2019-07-08 20:00:00+00:00,378.5
2019-07-08 21:00:00+00:00,369.75
2019-07-08 22:00:00+00:00,336.0
2019-07-08 23:00:00+00:00,231.0
2019-07-09 00:00:00+00:00,167.5
2019-07-09 01:00:00+00:00,157.75
2019-07-09 02:00:00+00:00,164.5
2019-07-09 03:00:00+00:00,482.5
2019-07-09 04:00:00+00:00,238.0
2019-07-09 05:00:00+00:00,232.5
2019-07-09 06:00:00+00:00,238.0
2019-07-09 07:00:00+00:00,456.5
2019-07-09 08:00:00+00:00,276.5
2019-07-09 09:00:00+00:00,573.25
2019-07-09 10:00:00+00:00,1520.25
2019-07-09 11:00:00+00:00,317.0
2019-07-09 12:00:00+00:00,372.5
2019-07-09 13:00:00+00:00,1371.75
2019-07-09 14:00:00+00:00,823.5
2019-07-09 15:00:00+00:00,1163.0
2019-07-09 16:00:00+00:00,1966.5
2019-07-09 17:00:00+00:00,1985.0
2019-07-09 18:00:00+00:00,348.25
2019-07-09 19:00:00+00:00,289.75
2019-07-09 20:00:00+00:00,367.75
2019-07-09 21:00:00+00:00,424.0
2019-07-09 22:00:00+00:00,228.0
2019-07-09 23:00:00+00:00,175.25
2019-07-10 00:00:00+00:00,168.5
2019-07-10 01:00:00+00:00,146.5
2019-07-10 02:00:00+00:00,140.0
2019-07-10 03:00:00+00:00,459.0
2019-07-10 04:00:00+00:00,215.25
2019-07-10 05:00:00+00:00,206.75
2019-07-10 06:00:00+00:00,312.75
2019-07-10 07:00:00+00:00,1299.25
2019-07-10 08:00:00+00:00,746.0
2019-07-10 09:00:00+00:00,415.25
2019-07-10 10:00:00+00:00,603.25
2019-07-10 11:00:00+00:00,364.5
2019-07-10 12:00:00+00:00,389.0
2019-07-10 13:00:00+00:00,306.75
2019-07-10 14:00:00+00:00,351.0
2019-07-10 15:00:00+00:00,390.5
2019-07-10 16:00:00+00:00,395.5
2019-07-10 17:00:00+00:00,376.25
2019-07-10 18:00:00+00:00,128.5
2019-07-10 19:00:00+00:00,195.75
2019-07-10 20:00:00+00:00,181.0
2019-07-10 21:00:00+00:00,285.25
2019-07-10 22:00:00+00:00,472.5
2019-07-10 23:00:00+00:00,303.25
2019-07-11 00:00:00+00:00,180.5
2019-07-11 01:00:00+00:00,169.75
2019-07-11 02:00:00+00:00,153.66666666666666
2019-07-11 03:00:00+00:00,454.25
2019-07-11 04:00:00+00:00,200.25
2019-07-11 05:00:00+00:00,218.0
2019-07-11 06:00:00+00:00,182.75
2019-07-11 07:00:00+00:00,213.0
2019-07-11 08:00:00+00:00,317.75
2019-07-11 09:00:00+00:00,445.0
2019-07-11 10:00:00+00:00,740.5
2019-07-11 11:00:00+00:00,564.75
2019-07-11 12:00:00+00:00,276.75
2019-07-11 13:00:00+00:00,1055.75
2019-07-11 14:00:00+00:00,1109.75
2019-07-11 15:00:00+00:00,309.25
2019-07-11 16:00:00+00:00,137.5
2019-07-11 17:00:00+00:00,235.0
2019-07-11 18:00:00+00:00,200.25
2019-07-11 19:00:00+00:00,616.75
2019-07-11 20:00:00+00:00,791.0
2019-07-11 21:00:00+00:00,1088.75
2019-07-11 22:00:00+00:00,688.75
2019-07-11 23:00:00+00:00,393.0
2019-07-12 00:00:00+00:00,132.75
2019-07-12 01:00:00+00:00,233.75
2019-07-12 02:00:00+00:00,371.75
2019-07-12 03:00:00+00:00,370.25
2019-07-12 04:00:00+00:00,88.25
2019-07-12 05:00:00+00:00,222.25
2019-07-12 06:00:00+00:00,300.75
2019-07-12 07:00:00+00:00,961.75
2019-07-12 08:00:00+00:00,922.0
2019-07-12 09:00:00+00:00,401.0
2019-07-12 10:00:00+00:00,586.75
2019-07-12 11:00:00+00:00,854.25
2019-07-12 12:00:00+00:00,857.5
2019-07-12 13:00:00+00:00,894.5
2019-07-12 14:00:00+00:00,350.0
2019-07-12 15:00:00+00:00,459.75
2019-07-12 16:00:00+00:00,226.5
2019-07-12 17:00:00+00:00,343.5
2019-07-12 18:00:00+00:00,177.25
2019-07-12 19:00:00+00:00,274.25
2019-07-12 20:00:00+00:00,217.25
2019-07-12 21:00:00+00:00,332.0
2019-07-12 22:00:00+00:00,267.25
2019-07-12 23:00:00+00:00,209.5
2019-07-13 00:00:00+00:00,255.5
2019-07-13 01:00:00+00:00,273.5
2019-07-13 02:00:00+00:00,269.25
2019-07-13 03:00:00+00:00,371.75
2019-07-13 04:00:00+00:00,110.25
2019-07-13 05:00:00+00:00,780.5
2019-07-13 06:00:00+00:00,363.0
2019-07-13 07:00:00+00:00,601.75
2019-07-13 08:00:00+00:00,885.5
2019-07-13 09:00:00+00:00,477.0
2019-07-13 10:00:00+00:00,1911.5
2019-07-13 11:00:00+00:00,1417.75
2019-07-13 12:00:00+00:00,3212.75
2019-07-13 13:00:00+00:00,2160.5
2019-07-13 14:00:00+00:00,779.25
2019-07-13 15:00:00+00:00,283.5
2019-07-13 16:00:00+00:00,338.25
2019-07-13 17:00:00+00:00,830.0
2019-07-13 18:00:00+00:00,114.5
2019-07-13 19:00:00+00:00,172.25
2019-07-13 20:00:00+00:00,150.75
2019-07-13 21:00:00+00:00,165.5
2019-07-13 22:00:00+00:00,342.5
2019-07-13 23:00:00+00:00,294.75
2019-07-14 00:00:00+00:00,188.25
2019-07-14 01:00:00+00:00,184.5
2019-07-14 02:00:00+00:00,258.5
2019-07-14 03:00:00+00:00,352.5
2019-07-14 04:00:00+00:00,225.5
2019-07-14 05:00:00+00:00,272.5
2019-07-14 06:00:00+00:00,228.0
2019-07-14 07:00:00+00:00,523.0
2019-07-14 08:00:00+00:00,847.25
2019-07-14 09:00:00+00:00,469.25
2019-07-14 10:00:00+00:00,532.0
2019-07-14 11:00:00+00:00,351.25
2019-07-14 12:00:00+00:00,852.25
2019-07-14 13:00:00+00:00,1501.75
2019-07-14 14:00:00+00:00,612.5
2019-07-14 15:00:00+00:00,1382.25
2019-07-14 16:00:00+00:00,553.75
2019-07-14 17:00:00+00:00,1032.25
2019-07-14 18:00:00+00:00,256.25
2019-07-14 19:00:00+00:00,276.25
2019-07-14 20:00:00+00:00,371.0
2019-07-14 21:00:00+00:00,285.75
2019-07-14 22:00:00+00:00,243.5
2019-07-14 23:00:00+00:00,173.0
2019-07-15 00:00:00+00:00,153.5
2019-07-15 01:00:00+00:00,186.75
2019-07-15 02:00:00+00:00,672.25
2019-07-15 03:00:00+00:00,971.5
2019-07-15 04:00:00+00:00,133.5
2019-07-15 05:00:00+00:00,193.0
2019-07-15 06:00:00+00:00,246.25
2019-07-15 07:00:00+00:00,267.75
2019-07-15 08:00:00+00:00,454.5
2019-07-15 09:00:00+00:00,390.75
2019-07-15 10:00:00+00:00,548.25
2019-07-15 11:00:00+00:00,248.5
2019-07-15 12:00:00+00:00,276.25
2019-07-15 13:00:00+00:00,276.25
2019-07-15 14:00:00+00:00,513.25
2019-07-15 15:00:00+00:00,486.5
2019-07-15 16:00:00+00:00,268.25
2019-07-15 17:00:00+00:00,756.0
2019-07-15 18:00:00+00:00,1814.0
2019-07-15 19:00:00+00:00,1388.25
2019-07-15 20:00:00+00:00,912.5
2019-07-15 21:00:00+00:00,403.25
2019-07-15 22:00:00+00:00,163.25
2019-07-15 23:00:00+00:00,197.75
2019-07-16 00:00:00+00:00,168.5
2019-07-16 01:00:00+00:00,232.0
2019-07-16 02:00:00+00:00,588.75
2019-07-16 03:00:00+00:00,617.0
2019-07-16 04:00:00+00:00,121.5
2019-07-16 05:00:00+00:00,213.0
2019-07-16 06:00:00+00:00,225.5
2019-07-16 07:00:00+00:00,283.0
2019-07-16 08:00:00+00:00,434.0
2019-07-16 09:00:00+00:00,413.5
2019-07-16 10:00:00+00:00,450.5
2019-07-16 11:00:00+00:00,345.0
2019-07-16 12:00:00+00:00,344.5
2019-07-16 13:00:00+00:00,396.5
2019-07-16 14:00:00+00:00,422.25
2019-07-16 15:00:00+00:00,376.25
2019-07-16 16:00:00+00:00,302.5
2019-07-16 17:00:00+00:00,373.75
2019-07-16 18:00:00+00:00,156.0
2019-07-16 19:00:00+00:00,366.75
2019-07-16 20:00:00+00:00,469.5
2019-07-16 21:00:00+00:00,223.0
2019-07-16 22:00:00+00:00,183.25
2019-07-16 23:00:00+00:00,171.75
2019-07-17 00:00:00+00:00,148.75
2019-07-17 01:00:00+00:00,224.75
2019-07-17 02:00:00+00:00,320.25
2019-07-17 03:00:00+00:00,722.25
2019-07-17 04:00:00+00:00,141.25
2019-07-17 05:00:00+00:00,186.75
2019-07-17 06:00:00+00:00,231.75
2019-07-17 07:00:00+00:00,334.25
2019-07-17 08:00:00+00:00,398.25
2019-07-17 09:00:00+00:00,550.0
2019-07-17 10:00:00+00:00,1145.25
2019-07-17 11:00:00+00:00,431.25
2019-07-17 12:00:00+00:00,675.75
2019-07-17 13:00:00+00:00,562.5
2019-07-17 14:00:00+00:00,735.75
2019-07-17 15:00:00+00:00,1132.25
2019-07-17 16:00:00+00:00,1615.25
2019-07-17 17:00:00+00:00,937.5
2019-07-17 18:00:00+00:00,300.25
2019-07-17 19:00:00+00:00,385.25
2019-07-17 20:00:00+00:00,815.25
2019-07-17 21:00:00+00:00,190.25
2019-07-17 22:00:00+00:00,175.0
2019-07-17 23:00:00+00:00,197.75
2019-07-18 00:00:00+00:00,280.75
2019-07-18 01:00:00+00:00,279.75
2019-07-18 02:00:00+00:00,416.5
2019-07-18 03:00:00+00:00,570.0
2019-07-18 04:00:00+00:00,143.0
2019-07-18 05:00:00+00:00,263.25
2019-07-18 06:00:00+00:00,341.25
2019-07-18 07:00:00+00:00,679.5
2019-07-18 08:00:00+00:00,737.25
2019-07-18 09:00:00+00:00,367.75
2019-07-18 10:00:00+00:00,523.0
2019-07-18 11:00:00+00:00,356.75
2019-07-18 12:00:00+00:00,476.75
2019-07-18 13:00:00+00:00,377.25
2019-07-18 14:00:00+00:00,374.5
2019-07-18 15:00:00+00:00,563.5
2019-07-18 16:00:00+00:00,641.75
2019-07-18 17:00:00+00:00,607.5
2019-07-18 18:00:00+00:00,419.0
2019-07-18 19:00:00+00:00,507.25
2019-07-18 20:00:00+00:00,384.25
2019-07-18 21:00:00+00:00,179.25
2019-07-18 22:00:00+00:00,211.0
2019-07-18 23:00:00+00:00,296.0
2019-07-19 00:00:00+00:00,272.0
2019-07-19 01:00:00+00:00,190.25
2019-07-19 02:00:00+00:00,181.0
2019-07-19 03:00:00+00:00,550.0
2019-07-19 04:00:00+00:00,693.25
2019-07-19 05:00:00+00:00,410.0
2019-07-19 06:00:00+00:00,331.75
2019-07-19 07:00:00+00:00,229.25
2019-07-19 08:00:00+00:00,1239.75
2019-07-19 09:00:00+00:00,1071.75
2019-07-19 10:00:00+00:00,690.5
2019-07-19 11:00:00+00:00,473.0
2019-07-19 12:00:00+00:00,338.75
2019-07-19 13:00:00+00:00,836.0
2019-07-19 14:00:00+00:00,426.5
2019-07-19 15:00:00+00:00,427.0
2019-07-19 16:00:00+00:00,881.25
2019-07-19 17:00:00+00:00,639.0
2019-07-19 18:00:00+00:00,206.75
2019-07-19 19:00:00+00:00,343.25
2019-07-19 20:00:00+00:00,458.25
2019-07-19 21:00:00+00:00,363.75
2019-07-19 22:00:00+00:00,211.75
2019-07-19 23:00:00+00:00,182.0
2019-07-20 00:00:00+00:00,146.5
2019-07-20 01:00:00+00:00,163.5
2019-07-20 02:00:00+00:00,321.0
2019-07-20 03:00:00+00:00,445.75
2019-07-20 04:00:00+00:00,106.5
2019-07-20 05:00:00+00:00,195.25
2019-07-20 06:00:00+00:00,447.75
2019-07-20 07:00:00+00:00,405.75
2019-07-20 08:00:00+00:00,992.25
2019-07-20 09:00:00+00:00,1662.0
2019-07-20 10:00:00+00:00,1162.0
2019-07-20 11:00:00+00:00,2493.5
2019-07-20 12:00:00+00:00,957.0
2019-07-20 13:00:00+00:00,407.75
2019-07-20 14:00:00+00:00,380.0
2019-07-20 15:00:00+00:00,279.25
2019-07-20 16:00:00+00:00,702.5
2019-07-20 17:00:00+00:00,1201.5
2019-07-20 18:00:00+00:00,887.25
2019-07-20 19:00:00+00:00,554.5
2019-07-20 20:00:00+00:00,363.5
2019-07-20 21:00:00+00:00,244.0
2019-07-20 22:00:00+00:00,202.25
2019-07-20 23:00:00+00:00,375.0
2019-07-21 00:00:00+00:00,315.5
2019-07-21 01:00:00+00:00,218.75
2019-07-21 02:00:00+00:00,175.5
2019-07-21 03:00:00+00:00,359.75
2019-07-21 04:00:00+00:00,199.75
2019-07-21 05:00:00+00:00,333.25
2019-07-21 06:00:00+00:00,1908.75
2019-07-21 07:00:00+00:00,712.25
2019-07-21 08:00:00+00:00,1389.25
2019-07-21 09:00:00+00:00,815.75
2019-07-21 10:00:00+00:00,1133.25
2019-07-21 11:00:00+00:00,673.25
2019-07-21 12:00:00+00:00,903.0
2019-07-21 13:00:00+00:00,575.5
2019-07-21 14:00:00+00:00,555.0
2019-07-21 15:00:00+00:00,502.25
2019-07-21 16:00:00+00:00,376.5
2019-07-21 17:00:00+00:00,580.75
2019-07-21 18:00:00+00:00,260.25
2019-07-21 19:00:00+00:00,911.0
2019-07-21 20:00:00+00:00,406.75
2019-07-21 21:00:00+00:00,198.75
2019-07-21 22:00:00+00:00,295.75
2019-07-21 23:00:00+00:00,280.0
2019-07-22 00:00:00+00:00,162.5
2019-07-22 01:00:00+00:00,157.25
2019-07-22 02:00:00+00:00,278.75
2019-07-22 03:00:00+00:00,808.75
2019-07-22 04:00:00+00:00,151.0
2019-07-22 05:00:00+00:00,220.5
2019-07-22 06:00:00+00:00,205.0
2019-07-22 07:00:00+00:00,369.0
2019-07-22 08:00:00+00:00,454.25
2019-07-22 09:00:00+00:00,357.25
2019-07-22 10:00:00+00:00,454.75
2019-07-22 11:00:00+00:00,331.75
2019-07-22 12:00:00+00:00,417.0
2019-07-22 13:00:00+00:00,429.25
2019-07-22 14:00:00+00:00,280.75
2019-07-22 15:00:00+00:00,295.5
2019-07-22 16:00:00+00:00,622.75
2019-07-22 17:00:00+00:00,577.75
2019-07-22 18:00:00+00:00,410.75
2019-07-22 19:00:00+00:00,659.5
2019-07-22 20:00:00+00:00,413.25
2019-07-22 21:00:00+00:00,190.75
2019-07-22 22:00:00+00:00,234.0
2019-07-22 23:00:00+00:00,283.75
2019-07-23 00:00:00+00:00,260.5
2019-07-23 01:00:00+00:00,172.75
2019-07-23 02:00:00+00:00,228.0
2019-07-23 03:00:00+00:00,755.25
2019-07-23 04:00:00+00:00,183.75
2019-07-23 05:00:00+00:00,228.75
2019-07-23 06:00:00+00:00,253.75
2019-07-23 07:00:00+00:00,257.25
2019-07-23 08:00:00+00:00,331.75
2019-07-23 09:00:00+00:00,462.75
2019-07-23 10:00:00+00:00,590.25
2019-07-23 11:00:00+00:00,359.25
2019-07-23 12:00:00+00:00,355.5
2019-07-23 13:00:00+00:00,322.75
2019-07-23 14:00:00+00:00,1009.5
2019-07-23 15:00:00+00:00,489.5
2019-07-23 16:00:00+00:00,395.5
2019-07-23 17:00:00+00:00,674.25
2019-07-23 18:00:00+00:00,419.25
2019-07-23 19:00:00+00:00,577.75
2019-07-23 20:00:00+00:00,689.25
2019-07-23 21:00:00+00:00,472.5
2019-07-23 22:00:00+00:00,280.75
2019-07-23 23:00:00+00:00,244.0
2019-07-24 00:00:00+00:00,174.5
2019-07-24 01:00:00+00:00,251.25
2019-07-24 02:00:00+00:00,726.25
2019-07-24 03:00:00+00:00,612.0
2019-07-24 04:00:00+00:00,59.0
2019-07-24 05:00:00+00:00,177.75
2019-07-24 06:00:00+00:00,287.75
2019-07-24 07:00:00+00:00,376.25
2019-07-24 08:00:00+00:00,403.5
2019-07-24 09:00:00+00:00,386.25
2019-07-24 10:00:00+00:00,444.25
2019-07-24 11:00:00+00:00,397.5
2019-07-24 12:00:00+00:00,686.25
2019-07-24 13:00:00+00:00,561.75
2019-07-24 14:00:00+00:00,509.75
2019-07-24 15:00:00+00:00,456.0
2019-07-24 16:00:00+00:00,905.0
2019-07-24 17:00:00+00:00,1683.75
2019-07-24 18:00:00+00:00,1210.5
2019-07-24 19:00:00+00:00,1258.0
2019-07-24 20:00:00+00:00,489.75
2019-07-24 21:00:00+00:00,392.5
2019-07-24 22:00:00+00:00,277.0
2019-07-24 23:00:00+00:00,354.75
2019-07-25 00:00:00+00:00,385.5
2019-07-25 01:00:00+00:00,294.0
2019-07-25 02:00:00+00:00,225.33333333333334
2019-07-25 03:00:00+00:00,541.75
2019-07-25 04:00:00+00:00,104.0
2019-07-25 05:00:00+00:00,326.25
2019-07-25 06:00:00+00:00,705.75
2019-07-25 07:00:00+00:00,350.25
2019-07-25 08:00:00+00:00,359.75
2019-07-25 09:00:00+00:00,356.75
2019-07-25 10:00:00+00:00,1179.0
2019-07-25 11:00:00+00:00,1246.75
2019-07-25 12:00:00+00:00,672.5
2019-07-25 13:00:00+00:00,413.25
2019-07-25 14:00:00+00:00,474.25
2019-07-25 15:00:00+00:00,505.75
2019-07-25 16:00:00+00:00,1554.75
2019-07-25 17:00:00+00:00,1468.25
2019-07-25 18:00:00+00:00,923.5
2019-07-25 19:00:00+00:00,954.25
2019-07-25 20:00:00+00:00,623.0
2019-07-25 21:00:00+00:00,471.75
2019-07-25 22:00:00+00:00,296.75
2019-07-25 23:00:00+00:00,229.75
2019-07-26 00:00:00+00:00,256.5
2019-07-26 01:00:00+00:00,298.0
2019-07-26 02:00:00+00:00,996.75
2019-07-26 03:00:00+00:00,955.75
2019-07-26 04:00:00+00:00,359.25
2019-07-26 05:00:00+00:00,672.25
2019-07-26 06:00:00+00:00,278.75
2019-07-26 07:00:00+00:00,912.5
2019-07-26 08:00:00+00:00,512.5
2019-07-26 09:00:00+00:00,440.0
2019-07-26 10:00:00+00:00,582.5
2019-07-26 11:00:00+00:00,631.5
2019-07-26 12:00:00+00:00,667.75
2019-07-26 13:00:00+00:00,1505.75
2019-07-26 14:00:00+00:00,529.0
2019-07-26 15:00:00+00:00,573.25
2019-07-26 16:00:00+00:00,1567.25
2019-07-26 17:00:00+00:00,1318.25
2019-07-26 18:00:00+00:00,1211.0
2019-07-26 19:00:00+00:00,1179.0
2019-07-26 20:00:00+00:00,494.75
2019-07-26 21:00:00+00:00,463.5
2019-07-26 22:00:00+00:00,446.25
2019-07-26 23:00:00+00:00,313.0
2019-07-27 00:00:00+00:00,225.75
2019-07-27 01:00:00+00:00,223.75
2019-07-27 02:00:00+00:00,322.5
2019-07-27 03:00:00+00:00,490.0
2019-07-27 04:00:00+00:00,305.25
2019-07-27 05:00:00+00:00,220.75
2019-07-27 06:00:00+00:00,116.5
2019-07-27 07:00:00+00:00,250.75
2019-07-27 08:00:00+00:00,478.0
2019-07-27 09:00:00+00:00,550.0
2019-07-27 10:00:00+00:00,951.0
2019-07-27 11:00:00+00:00,347.5
2019-07-27 12:00:00+00:00,520.5
2019-07-27 13:00:00+00:00,428.0
2019-07-27 14:00:00+00:00,571.5
2019-07-27 15:00:00+00:00,745.5
2019-07-27 16:00:00+00:00,622.75
2019-07-27 17:00:00+00:00,366.25
2019-07-27 18:00:00+00:00,258.25
2019-07-27 19:00:00+00:00,425.75
2019-07-27 20:00:00+00:00,509.75
2019-07-27 21:00:00+00:00,360.5
2019-07-27 22:00:00+00:00,213.75
2019-07-27 23:00:00+00:00,245.25
2019-07-28 00:00:00+00:00,217.75
2019-07-28 01:00:00+00:00,293.25
2019-07-28 02:00:00+00:00,284.5
2019-07-28 03:00:00+00:00,351.5
2019-07-28 04:00:00+00:00,130.5
2019-07-28 05:00:00+00:00,257.25
2019-07-28 06:00:00+00:00,1803.75
2019-07-28 07:00:00+00:00,1820.0
2019-07-28 08:00:00+00:00,651.25
2019-07-28 09:00:00+00:00,528.5
2019-07-28 10:00:00+00:00,1159.75
2019-07-28 11:00:00+00:00,719.75
2019-07-28 12:00:00+00:00,501.0
2019-07-28 13:00:00+00:00,436.75
2019-07-28 14:00:00+00:00,1432.0
2019-07-28 15:00:00+00:00,1150.25
2019-07-28 16:00:00+00:00,911.5
2019-07-28 17:00:00+00:00,448.25
2019-07-28 18:00:00+00:00,639.5
2019-07-28 19:00:00+00:00,801.25
2019-07-28 20:00:00+00:00,653.5
2019-07-28 21:00:00+00:00,318.0
2019-07-28 22:00:00+00:00,190.5
2019-07-28 23:00:00+00:00,196.5
2019-07-29 00:00:00+00:00,290.5
2019-07-29 01:00:00+00:00,299.0
2019-07-29 02:00:00+00:00,297.75
2019-07-29 03:00:00+00:00,618.5
2019-07-29 04:00:00+00:00,269.75
2019-07-29 05:00:00+00:00,179.0
2019-07-29 06:00:00+00:00,89.5
2019-07-29 07:00:00+00:00,206.25
2019-07-29 08:00:00+00:00,99.75
2019-07-29 09:00:00+00:00,262.5
2019-07-29 10:00:00+00:00,520.75
2019-07-29 11:00:00+00:00,302.75
2019-07-29 12:00:00+00:00,227.25
2019-07-29 13:00:00+00:00,258.25
2019-07-29 14:00:00+00:00,307.0
2019-07-29 15:00:00+00:00,727.25
2019-07-29 16:00:00+00:00,758.5
2019-07-29 17:00:00+00:00,674.75
2019-07-29 18:00:00+00:00,1133.5
2019-07-29 19:00:00+00:00,850.0
2019-07-29 20:00:00+00:00,368.25
2019-07-29 21:00:00+00:00,294.5
2019-07-29 22:00:00+00:00,311.0
2019-07-29 23:00:00+00:00,217.0
2019-07-30 00:00:00+00:00,177.0
2019-07-30 01:00:00+00:00,183.5
2019-07-30 02:00:00+00:00,316.0
2019-07-30 03:00:00+00:00,707.0
2019-07-30 04:00:00+00:00,213.75
2019-07-30 05:00:00+00:00,111.5
2019-07-30 06:00:00+00:00,192.25
2019-07-30 07:00:00+00:00,241.0
2019-07-30 08:00:00+00:00,538.25
2019-07-30 09:00:00+00:00,373.0
2019-07-30 10:00:00+00:00,481.75
2019-07-30 11:00:00+00:00,320.5
2019-07-30 12:00:00+00:00,281.25
2019-07-30 13:00:00+00:00,324.25
2019-07-30 14:00:00+00:00,353.0
2019-07-30 15:00:00+00:00,404.25
2019-07-30 16:00:00+00:00,447.75
2019-07-30 17:00:00+00:00,566.0
2019-07-30 18:00:00+00:00,1007.5
2019-07-30 19:00:00+00:00,987.0
2019-07-30 20:00:00+00:00,551.5
2019-07-30 21:00:00+00:00,366.5
2019-07-30 22:00:00+00:00,248.5
2019-07-30 23:00:00+00:00,190.5
2019-07-31 00:00:00+00:00,189.25
2019-07-31 01:00:00+00:00,223.5
2019-07-31 02:00:00+00:00,319.0
2019-07-31 03:00:00+00:00,855.5
2019-07-31 04:00:00+00:00,275.5
2019-07-31 05:00:00+00:00,74.25
2019-07-31 06:00:00+00:00,314.25
2019-07-31 07:00:00+00:00,300.5
2019-07-31 08:00:00+00:00,336.25
2019-07-31 09:00:00+00:00,347.0
2019-07-31 10:00:00+00:00,386.75
2019-07-31 11:00:00+00:00,443.75
2019-07-31 12:00:00+00:00,566.25
2019-07-31 13:00:00+00:00,360.5
2019-07-31 14:00:00+00:00,393.25
2019-07-31 15:00:00+00:00,915.0
2019-07-31 16:00:00+00:00,608.0
2019-07-31 17:00:00+00:00,981.5
2019-07-31 18:00:00+00:00,804.25
2019-07-31 19:00:00+00:00,556.0
2019-07-31 20:00:00+00:00,541.75
2019-07-31 21:00:00+00:00,408.0
2019-07-31 22:00:00+00:00,195.25
2019-07-31 23:00:00+00:00,180.75
2019-08-01 00:00:00+00:00,176.75
2019-08-01 01:00:00+00:00,177.86666666666667
2019-08-01 02:00:00+00:00,178.98333333333335
2019-08-01 03:00:00+00:00,180.1
2019-08-01 04:00:00+00:00,181.21666666666667
2019-08-01 05:00:00+00:00,182.33333333333334
2019-08-01 06:00:00+00:00,229.25
2019-08-01 07:00:00+00:00,366.75
2019-08-01 08:00:00+00:00,424.0
2019-08-01 09:00:00+00:00,638.75
2019-08-01 10:00:00+00:00,456.0
2019-08-01 11:00:00+00:00,440.5
2019-08-01 12:00:00+00:00,858.5
2019-08-01 13:00:00+00:00,471.5
2019-08-01 14:00:00+00:00,427.0
2019-08-01 15:00:00+00:00,384.25
2019-08-01 16:00:00+00:00,467.0
2019-08-01 17:00:00+00:00,992.75
2019-08-01 18:00:00+00:00,442.5
2019-08-01 19:00:00+00:00,657.75
2019-08-01 20:00:00+00:00,437.0
2019-08-01 21:00:00+00:00,236.0
2019-08-01 22:00:00+00:00,229.25
2019-08-01 23:00:00+00:00,234.5
2019-08-02 00:00:00+00:00,213.25
2019-08-02 01:00:00+00:00,299.25
2019-08-02 02:00:00+00:00,220.25
2019-08-02 03:00:00+00:00,643.25
2019-08-02 04:00:00+00:00,321.5
2019-08-02 05:00:00+00:00,225.75
2019-08-02 06:00:00+00:00,309.75
2019-08-02 07:00:00+00:00,391.25
2019-08-02 08:00:00+00:00,327.75
2019-08-02 09:00:00+00:00,359.75
2019-08-02 10:00:00+00:00,704.0
2019-08-02 11:00:00+00:00,340.75
2019-08-02 12:00:00+00:00,488.5
2019-08-02 13:00:00+00:00,519.5
2019-08-02 14:00:00+00:00,280.75
2019-08-02 15:00:00+00:00,718.25
2019-08-02 16:00:00+00:00,592.5
2019-08-02 17:00:00+00:00,658.75
2019-08-02 18:00:00+00:00,4340.0
2019-08-02 19:00:00+00:00,3606.5
2019-08-02 20:00:00+00:00,525.25
2019-08-02 21:00:00+00:00,311.25
2019-08-02 22:00:00+00:00,154.0
2019-08-02 23:00:00+00:00,167.0
2019-08-03 00:00:00+00:00,261.75
2019-08-03 01:00:00+00:00,298.25
2019-08-03 02:00:00+00:00,210.5
2019-08-03 03:00:00+00:00,368.5
2019-08-03 04:00:00+00:00,145.5
2019-08-03 05:00:00+00:00,833.0
2019-08-03 06:00:00+00:00,1248.75
2019-08-03 07:00:00+00:00,3300.5
2019-08-03 08:00:00+00:00,2134.75
2019-08-03 09:00:00+00:00,2467.5
2019-08-03 10:00:00+00:00,1593.0
2019-08-03 11:00:00+00:00,253.0
2019-08-03 12:00:00+00:00,421.5
2019-08-03 13:00:00+00:00,368.25
2019-08-03 14:00:00+00:00,387.75
2019-08-03 15:00:00+00:00,487.75
2019-08-03 16:00:00+00:00,355.0
2019-08-03 17:00:00+00:00,447.0
2019-08-03 18:00:00+00:00,258.0
2019-08-03 19:00:00+00:00,773.75
2019-08-03 20:00:00+00:00,719.5
2019-08-03 21:00:00+00:00,298.6666666666667
2019-08-03 22:00:00+00:00,287.6666666666667
2019-08-03 23:00:00+00:00,221.75
2019-08-04 00:00:00+00:00,285.25
2019-08-04 01:00:00+00:00,282.75
2019-08-04 02:00:00+00:00,183.0
2019-08-04 03:00:00+00:00,358.0
2019-08-04 04:00:00+00:00,1099.0
2019-08-04 05:00:00+00:00,1182.75
2019-08-04 06:00:00+00:00,1849.0
2019-08-04 07:00:00+00:00,602.5
2019-08-04 08:00:00+00:00,522.25
2019-08-04 09:00:00+00:00,475.5
2019-08-04 10:00:00+00:00,1389.5
2019-08-04 11:00:00+00:00,709.0
2019-08-04 12:00:00+00:00,522.75
2019-08-04 13:00:00+00:00,718.25
2019-08-04 14:00:00+00:00,806.0
2019-08-04 15:00:00+00:00,323.25
2019-08-04 16:00:00+00:00,350.0
2019-08-04 17:00:00+00:00,941.5
2019-08-04 18:00:00+00:00,490.25
2019-08-04 19:00:00+00:00,576.25
2019-08-04 20:00:00+00:00,607.25
2019-08-04 21:00:00+00:00,325.75
2019-08-04 22:00:00+00:00,268.25
2019-08-04 23:00:00+00:00,277.0
2019-08-05 00:00:00+00:00,234.75
2019-08-05 01:00:00+00:00,189.25
2019-08-05 02:00:00+00:00,316.5
2019-08-05 03:00:00+00:00,708.25
2019-08-05 04:00:00+00:00,202.0
2019-08-05 05:00:00+00:00,205.0
2019-08-05 06:00:00+00:00,216.25
2019-08-05 07:00:00+00:00,220.75
2019-08-05 08:00:00+00:00,413.0
2019-08-05 09:00:00+00:00,516.5
2019-08-05 10:00:00+00:00,407.5
2019-08-05 11:00:00+00:00,224.75
2019-08-05 12:00:00+00:00,227.5
2019-08-05 13:00:00+00:00,255.75
2019-08-05 14:00:00+00:00,421.5
2019-08-05 15:00:00+00:00,496.0
2019-08-05 16:00:00+00:00,480.5
2019-08-05 17:00:00+00:00,507.75
2019-08-05 18:00:00+00:00,373.25
2019-08-05 19:00:00+00:00,923.75
2019-08-05 20:00:00+00:00,735.25
2019-08-05 21:00:00+00:00,488.75
2019-08-05 22:00:00+00:00,368.75
2019-08-05 23:00:00+00:00,369.25
2019-08-06 00:00:00+00:00,353.5
2019-08-06 01:00:00+00:00,443.25
2019-08-06 02:00:00+00:00,525.75
2019-08-06 03:00:00+00:00,622.0
2019-08-06 04:00:00+00:00,67.5
2019-08-06 05:00:00+00:00,193.5
2019-08-06 06:00:00+00:00,215.5
2019-08-06 07:00:00+00:00,355.25
2019-08-06 08:00:00+00:00,354.75
2019-08-06 09:00:00+00:00,389.75
2019-08-06 10:00:00+00:00,526.0
2019-08-06 11:00:00+00:00,620.75
2019-08-06 12:00:00+00:00,398.0
2019-08-06 13:00:00+00:00,456.25
2019-08-06 14:00:00+00:00,457.25
2019-08-06 15:00:00+00:00,431.0
2019-08-06 16:00:00+00:00,355.25
2019-08-06 17:00:00+00:00,1018.75
2019-08-06 18:00:00+00:00,288.25
2019-08-06 19:00:00+00:00,376.0
2019-08-06 20:00:00+00:00,542.0
2019-08-06 21:00:00+00:00,361.75
2019-08-06 22:00:00+00:00,185.5
2019-08-06 23:00:00+00:00,192.5
2019-08-07 00:00:00+00:00,173.75
2019-08-07 01:00:00+00:00,274.5
2019-08-07 02:00:00+00:00,326.0
2019-08-07 03:00:00+00:00,685.0
2019-08-07 04:00:00+00:00,164.0
2019-08-07 05:00:00+00:00,260.5
2019-08-07 06:00:00+00:00,120.0
2019-08-07 07:00:00+00:00,355.0
2019-08-07 08:00:00+00:00,617.5
2019-08-07 09:00:00+00:00,427.0
2019-08-07 10:00:00+00:00,558.75
2019-08-07 11:00:00+00:00,1074.0
2019-08-07 12:00:00+00:00,492.0
2019-08-07 13:00:00+00:00,470.0
2019-08-07 14:00:00+00:00,407.25
2019-08-07 15:00:00+00:00,416.5
2019-08-07 16:00:00+00:00,699.5
2019-08-07 17:00:00+00:00,5026.75
2019-08-07 18:00:00+00:00,3580.0
2019-08-07 19:00:00+00:00,1667.0
2019-08-07 20:00:00+00:00,436.25
2019-08-07 21:00:00+00:00,263.75
2019-08-07 22:00:00+00:00,180.75
2019-08-07 23:00:00+00:00,202.5
2019-08-08 00:00:00+00:00,287.75
2019-08-08 01:00:00+00:00,298.25
2019-08-08 02:00:00+00:00,240.5
2019-08-08 03:00:00+00:00,527.75
2019-08-08 04:00:00+00:00,130.5
2019-08-08 05:00:00+00:00,379.0
2019-08-08 06:00:00+00:00,548.5
2019-08-08 07:00:00+00:00,626.75
2019-08-08 08:00:00+00:00,416.25
2019-08-08 09:00:00+00:00,401.5
2019-08-08 10:00:00+00:00,311.75
2019-08-08 11:00:00+00:00,777.5
2019-08-08 12:00:00+00:00,634.0
2019-08-08 13:00:00+00:00,380.75
2019-08-08 14:00:00+00:00,429.0
2019-08-08 15:00:00+00:00,425.0
2019-08-08 16:00:00+00:00,451.5
2019-08-08 17:00:00+00:00,1518.0
2019-08-08 18:00:00+00:00,1075.5
2019-08-08 19:00:00+00:00,481.0
2019-08-08 20:00:00+00:00,420.25
2019-08-08 21:00:00+00:00,284.75
2019-08-08 22:00:00+00:00,264.0
2019-08-08 23:00:00+00:00,316.5
2019-08-09 00:00:00+00:00,276.75
2019-08-09 01:00:00+00:00,178.5
2019-08-09 02:00:00+00:00,139.5
2019-08-09 03:00:00+00:00,370.75
2019-08-09 04:00:00+00:00,331.75
2019-08-09 05:00:00+00:00,1053.5
2019-08-09 06:00:00+00:00,2386.5
2019-08-09 07:00:00+00:00,374.25
2019-08-09 08:00:00+00:00,375.25
2019-08-09 09:00:00+00:00,459.5
2019-08-09 10:00:00+00:00,679.0
2019-08-09 11:00:00+00:00,680.6851851851852
2019-08-09 12:00:00+00:00,682.3703703703703
2019-08-09 13:00:00+00:00,684.0555555555555
2019-08-09 14:00:00+00:00,685.7407407407408
2019-08-09 15:00:00+00:00,
2019-08-09 16:00:00+00:00,
2019-08-09 17:00:00+00:00,
2019-08-09 18:00:00+00:00,
2019-08-09 19:00:00+00:00,
2019-08-09 20:00:00+00:00,
2019-08-09 21:00:00+00:00,
2019-08-09 22:00:00+00:00,
2019-08-09 23:00:00+00:00,
2019-08-10 00:00:00+00:00,
2019-08-10 01:00:00+00:00,
2019-08-10 02:00:00+00:00,
2019-08-10 03:00:00+00:00,
2019-08-10 04:00:00+00:00,
2019-08-10 05:00:00+00:00,
2019-08-10 06:00:00+00:00,
2019-08-10 07:00:00+00:00,
2019-08-10 08:00:00+00:00,
2019-08-10 09:00:00+00:00,
2019-08-10 10:00:00+00:00,
2019-08-10 11:00:00+00:00,
2019-08-10 12:00:00+00:00,
2019-08-10 13:00:00+00:00,
2019-08-10 14:00:00+00:00,
2019-08-10 15:00:00+00:00,
2019-08-10 16:00:00+00:00,
2019-08-10 17:00:00+00:00,
2019-08-10 18:00:00+00:00,
2019-08-10 19:00:00+00:00,
2019-08-10 20:00:00+00:00,
2019-08-10 21:00:00+00:00,
2019-08-10 22:00:00+00:00,
2019-08-10 23:00:00+00:00,
2019-08-11 00:00:00+00:00,
2019-08-11 01:00:00+00:00,
2019-08-11 02:00:00+00:00,
2019-08-11 03:00:00+00:00,
2019-08-11 04:00:00+00:00,
2019-08-11 05:00:00+00:00,
2019-08-11 06:00:00+00:00,
2019-08-11 07:00:00+00:00,
2019-08-11 08:00:00+00:00,
2019-08-11 09:00:00+00:00,
2019-08-11 10:00:00+00:00,
2019-08-11 11:00:00+00:00,
2019-08-11 12:00:00+00:00,
2019-08-11 13:00:00+00:00,
2019-08-11 14:00:00+00:00,
2019-08-11 15:00:00+00:00,
2019-08-11 16:00:00+00:00,770.0
2019-08-11 17:00:00+00:00,1070.5
2019-08-11 18:00:00+00:00,461.5
2019-08-11 19:00:00+00:00,449.0
2019-08-11 20:00:00+00:00,463.25
2019-08-11 21:00:00+00:00,282.25
2019-08-11 22:00:00+00:00,235.5
2019-08-11 23:00:00+00:00,181.5
2019-08-12 00:00:00+00:00,213.25
2019-08-12 01:00:00+00:00,309.75
2019-08-12 02:00:00+00:00,295.25
2019-08-12 03:00:00+00:00,721.5
2019-08-12 04:00:00+00:00,308.25
2019-08-12 05:00:00+00:00,197.25
2019-08-12 06:00:00+00:00,86.25
2019-08-12 07:00:00+00:00,281.25
2019-08-12 08:00:00+00:00,283.5
2019-08-12 09:00:00+00:00,246.75
2019-08-12 10:00:00+00:00,457.25
2019-08-12 11:00:00+00:00,300.25
2019-08-12 12:00:00+00:00,202.25
2019-08-12 13:00:00+00:00,210.25
2019-08-12 14:00:00+00:00,321.0
2019-08-12 15:00:00+00:00,1993.25
2019-08-12 16:00:00+00:00,1400.25
2019-08-12 17:00:00+00:00,633.5
2019-08-12 18:00:00+00:00,607.5
2019-08-12 19:00:00+00:00,1187.0
2019-08-12 20:00:00+00:00,420.5
2019-08-12 21:00:00+00:00,417.25
2019-08-12 22:00:00+00:00,321.25
2019-08-12 23:00:00+00:00,177.25
2019-08-13 00:00:00+00:00,236.75
2019-08-13 01:00:00+00:00,206.25
2019-08-13 02:00:00+00:00,466.0
2019-08-13 03:00:00+00:00,754.5
2019-08-13 04:00:00+00:00,154.0
2019-08-13 05:00:00+00:00,26.25
2019-08-13 06:00:00+00:00,181.0
2019-08-13 07:00:00+00:00,202.5
2019-08-13 08:00:00+00:00,259.75
2019-08-13 09:00:00+00:00,589.0
2019-08-13 10:00:00+00:00,549.0
2019-08-13 11:00:00+00:00,291.75
2019-08-13 12:00:00+00:00,193.25
2019-08-13 13:00:00+00:00,335.25
2019-08-13 14:00:00+00:00,443.5
2019-08-13 15:00:00+00:00,405.25
2019-08-13 16:00:00+00:00,812.25
2019-08-13 17:00:00+00:00,948.25
2019-08-13 18:00:00+00:00,816.25
2019-08-13 19:00:00+00:00,1015.0
2019-08-13 20:00:00+00:00,585.5
2019-08-13 21:00:00+00:00,187.75
2019-08-13 22:00:00+00:00,163.25
2019-08-13 23:00:00+00:00,186.25
2019-08-14 00:00:00+00:00,262.75
2019-08-14 01:00:00+00:00,277.5
2019-08-14 02:00:00+00:00,198.5
2019-08-14 03:00:00+00:00,534.5
2019-08-14 04:00:00+00:00,368.5
2019-08-14 05:00:00+00:00,1249.75
2019-08-14 06:00:00+00:00,781.0
2019-08-14 07:00:00+00:00,291.25
2019-08-14 08:00:00+00:00,391.0
2019-08-14 09:00:00+00:00,425.5
2019-08-14 10:00:00+00:00,582.25
2019-08-14 11:00:00+00:00,468.5
2019-08-14 12:00:00+00:00,474.75
2019-08-14 13:00:00+00:00,472.5
2019-08-14 14:00:00+00:00,384.5
2019-08-14 15:00:00+00:00,417.75
2019-08-14 16:00:00+00:00,694.5
2019-08-14 17:00:00+00:00,590.25
2019-08-14 18:00:00+00:00,490.25
2019-08-14 19:00:00+00:00,666.25
2019-08-14 20:00:00+00:00,461.0
2019-08-14 21:00:00+00:00,288.5
2019-08-14 22:00:00+00:00,164.25
2019-08-14 23:00:00+00:00,249.0
2019-08-15 00:00:00+00:00,294.0
2019-08-15 01:00:00+00:00,232.0
2019-08-15 02:00:00+00:00,195.0
2019-08-15 03:00:00+00:00,952.25
2019-08-15 04:00:00+00:00,155.75
2019-08-15 05:00:00+00:00,234.25
2019-08-15 06:00:00+00:00,332.25
2019-08-15 07:00:00+00:00,355.5
2019-08-15 08:00:00+00:00,250.0
2019-08-15 09:00:00+00:00,1665.25
2019-08-15 10:00:00+00:00,634.25
2019-08-15 11:00:00+00:00,907.0
2019-08-15 12:00:00+00:00,636.0
2019-08-15 13:00:00+00:00,499.25
2019-08-15 14:00:00+00:00,413.75
2019-08-15 15:00:00+00:00,467.0
2019-08-15 16:00:00+00:00,1517.25
2019-08-15 17:00:00+00:00,1986.0
2019-08-15 18:00:00+00:00,353.25
2019-08-15 19:00:00+00:00,648.75
2019-08-15 20:00:00+00:00,396.5
2019-08-15 21:00:00+00:00,223.75
2019-08-15 22:00:00+00:00,154.25
2019-08-15 23:00:00+00:00,160.25
2019-08-16 00:00:00+00:00,293.5
2019-08-16 01:00:00+00:00,267.75
2019-08-16 02:00:00+00:00,139.75
2019-08-16 03:00:00+00:00,543.75
2019-08-16 04:00:00+00:00,187.25
2019-08-16 05:00:00+00:00,168.0
2019-08-16 06:00:00+00:00,272.0
2019-08-16 07:00:00+00:00,419.5
2019-08-16 08:00:00+00:00,246.25
2019-08-16 09:00:00+00:00,794.5
2019-08-16 10:00:00+00:00,2816.5
2019-08-16 11:00:00+00:00,1997.5
2019-08-16 12:00:00+00:00,1484.0
2019-08-16 13:00:00+00:00,2201.75
2019-08-16 14:00:00+00:00,428.75
2019-08-16 15:00:00+00:00,217.75
2019-08-16 16:00:00+00:00,358.25
2019-08-16 17:00:00+00:00,481.0
2019-08-16 18:00:00+00:00,109.25
2019-08-16 19:00:00+00:00,490.75
2019-08-16 20:00:00+00:00,279.75
2019-08-16 21:00:00+00:00,244.75
2019-08-16 22:00:00+00:00,264.5
2019-08-16 23:00:00+00:00,211.5
2019-08-17 00:00:00+00:00,283.5
2019-08-17 01:00:00+00:00,179.25
2019-08-17 02:00:00+00:00,122.25
2019-08-17 03:00:00+00:00,468.5
2019-08-17 04:00:00+00:00,250.0
2019-08-17 05:00:00+00:00,317.5
2019-08-17 06:00:00+00:00,314.25
2019-08-17 07:00:00+00:00,316.25
2019-08-17 08:00:00+00:00,334.75
2019-08-17 09:00:00+00:00,1799.0
2019-08-17 10:00:00+00:00,838.25
2019-08-17 11:00:00+00:00,356.25
2019-08-17 12:00:00+00:00,284.0
2019-08-17 13:00:00+00:00,239.75
2019-08-17 14:00:00+00:00,250.25
2019-08-17 15:00:00+00:00,296.75
2019-08-17 16:00:00+00:00,104.75
2019-08-17 17:00:00+00:00,296.0
2019-08-17 18:00:00+00:00,332.25
2019-08-17 19:00:00+00:00,326.5
2019-08-17 20:00:00+00:00,179.25
2019-08-17 21:00:00+00:00,284.0
2019-08-17 22:00:00+00:00,281.0
2019-08-17 23:00:00+00:00,192.75
2019-08-18 00:00:00+00:00,231.25
2019-08-18 01:00:00+00:00,168.75
2019-08-18 02:00:00+00:00,149.5
2019-08-18 03:00:00+00:00,419.25
2019-08-18 04:00:00+00:00,287.5
2019-08-18 05:00:00+00:00,173.0
2019-08-18 06:00:00+00:00,252.75
2019-08-18 07:00:00+00:00,358.3333333333333
2019-08-18 08:00:00+00:00,754.25
2019-08-18 09:00:00+00:00,732.0
2019-08-18 10:00:00+00:00,605.5
2019-08-18 11:00:00+00:00,398.25
2019-08-18 12:00:00+00:00,324.5
2019-08-18 13:00:00+00:00,290.0
2019-08-18 14:00:00+00:00,365.5
2019-08-18 15:00:00+00:00,386.25
2019-08-18 16:00:00+00:00,448.5
2019-08-18 17:00:00+00:00,535.25
2019-08-18 18:00:00+00:00,607.75
2019-08-18 19:00:00+00:00,420.75
2019-08-18 20:00:00+00:00,439.5
2019-08-18 21:00:00+00:00,426.25
2019-08-18 22:00:00+00:00,236.75
2019-08-18 23:00:00+00:00,172.0
2019-08-19 00:00:00+00:00,179.5
2019-08-19 01:00:00+00:00,232.25
2019-08-19 02:00:00+00:00,302.25
2019-08-19 03:00:00+00:00,783.0
2019-08-19 04:00:00+00:00,223.75
2019-08-19 05:00:00+00:00,84.5
2019-08-19 06:00:00+00:00,208.5
2019-08-19 07:00:00+00:00,310.25
2019-08-19 08:00:00+00:00,224.0
2019-08-19 09:00:00+00:00,281.75
2019-08-19 10:00:00+00:00,439.0
2019-08-19 11:00:00+00:00,300.75
2019-08-19 12:00:00+00:00,430.25
2019-08-19 13:00:00+00:00,403.25
2019-08-19 14:00:00+00:00,309.0
2019-08-19 15:00:00+00:00,844.25
2019-08-19 16:00:00+00:00,437.0
2019-08-19 17:00:00+00:00,467.5
2019-08-19 18:00:00+00:00,527.0
2019-08-19 19:00:00+00:00,1010.0
2019-08-19 20:00:00+00:00,223.75
2019-08-19 21:00:00+00:00,153.0
2019-08-19 22:00:00+00:00,172.75
2019-08-19 23:00:00+00:00,276.5
2019-08-20 00:00:00+00:00,281.25
2019-08-20 01:00:00+00:00,182.0
2019-08-20 02:00:00+00:00,208.5
2019-08-20 03:00:00+00:00,781.0
2019-08-20 04:00:00+00:00,267.25
2019-08-20 05:00:00+00:00,141.25
2019-08-20 06:00:00+00:00,207.5
2019-08-20 07:00:00+00:00,201.5
2019-08-20 08:00:00+00:00,252.5
2019-08-20 09:00:00+00:00,337.0
2019-08-20 10:00:00+00:00,465.25
2019-08-20 11:00:00+00:00,251.75
2019-08-20 12:00:00+00:00,253.5
2019-08-20 13:00:00+00:00,200.0
2019-08-20 14:00:00+00:00,192.5
2019-08-20 15:00:00+00:00,1192.75
2019-08-20 16:00:00+00:00,641.75
2019-08-20 17:00:00+00:00,2449.0
2019-08-20 18:00:00+00:00,2016.75
2019-08-20 19:00:00+00:00,499.5
2019-08-20 20:00:00+00:00,238.0
2019-08-20 21:00:00+00:00,217.75
2019-08-20 22:00:00+00:00,265.25
2019-08-20 23:00:00+00:00,253.5
2019-08-21 00:00:00+00:00,174.25
2019-08-21 01:00:00+00:00,147.75
2019-08-21 02:00:00+00:00,175.0
2019-08-21 03:00:00+00:00,802.75
2019-08-21 04:00:00+00:00,391.25
2019-08-21 05:00:00+00:00,186.75
2019-08-21 06:00:00+00:00,204.0
2019-08-21 07:00:00+00:00,221.25
2019-08-21 08:00:00+00:00,208.0
2019-08-21 09:00:00+00:00,336.75
2019-08-21 10:00:00+00:00,627.75
2019-08-21 11:00:00+00:00,280.75
2019-08-21 12:00:00+00:00,341.0
2019-08-21 13:00:00+00:00,294.75
2019-08-21 14:00:00+00:00,457.0
2019-08-21 15:00:00+00:00,386.25
2019-08-21 16:00:00+00:00,346.25
2019-08-21 17:00:00+00:00,307.5
2019-08-21 18:00:00+00:00,1640.0
2019-08-21 19:00:00+00:00,1236.0
2019-08-21 20:00:00+00:00,416.0
2019-08-21 21:00:00+00:00,162.0
2019-08-21 22:00:00+00:00,164.25
2019-08-21 23:00:00+00:00,178.5
2019-08-22 00:00:00+00:00,151.25
2019-08-22 01:00:00+00:00,278.0
2019-08-22 02:00:00+00:00,389.5
2019-08-22 03:00:00+00:00,680.75
2019-08-22 04:00:00+00:00,167.0
2019-08-22 05:00:00+00:00,163.75
2019-08-22 06:00:00+00:00,271.75
2019-08-22 07:00:00+00:00,353.0
2019-08-22 08:00:00+00:00,290.25
2019-08-22 09:00:00+00:00,299.5
2019-08-22 10:00:00+00:00,486.0
2019-08-22 11:00:00+00:00,347.5
2019-08-22 12:00:00+00:00,381.5
2019-08-22 13:00:00+00:00,422.25
2019-08-22 14:00:00+00:00,772.5
2019-08-22 15:00:00+00:00,342.75
2019-08-22 16:00:00+00:00,720.5
2019-08-22 17:00:00+00:00,1765.5
2019-08-22 18:00:00+00:00,1462.25
2019-08-22 19:00:00+00:00,1122.75
2019-08-22 20:00:00+00:00,210.0
2019-08-22 21:00:00+00:00,152.25
2019-08-22 22:00:00+00:00,181.5
2019-08-22 23:00:00+00:00,302.25
2019-08-23 00:00:00+00:00,228.0
2019-08-23 01:00:00+00:00,160.0
2019-08-23 02:00:00+00:00,209.75
2019-08-23 03:00:00+00:00,556.0
2019-08-23 04:00:00+00:00,750.25
2019-08-23 05:00:00+00:00,669.25
2019-08-23 06:00:00+00:00,211.75
2019-08-23 07:00:00+00:00,248.5
2019-08-23 08:00:00+00:00,283.0
2019-08-23 09:00:00+00:00,362.25
2019-08-23 10:00:00+00:00,537.0
2019-08-23 11:00:00+00:00,426.75
2019-08-23 12:00:00+00:00,336.25
2019-08-23 13:00:00+00:00,273.5
2019-08-23 14:00:00+00:00,489.5
2019-08-23 15:00:00+00:00,833.25
2019-08-23 16:00:00+00:00,473.5
2019-08-23 17:00:00+00:00,474.0
2019-08-23 18:00:00+00:00,586.75
2019-08-23 19:00:00+00:00,294.75
2019-08-23 20:00:00+00:00,154.0
2019-08-23 21:00:00+00:00,264.25
2019-08-23 22:00:00+00:00,299.25
2019-08-23 23:00:00+00:00,204.75
2019-08-24 00:00:00+00:00,171.75
2019-08-24 01:00:00+00:00,148.25
2019-08-24 02:00:00+00:00,217.0
2019-08-24 03:00:00+00:00,453.5
2019-08-24 04:00:00+00:00,248.0
2019-08-24 05:00:00+00:00,369.0
2019-08-24 06:00:00+00:00,271.0
2019-08-24 07:00:00+00:00,1361.5
2019-08-24 08:00:00+00:00,613.5
2019-08-24 09:00:00+00:00,826.5
2019-08-24 10:00:00+00:00,677.25
2019-08-24 11:00:00+00:00,329.5
2019-08-24 12:00:00+00:00,526.75
2019-08-24 13:00:00+00:00,1165.0
2019-08-24 14:00:00+00:00,986.0
2019-08-24 15:00:00+00:00,709.5
2019-08-24 16:00:00+00:00,1794.25
2019-08-24 17:00:00+00:00,1209.25
2019-08-24 18:00:00+00:00,1731.75
2019-08-24 19:00:00+00:00,517.0
2019-08-24 20:00:00+00:00,482.75
2019-08-24 21:00:00+00:00,259.5
2019-08-24 22:00:00+00:00,161.5
2019-08-24 23:00:00+00:00,178.5
2019-08-25 00:00:00+00:00,292.0
2019-08-25 01:00:00+00:00,277.25
2019-08-25 02:00:00+00:00,161.0
2019-08-25 03:00:00+00:00,370.25
2019-08-25 04:00:00+00:00,139.75
2019-08-25 05:00:00+00:00,203.0
2019-08-25 06:00:00+00:00,763.0
2019-08-25 07:00:00+00:00,1020.25
2019-08-25 08:00:00+00:00,290.75
2019-08-25 09:00:00+00:00,391.25
2019-08-25 10:00:00+00:00,815.5
2019-08-25 11:00:00+00:00,623.25
2019-08-25 12:00:00+00:00,1185.5
2019-08-25 13:00:00+00:00,377.25
2019-08-25 14:00:00+00:00,327.5
2019-08-25 15:00:00+00:00,345.25
2019-08-25 16:00:00+00:00,437.25
2019-08-25 17:00:00+00:00,963.5
2019-08-25 18:00:00+00:00,538.75
2019-08-25 19:00:00+00:00,483.0
2019-08-25 20:00:00+00:00,473.25
2019-08-25 21:00:00+00:00,259.25
2019-08-25 22:00:00+00:00,180.75
2019-08-25 23:00:00+00:00,223.0
2019-08-26 00:00:00+00:00,270.5
2019-08-26 01:00:00+00:00,211.25
2019-08-26 02:00:00+00:00,320.5
2019-08-26 03:00:00+00:00,719.0
2019-08-26 04:00:00+00:00,227.5
2019-08-26 05:00:00+00:00,159.0
2019-08-26 06:00:00+00:00,208.0
2019-08-26 07:00:00+00:00,313.5
2019-08-26 08:00:00+00:00,390.25
2019-08-26 09:00:00+00:00,367.75
2019-08-26 10:00:00+00:00,457.75
2019-08-26 11:00:00+00:00,414.25
2019-08-26 12:00:00+00:00,383.25
2019-08-26 13:00:00+00:00,323.0
2019-08-26 14:00:00+00:00,790.5
2019-08-26 15:00:00+00:00,321.75
2019-08-26 16:00:00+00:00,674.0
2019-08-26 17:00:00+00:00,428.5
2019-08-26 18:00:00+00:00,375.75
2019-08-26 19:00:00+00:00,297.5
2019-08-26 20:00:00+00:00,314.25
2019-08-26 21:00:00+00:00,296.25
2019-08-26 22:00:00+00:00,211.5
2019-08-26 23:00:00+00:00,172.75
2019-08-27 00:00:00+00:00,181.75
2019-08-27 01:00:00+00:00,280.0
2019-08-27 02:00:00+00:00,476.25
2019-08-27 03:00:00+00:00,756.0
2019-08-27 04:00:00+00:00,124.75
2019-08-27 05:00:00+00:00,274.75
2019-08-27 06:00:00+00:00,318.0
2019-08-27 07:00:00+00:00,237.0
2019-08-27 08:00:00+00:00,270.75
2019-08-27 09:00:00+00:00,396.75
2019-08-27 10:00:00+00:00,529.0
2019-08-27 11:00:00+00:00,405.0
2019-08-27 12:00:00+00:00,325.0
2019-08-27 13:00:00+00:00,434.0
2019-08-27 14:00:00+00:00,557.25
2019-08-27 15:00:00+00:00,527.25
2019-08-27 16:00:00+00:00,529.25
2019-08-27 17:00:00+00:00,757.5
2019-08-27 18:00:00+00:00,352.5
2019-08-27 19:00:00+00:00,513.25
2019-08-27 20:00:00+00:00,426.75
2019-08-27 21:00:00+00:00,210.75
2019-08-27 22:00:00+00:00,172.5
2019-08-27 23:00:00+00:00,221.5
2019-08-28 00:00:00+00:00,298.25
2019-08-28 01:00:00+00:00,253.5
2019-08-28 02:00:00+00:00,285.25
2019-08-28 03:00:00+00:00,652.75
2019-08-28 04:00:00+00:00,238.25
2019-08-28 05:00:00+00:00,243.75
2019-08-28 06:00:00+00:00,219.75
2019-08-28 07:00:00+00:00,220.25
2019-08-28 08:00:00+00:00,290.5
2019-08-28 09:00:00+00:00,324.25
2019-08-28 10:00:00+00:00,490.75
2019-08-28 11:00:00+00:00,333.75
2019-08-28 12:00:00+00:00,456.0
2019-08-28 13:00:00+00:00,428.75
2019-08-28 14:00:00+00:00,374.0
2019-08-28 15:00:00+00:00,551.25
2019-08-28 16:00:00+00:00,992.0
2019-08-28 17:00:00+00:00,2088.0
2019-08-28 18:00:00+00:00,1950.0
2019-08-28 19:00:00+00:00,476.25
2019-08-28 20:00:00+00:00,322.75
2019-08-28 21:00:00+00:00,207.25
2019-08-28 22:00:00+00:00,177.25
2019-08-28 23:00:00+00:00,282.5
2019-08-29 00:00:00+00:00,286.25
2019-08-29 01:00:00+00:00,220.0
2019-08-29 02:00:00+00:00,535.0
2019-08-29 03:00:00+00:00,774.75
2019-08-29 04:00:00+00:00,244.25
2019-08-29 05:00:00+00:00,171.0
2019-08-29 06:00:00+00:00,212.25
2019-08-29 07:00:00+00:00,283.25
2019-08-29 08:00:00+00:00,382.0
2019-08-29 09:00:00+00:00,244.0
2019-08-29 10:00:00+00:00,359.25
2019-08-29 11:00:00+00:00,312.25
2019-08-29 12:00:00+00:00,385.5
2019-08-29 13:00:00+00:00,367.75
2019-08-29 14:00:00+00:00,306.5
2019-08-29 15:00:00+00:00,1205.75
2019-08-29 16:00:00+00:00,1602.25
2019-08-29 17:00:00+00:00,1584.75
2019-08-29 18:00:00+00:00,853.0
2019-08-29 19:00:00+00:00,503.75
2019-08-29 20:00:00+00:00,399.25
2019-08-29 21:00:00+00:00,301.0
2019-08-29 22:00:00+00:00,291.5
2019-08-29 23:00:00+00:00,176.0
2019-08-30 00:00:00+00:00,197.5
2019-08-30 01:00:00+00:00,184.5
2019-08-30 02:00:00+00:00,278.5
2019-08-30 03:00:00+00:00,707.25
2019-08-30 04:00:00+00:00,142.5
2019-08-30 05:00:00+00:00,159.75
2019-08-30 06:00:00+00:00,1230.5
2019-08-30 07:00:00+00:00,489.25
2019-08-30 08:00:00+00:00,1567.75
2019-08-30 09:00:00+00:00,856.25
2019-08-30 10:00:00+00:00,1609.0
2019-08-30 11:00:00+00:00,1477.0
2019-08-30 12:00:00+00:00,1083.25
2019-08-30 13:00:00+00:00,578.75
2019-08-30 14:00:00+00:00,821.0
2019-08-30 15:00:00+00:00,563.25
2019-08-30 16:00:00+00:00,1871.75
2019-08-30 17:00:00+00:00,962.75
2019-08-30 18:00:00+00:00,1057.25
2019-08-30 19:00:00+00:00,607.25
2019-08-30 20:00:00+00:00,334.75
2019-08-30 21:00:00+00:00,299.75
2019-08-30 22:00:00+00:00,283.0
2019-08-30 23:00:00+00:00,209.5
2019-08-31 00:00:00+00:00,172.0
2019-08-31 01:00:00+00:00,171.25
2019-08-31 02:00:00+00:00,323.25
2019-08-31 03:00:00+00:00,473.25
2019-08-31 04:00:00+00:00,207.5
2019-08-31 05:00:00+00:00,1009.25
2019-08-31 06:00:00+00:00,1069.0
2019-08-31 07:00:00+00:00,452.75
2019-08-31 08:00:00+00:00,310.0
2019-08-31 09:00:00+00:00,315.0
2019-08-31 10:00:00+00:00,557.34375
2019-08-31 11:00:00+00:00,799.6875
2019-08-31 12:00:00+00:00,1042.03125
2019-08-31 13:00:00+00:00,1284.375
2019-08-31 14:00:00+00:00,
2019-08-31 15:00:00+00:00,
2019-08-31 16:00:00+00:00,
2019-08-31 17:00:00+00:00,2253.75
2019-08-31 18:00:00+00:00,794.5
2019-08-31 19:00:00+00:00,638.0
2019-08-31 20:00:00+00:00,482.75
2019-08-31 21:00:00+00:00,318.5
2019-08-31 22:00:00+00:00,196.75
2019-08-31 23:00:00+00:00,334.5
2019-09-01 00:00:00+00:00,299.75
2019-09-01 01:00:00+00:00,208.75
2019-09-01 02:00:00+00:00,200.0
2019-09-01 03:00:00+00:00,401.5
2019-09-01 04:00:00+00:00,252.75
2019-09-01 05:00:00+00:00,452.0
2019-09-01 06:00:00+00:00,727.75
2019-09-01 07:00:00+00:00,727.5
2019-09-01 08:00:00+00:00,378.5
2019-09-01 09:00:00+00:00,407.75
2019-09-01 10:00:00+00:00,522.0
2019-09-01 11:00:00+00:00,270.75
2019-09-01 12:00:00+00:00,188.75
2019-09-01 13:00:00+00:00,309.75
2019-09-01 14:00:00+00:00,346.5
2019-09-01 15:00:00+00:00,311.0
2019-09-01 16:00:00+00:00,190.25
2019-09-01 17:00:00+00:00,351.5
2019-09-01 18:00:00+00:00,673.5
2019-09-01 19:00:00+00:00,582.5
2019-09-01 20:00:00+00:00,505.0
2019-09-01 21:00:00+00:00,228.0
2019-09-01 22:00:00+00:00,182.5
2019-09-01 23:00:00+00:00,223.75
2019-09-02 00:00:00+00:00,289.25
2019-09-02 01:00:00+00:00,281.0
2019-09-02 02:00:00+00:00,219.66666666666666
2019-09-02 03:00:00+00:00,663.5
2019-09-02 04:00:00+00:00,235.0
2019-09-02 05:00:00+00:00,240.25
2019-09-02 06:00:00+00:00,290.5
2019-09-02 07:00:00+00:00,255.75
2019-09-02 08:00:00+00:00,345.5
2019-09-02 09:00:00+00:00,879.25
2019-09-02 10:00:00+00:00,1149.5
2019-09-02 11:00:00+00:00,340.25
2019-09-02 12:00:00+00:00,367.25
2019-09-02 13:00:00+00:00,230.25
2019-09-02 14:00:00+00:00,443.75
2019-09-02 15:00:00+00:00,711.75
2019-09-02 16:00:00+00:00,1432.5
2019-09-02 17:00:00+00:00,1094.25
2019-09-02 18:00:00+00:00,654.75
2019-09-02 19:00:00+00:00,438.5
2019-09-02 20:00:00+00:00,470.5
2019-09-02 21:00:00+00:00,202.75
2019-09-02 22:00:00+00:00,181.0
2019-09-02 23:00:00+00:00,202.75
2019-09-03 00:00:00+00:00,191.0
2019-09-03 01:00:00+00:00,272.0
2019-09-03 02:00:00+00:00,331.75
2019-09-03 03:00:00+00:00,1001.25
2019-09-03 04:00:00+00:00,177.5
2019-09-03 05:00:00+00:00,152.5
2019-09-03 06:00:00+00:00,328.25
2019-09-03 07:00:00+00:00,266.5
2019-09-03 08:00:00+00:00,244.25
2019-09-03 09:00:00+00:00,339.5
2019-09-03 10:00:00+00:00,460.75
2019-09-03 11:00:00+00:00,474.25
2019-09-03 12:00:00+00:00,446.0
2019-09-03 13:00:00+00:00,387.0
2019-09-03 14:00:00+00:00,460.0
2019-09-03 15:00:00+00:00,521.25
2019-09-03 16:00:00+00:00,441.0
2019-09-03 17:00:00+00:00,456.75
2019-09-03 18:00:00+00:00,350.25
2019-09-03 19:00:00+00:00,414.0
2019-09-03 20:00:00+00:00,316.5
2019-09-03 21:00:00+00:00,168.75
2019-09-03 22:00:00+00:00,283.25
2019-09-03 23:00:00+00:00,283.75
2019-09-04 00:00:00+00:00,166.25
2019-09-04 01:00:00+00:00,168.5
2019-09-04 02:00:00+00:00,278.5
2019-09-04 03:00:00+00:00,672.75
2019-09-04 04:00:00+00:00,263.5
2019-09-04 05:00:00+00:00,141.5
2019-09-04 06:00:00+00:00,209.5
2019-09-04 07:00:00+00:00,268.5
2019-09-04 08:00:00+00:00,275.75
2019-09-04 09:00:00+00:00,429.5
2019-09-04 10:00:00+00:00,1035.75
2019-09-04 11:00:00+00:00,1096.5
2019-09-04 12:00:00+00:00,796.75
2019-09-04 13:00:00+00:00,327.75
2019-09-04 14:00:00+00:00,337.75
2019-09-04 15:00:00+00:00,384.5
2019-09-04 16:00:00+00:00,2007.0
2019-09-04 17:00:00+00:00,715.5
2019-09-04 18:00:00+00:00,679.75
2019-09-04 19:00:00+00:00,654.75
2019-09-04 20:00:00+00:00,390.0
2019-09-04 21:00:00+00:00,296.5
2019-09-04 22:00:00+00:00,186.25
2019-09-04 23:00:00+00:00,153.0
2019-09-05 00:00:00+00:00,181.5
2019-09-05 01:00:00+00:00,302.25
2019-09-05 02:00:00+00:00,402.25
2019-09-05 03:00:00+00:00,724.0
2019-09-05 04:00:00+00:00,179.5
2019-09-05 05:00:00+00:00,63.25
2019-09-05 06:00:00+00:00,257.75
2019-09-05 07:00:00+00:00,335.5
2019-09-05 08:00:00+00:00,361.0
2019-09-05 09:00:00+00:00,289.0
2019-09-05 10:00:00+00:00,467.25
2019-09-05 11:00:00+00:00,411.5
2019-09-05 12:00:00+00:00,409.5
2019-09-05 13:00:00+00:00,415.5
2019-09-05 14:00:00+00:00,804.75
2019-09-05 15:00:00+00:00,1375.75
2019-09-05 16:00:00+00:00,1324.25
2019-09-05 17:00:00+00:00,1786.5
2019-09-05 18:00:00+00:00,1578.0
2019-09-05 19:00:00+00:00,610.25
2019-09-05 20:00:00+00:00,486.75
2019-09-05 21:00:00+00:00,247.0
2019-09-05 22:00:00+00:00,159.25
2019-09-05 23:00:00+00:00,179.25
2019-09-06 00:00:00+00:00,299.75
2019-09-06 01:00:00+00:00,260.0
2019-09-06 02:00:00+00:00,227.0
2019-09-06 03:00:00+00:00,587.25
2019-09-06 04:00:00+00:00,771.75
2019-09-06 05:00:00+00:00,1696.5
2019-09-06 06:00:00+00:00,828.25
2019-09-06 07:00:00+00:00,312.25
2019-09-06 08:00:00+00:00,183.25
2019-09-06 09:00:00+00:00,328.25
2019-09-06 10:00:00+00:00,439.5
2019-09-06 11:00:00+00:00,462.0
2019-09-06 12:00:00+00:00,421.5
2019-09-06 13:00:00+00:00,173.5
2019-09-06 14:00:00+00:00,244.75
2019-09-06 15:00:00+00:00,220.25
2019-09-06 16:00:00+00:00,459.5
2019-09-06 17:00:00+00:00,606.5
2019-09-06 18:00:00+00:00,1412.5
2019-09-06 19:00:00+00:00,5386.75
2019-09-06 20:00:00+00:00,1017.25
2019-09-06 21:00:00+00:00,225.25
2019-09-06 22:00:00+00:00,158.5
2019-09-06 23:00:00+00:00,248.25
2019-09-07 00:00:00+00:00,277.75
2019-09-07 01:00:00+00:00,167.0
2019-09-07 02:00:00+00:00,244.75
2019-09-07 03:00:00+00:00,456.75
2019-09-07 04:00:00+00:00,484.75
2019-09-07 05:00:00+00:00,683.75
2019-09-07 06:00:00+00:00,2147.25
2019-09-07 07:00:00+00:00,1943.5
2019-09-07 08:00:00+00:00,1701.25
2019-09-07 09:00:00+00:00,286.75
2019-09-07 10:00:00+00:00,1442.25
2019-09-07 11:00:00+00:00,1233.0
2019-09-07 12:00:00+00:00,1586.0
2019-09-07 13:00:00+00:00,396.0
2019-09-07 14:00:00+00:00,243.25
2019-09-07 15:00:00+00:00,535.5
2019-09-07 16:00:00+00:00,248.25
2019-09-07 17:00:00+00:00,553.0
2019-09-07 18:00:00+00:00,441.75
2019-09-07 19:00:00+00:00,433.5
2019-09-07 20:00:00+00:00,168.0
2019-09-07 21:00:00+00:00,201.75
2019-09-07 22:00:00+00:00,219.75
2019-09-07 23:00:00+00:00,247.0
2019-09-08 00:00:00+00:00,238.0
2019-09-08 01:00:00+00:00,128.75
2019-09-08 02:00:00+00:00,213.75
2019-09-08 03:00:00+00:00,361.0
2019-09-08 04:00:00+00:00,209.0
2019-09-08 05:00:00+00:00,459.75
2019-09-08 06:00:00+00:00,1113.5
2019-09-08 07:00:00+00:00,1872.75
2019-09-08 08:00:00+00:00,2411.25
2019-09-08 09:00:00+00:00,1975.0
2019-09-08 10:00:00+00:00,2256.0
2019-09-08 11:00:00+00:00,475.5
2019-09-08 12:00:00+00:00,331.25
2019-09-08 13:00:00+00:00,1167.0
2019-09-08 14:00:00+00:00,650.75
2019-09-08 15:00:00+00:00,1419.5
2019-09-08 16:00:00+00:00,5910.0
2019-09-08 17:00:00+00:00,3693.5
2019-09-08 18:00:00+00:00,3305.5
2019-09-08 19:00:00+00:00,1053.0
2019-09-08 20:00:00+00:00,405.0
2019-09-08 21:00:00+00:00,345.5
2019-09-08 22:00:00+00:00,393.25
2019-09-08 23:00:00+00:00,310.5
2019-09-09 00:00:00+00:00,266.5
2019-09-09 01:00:00+00:00,255.25
2019-09-09 02:00:00+00:00,240.75
2019-09-09 03:00:00+00:00,1055.25
2019-09-09 04:00:00+00:00,446.75
2019-09-09 05:00:00+00:00,353.0
2019-09-09 06:00:00+00:00,148.5
2019-09-09 07:00:00+00:00,237.75
2019-09-09 08:00:00+00:00,206.5
2019-09-09 09:00:00+00:00,495.75
2019-09-09 10:00:00+00:00,1214.0
2019-09-09 11:00:00+00:00,476.25
2019-09-09 12:00:00+00:00,455.75
2019-09-09 13:00:00+00:00,355.5
2019-09-09 14:00:00+00:00,366.75
2019-09-09 15:00:00+00:00,693.75
2019-09-09 16:00:00+00:00,1203.5
2019-09-09 17:00:00+00:00,1798.75
2019-09-09 18:00:00+00:00,5952.75
2019-09-09 19:00:00+00:00,3274.75
2019-09-09 20:00:00+00:00,388.0
2019-09-09 21:00:00+00:00,227.5
2019-09-09 22:00:00+00:00,495.25
2019-09-09 23:00:00+00:00,381.5
2019-09-10 00:00:00+00:00,313.25
2019-09-10 01:00:00+00:00,265.0
2019-09-10 02:00:00+00:00,337.0
2019-09-10 03:00:00+00:00,757.0
2019-09-10 04:00:00+00:00,515.0
2019-09-10 05:00:00+00:00,293.5
2019-09-10 06:00:00+00:00,323.75
2019-09-10 07:00:00+00:00,315.5
2019-09-10 08:00:00+00:00,435.25
2019-09-10 09:00:00+00:00,1776.0
2019-09-10 10:00:00+00:00,572.75
2019-09-10 11:00:00+00:00,343.5
2019-09-10 12:00:00+00:00,340.25
2019-09-10 13:00:00+00:00,301.0
2019-09-10 14:00:00+00:00,313.0
2019-09-10 15:00:00+00:00,1818.5
2019-09-10 16:00:00+00:00,2146.25
2019-09-10 17:00:00+00:00,1290.5
2019-09-10 18:00:00+00:00,510.0
2019-09-10 19:00:00+00:00,587.5
2019-09-10 20:00:00+00:00,251.5
2019-09-10 21:00:00+00:00,359.25
2019-09-10 22:00:00+00:00,386.0
2019-09-10 23:00:00+00:00,369.75
2019-09-11 00:00:00+00:00,269.0
2019-09-11 01:00:00+00:00,302.25
2019-09-11 02:00:00+00:00,285.0
2019-09-11 03:00:00+00:00,639.75
2019-09-11 04:00:00+00:00,566.5
2019-09-11 05:00:00+00:00,353.5
2019-09-11 06:00:00+00:00,329.0
2019-09-11 07:00:00+00:00,555.5
2019-09-11 08:00:00+00:00,1212.75
2019-09-11 09:00:00+00:00,1001.0
2019-09-11 10:00:00+00:00,647.0
2019-09-11 11:00:00+00:00,379.75
2019-09-11 12:00:00+00:00,373.5
2019-09-11 13:00:00+00:00,352.5
2019-09-11 14:00:00+00:00,337.25
2019-09-11 15:00:00+00:00,399.5
2019-09-11 16:00:00+00:00,1130.75
2019-09-11 17:00:00+00:00,1089.5
2019-09-11 18:00:00+00:00,804.0
2019-09-11 19:00:00+00:00,495.0
2019-09-11 20:00:00+00:00,657.75
2019-09-11 21:00:00+00:00,388.75
2019-09-11 22:00:00+00:00,294.25
2019-09-11 23:00:00+00:00,264.25
2019-09-12 00:00:00+00:00,317.75
2019-09-12 01:00:00+00:00,353.25
2019-09-12 02:00:00+00:00,378.5
2019-09-12 03:00:00+00:00,723.75
2019-09-12 04:00:00+00:00,353.0
2019-09-12 05:00:00+00:00,199.5
2019-09-12 06:00:00+00:00,441.5
2019-09-12 07:00:00+00:00,256.5
2019-09-12 08:00:00+00:00,215.75
2019-09-12 09:00:00+00:00,269.75
2019-09-12 10:00:00+00:00,646.5
2019-09-12 11:00:00+00:00,315.5
2019-09-12 12:00:00+00:00,387.75
2019-09-12 13:00:00+00:00,212.75
2019-09-12 14:00:00+00:00,306.0
2019-09-12 15:00:00+00:00,724.0
2019-09-12 16:00:00+00:00,384.5
2019-09-12 17:00:00+00:00,426.0
2019-09-12 18:00:00+00:00,492.25
2019-09-12 19:00:00+00:00,418.75
2019-09-12 20:00:00+00:00,368.25
2019-09-12 21:00:00+00:00,314.5
2019-09-12 22:00:00+00:00,264.0
2019-09-12 23:00:00+00:00,287.25
2019-09-13 00:00:00+00:00,277.25
2019-09-13 01:00:00+00:00,289.25
2019-09-13 02:00:00+00:00,245.5
2019-09-13 03:00:00+00:00,628.75
2019-09-13 04:00:00+00:00,695.0
2019-09-13 05:00:00+00:00,479.75
2019-09-13 06:00:00+00:00,1248.0
2019-09-13 07:00:00+00:00,637.0
2019-09-13 08:00:00+00:00,1074.5
2019-09-13 09:00:00+00:00,406.5
2019-09-13 10:00:00+00:00,1014.5
2019-09-13 11:00:00+00:00,321.25
2019-09-13 12:00:00+00:00,269.75
2019-09-13 13:00:00+00:00,387.5
2019-09-13 14:00:00+00:00,538.25
2019-09-13 15:00:00+00:00,376.5
2019-09-13 16:00:00+00:00,157.0
2019-09-13 17:00:00+00:00,440.5
2019-09-13 18:00:00+00:00,1398.0
2019-09-13 19:00:00+00:00,952.75
2019-09-13 20:00:00+00:00,464.0
2019-09-13 21:00:00+00:00,179.25
2019-09-13 22:00:00+00:00,231.0
2019-09-13 23:00:00+00:00,318.0
2019-09-14 00:00:00+00:00,350.75
2019-09-14 01:00:00+00:00,363.75
2019-09-14 02:00:00+00:00,331.0
2019-09-14 03:00:00+00:00,388.25
2019-09-14 04:00:00+00:00,354.75
2019-09-14 05:00:00+00:00,442.0
2019-09-14 06:00:00+00:00,566.5
2019-09-14 07:00:00+00:00,722.0
2019-09-14 08:00:00+00:00,1431.25
2019-09-14 09:00:00+00:00,479.75
2019-09-14 10:00:00+00:00,595.75
2019-09-14 11:00:00+00:00,887.5
2019-09-14 12:00:00+00:00,1591.25
2019-09-14 13:00:00+00:00,721.25
2019-09-14 14:00:00+00:00,410.25
2019-09-14 15:00:00+00:00,274.5
2019-09-14 16:00:00+00:00,290.5
2019-09-14 17:00:00+00:00,560.75
2019-09-14 18:00:00+00:00,986.75
2019-09-14 19:00:00+00:00,532.25
2019-09-14 20:00:00+00:00,352.0
2019-09-14 21:00:00+00:00,468.0
2019-09-14 22:00:00+00:00,319.75
2019-09-14 23:00:00+00:00,405.75
2019-09-15 00:00:00+00:00,336.25
2019-09-15 01:00:00+00:00,304.5
2019-09-15 02:00:00+00:00,259.75
2019-09-15 03:00:00+00:00,433.0
2019-09-15 04:00:00+00:00,297.5
2019-09-15 05:00:00+00:00,511.5
2019-09-15 06:00:00+00:00,431.5
2019-09-15 07:00:00+00:00,558.75
2019-09-15 08:00:00+00:00,800.25
2019-09-15 09:00:00+00:00,1513.25
2019-09-15 10:00:00+00:00,1684.25
2019-09-15 11:00:00+00:00,826.0
2019-09-15 12:00:00+00:00,666.0
2019-09-15 13:00:00+00:00,280.0
2019-09-15 14:00:00+00:00,322.0
2019-09-15 15:00:00+00:00,500.25
2019-09-15 16:00:00+00:00,281.5
2019-09-15 17:00:00+00:00,860.75
2019-09-15 18:00:00+00:00,1224.25
2019-09-15 19:00:00+00:00,855.0
2019-09-15 20:00:00+00:00,406.75
2019-09-15 21:00:00+00:00,352.75
2019-09-15 22:00:00+00:00,296.75
2019-09-15 23:00:00+00:00,365.75
2019-09-16 00:00:00+00:00,375.75
2019-09-16 01:00:00+00:00,312.5
2019-09-16 02:00:00+00:00,331.0
2019-09-16 03:00:00+00:00,615.5
2019-09-16 04:00:00+00:00,601.75
2019-09-16 05:00:00+00:00,579.75
2019-09-16 06:00:00+00:00,872.25
2019-09-16 07:00:00+00:00,1708.5
2019-09-16 08:00:00+00:00,1156.5
2019-09-16 09:00:00+00:00,855.25
2019-09-16 10:00:00+00:00,1112.5
2019-09-16 11:00:00+00:00,421.75
2019-09-16 12:00:00+00:00,420.0
2019-09-16 13:00:00+00:00,277.5
2019-09-16 14:00:00+00:00,281.25
2019-09-16 15:00:00+00:00,220.25
2019-09-16 16:00:00+00:00,273.75
2019-09-16 17:00:00+00:00,1343.75
2019-09-16 18:00:00+00:00,987.75
2019-09-16 19:00:00+00:00,987.75
2019-09-16 20:00:00+00:00,684.5
2019-09-16 21:00:00+00:00,408.5
2019-09-16 22:00:00+00:00,128.5
2019-09-16 23:00:00+00:00,179.0
2019-09-17 00:00:00+00:00,203.0
2019-09-17 01:00:00+00:00,247.75
2019-09-17 02:00:00+00:00,255.75
2019-09-17 03:00:00+00:00,493.25
2019-09-17 04:00:00+00:00,301.5
2019-09-17 05:00:00+00:00,267.75
2019-09-17 06:00:00+00:00,561.25
2019-09-17 07:00:00+00:00,379.5
2019-09-17 08:00:00+00:00,348.75
2019-09-17 09:00:00+00:00,426.5
2019-09-17 10:00:00+00:00,538.25
2019-09-17 11:00:00+00:00,547.0
2019-09-17 12:00:00+00:00,681.75
2019-09-17 13:00:00+00:00,592.75
2019-09-17 14:00:00+00:00,487.0
2019-09-17 15:00:00+00:00,992.0
2019-09-17 16:00:00+00:00,357.0
2019-09-17 17:00:00+00:00,396.0
2019-09-17 18:00:00+00:00,821.75
2019-09-17 19:00:00+00:00,532.5
2019-09-17 20:00:00+00:00,387.25
2019-09-17 21:00:00+00:00,294.25
2019-09-17 22:00:00+00:00,253.25
2019-09-17 23:00:00+00:00,399.0
2019-09-18 00:00:00+00:00,376.75
2019-09-18 01:00:00+00:00,270.25
2019-09-18 02:00:00+00:00,333.0
2019-09-18 03:00:00+00:00,408.25
2019-09-18 04:00:00+00:00,345.75
2019-09-18 05:00:00+00:00,348.75
2019-09-18 06:00:00+00:00,625.0
2019-09-18 07:00:00+00:00,1334.0
2019-09-18 08:00:00+00:00,499.25
2019-09-18 09:00:00+00:00,393.5
2019-09-18 10:00:00+00:00,565.75
2019-09-18 11:00:00+00:00,1088.75
2019-09-18 12:00:00+00:00,880.25
2019-09-18 13:00:00+00:00,279.0
2019-09-18 14:00:00+00:00,232.25
2019-09-18 15:00:00+00:00,286.75
2019-09-18 16:00:00+00:00,568.5
2019-09-18 17:00:00+00:00,632.75
2019-09-18 18:00:00+00:00,589.75
2019-09-18 19:00:00+00:00,500.0
2019-09-18 20:00:00+00:00,359.75
2019-09-18 21:00:00+00:00,328.75
2019-09-18 22:00:00+00:00,551.25
2019-09-18 23:00:00+00:00,713.75
2019-09-19 00:00:00+00:00,369.25
2019-09-19 01:00:00+00:00,315.0
2019-09-19 02:00:00+00:00,267.5
2019-09-19 03:00:00+00:00,379.0
2019-09-19 04:00:00+00:00,362.5
2019-09-19 05:00:00+00:00,306.75
2019-09-19 06:00:00+00:00,680.0
2019-09-19 07:00:00+00:00,612.0
2019-09-19 08:00:00+00:00,565.25
2019-09-19 09:00:00+00:00,558.25
2019-09-19 10:00:00+00:00,746.5
2019-09-19 11:00:00+00:00,1803.0
2019-09-19 12:00:00+00:00,1170.0
2019-09-19 13:00:00+00:00,-605.5
2019-09-19 14:00:00+00:00,792.25
2019-09-19 15:00:00+00:00,376.5
2019-09-19 16:00:00+00:00,381.5
2019-09-19 17:00:00+00:00,744.25
2019-09-19 18:00:00+00:00,755.0
2019-09-19 19:00:00+00:00,1160.5
2019-09-19 20:00:00+00:00,950.5
2019-09-19 21:00:00+00:00,551.5
2019-09-19 22:00:00+00:00,338.0
2019-09-19 23:00:00+00:00,377.5
2019-09-20 00:00:00+00:00,355.75
2019-09-20 01:00:00+00:00,404.75
2019-09-20 02:00:00+00:00,310.75
2019-09-20 03:00:00+00:00,500.0
2019-09-20 04:00:00+00:00,320.0
2019-09-20 05:00:00+00:00,243.25
2019-09-20 06:00:00+00:00,708.25
2019-09-20 07:00:00+00:00,433.0
2019-09-20 08:00:00+00:00,612.0
2019-09-20 09:00:00+00:00,490.5
2019-09-20 10:00:00+00:00,496.5
2019-09-20 11:00:00+00:00,732.25
2019-09-20 12:00:00+00:00,381.5
2019-09-20 13:00:00+00:00,405.0
2019-09-20 14:00:00+00:00,461.0
2019-09-20 15:00:00+00:00,370.25
2019-09-20 16:00:00+00:00,564.0
2019-09-20 17:00:00+00:00,413.5
2019-09-20 18:00:00+00:00,542.0
2019-09-20 19:00:00+00:00,815.25
2019-09-20 20:00:00+00:00,792.25
2019-09-20 21:00:00+00:00,567.0
2019-09-20 22:00:00+00:00,510.75
2019-09-20 23:00:00+00:00,483.25
2019-09-21 00:00:00+00:00,469.0
2019-09-21 01:00:00+00:00,571.25
2019-09-21 02:00:00+00:00,628.0
2019-09-21 03:00:00+00:00,532.75
2019-09-21 04:00:00+00:00,275.0
2019-09-21 05:00:00+00:00,455.75
2019-09-21 06:00:00+00:00,446.75
2019-09-21 07:00:00+00:00,319.75
2019-09-21 08:00:00+00:00,588.5
2019-09-21 09:00:00+00:00,1540.5
2019-09-21 10:00:00+00:00,1062.5
2019-09-21 11:00:00+00:00,1398.0
2019-09-21 12:00:00+00:00,897.5
2019-09-21 13:00:00+00:00,388.5
2019-09-21 14:00:00+00:00,1404.5
2019-09-21 15:00:00+00:00,357.5
2019-09-21 16:00:00+00:00,392.0
2019-09-21 17:00:00+00:00,1071.5
2019-09-21 18:00:00+00:00,1430.25
2019-09-21 19:00:00+00:00,1026.75
2019-09-21 20:00:00+00:00,817.5
2019-09-21 21:00:00+00:00,354.75
2019-09-21 22:00:00+00:00,276.25
2019-09-21 23:00:00+00:00,393.5
2019-09-22 00:00:00+00:00,338.25
2019-09-22 01:00:00+00:00,341.25
2019-09-22 02:00:00+00:00,274.5
2019-09-22 03:00:00+00:00,398.0
2019-09-22 04:00:00+00:00,392.0
2019-09-22 05:00:00+00:00,292.0
2019-09-22 06:00:00+00:00,1148.0
2019-09-22 07:00:00+00:00,768.0
2019-09-22 08:00:00+00:00,730.0
2019-09-22 09:00:00+00:00,1125.25
2019-09-22 10:00:00+00:00,677.75
2019-09-22 11:00:00+00:00,448.25
2019-09-22 12:00:00+00:00,742.0
2019-09-22 13:00:00+00:00,682.75
2019-09-22 14:00:00+00:00,698.5
2019-09-22 15:00:00+00:00,743.0
2019-09-22 16:00:00+00:00,1134.75
2019-09-22 17:00:00+00:00,892.5
2019-09-22 18:00:00+00:00,1568.0
2019-09-22 19:00:00+00:00,2230.0
2019-09-22 20:00:00+00:00,1016.75
2019-09-22 21:00:00+00:00,282.0
2019-09-22 22:00:00+00:00,132.75
2019-09-22 23:00:00+00:00,139.5
2019-09-23 00:00:00+00:00,233.0
2019-09-23 01:00:00+00:00,396.25
2019-09-23 02:00:00+00:00,330.0
2019-09-23 03:00:00+00:00,385.75
2019-09-23 04:00:00+00:00,278.75
2019-09-23 05:00:00+00:00,450.0
2019-09-23 06:00:00+00:00,518.25
2019-09-23 07:00:00+00:00,586.5
2019-09-23 08:00:00+00:00,467.5
2019-09-23 09:00:00+00:00,335.5
2019-09-23 10:00:00+00:00,836.75
2019-09-23 11:00:00+00:00,591.5
2019-09-23 12:00:00+00:00,394.25
2019-09-23 13:00:00+00:00,301.25
2019-09-23 14:00:00+00:00,258.5
2019-09-23 15:00:00+00:00,140.5
2019-09-23 16:00:00+00:00,297.75
2019-09-23 17:00:00+00:00,646.75
2019-09-23 18:00:00+00:00,584.25
2019-09-23 19:00:00+00:00,561.75
2019-09-23 20:00:00+00:00,704.5
2019-09-23 21:00:00+00:00,469.0
2019-09-23 22:00:00+00:00,277.75
2019-09-23 23:00:00+00:00,255.25
2019-09-24 00:00:00+00:00,369.25
2019-09-24 01:00:00+00:00,337.25
2019-09-24 02:00:00+00:00,312.0
2019-09-24 03:00:00+00:00,380.75
2019-09-24 04:00:00+00:00,650.0
2019-09-24 05:00:00+00:00,519.25
2019-09-24 06:00:00+00:00,557.25
2019-09-24 07:00:00+00:00,551.0
2019-09-24 08:00:00+00:00,321.75
2019-09-24 09:00:00+00:00,273.25
2019-09-24 10:00:00+00:00,512.75
2019-09-24 11:00:00+00:00,580.75
2019-09-24 12:00:00+00:00,598.75
2019-09-24 13:00:00+00:00,1508.25
2019-09-24 14:00:00+00:00,455.5
2019-09-24 15:00:00+00:00,415.25
2019-09-24 16:00:00+00:00,2092.25
2019-09-24 17:00:00+00:00,571.25
2019-09-24 18:00:00+00:00,610.75
2019-09-24 19:00:00+00:00,577.0
2019-09-24 20:00:00+00:00,538.75
2019-09-24 21:00:00+00:00,320.75
2019-09-24 22:00:00+00:00,295.25
2019-09-24 23:00:00+00:00,306.25
2019-09-25 00:00:00+00:00,388.5
2019-09-25 01:00:00+00:00,343.0
2019-09-25 02:00:00+00:00,295.25
2019-09-25 03:00:00+00:00,406.5
2019-09-25 04:00:00+00:00,252.0
2019-09-25 05:00:00+00:00,169.25
2019-09-25 06:00:00+00:00,690.0
2019-09-25 07:00:00+00:00,406.75
2019-09-25 08:00:00+00:00,261.0
2019-09-25 09:00:00+00:00,529.75
2019-09-25 10:00:00+00:00,679.5
2019-09-25 11:00:00+00:00,1129.75
2019-09-25 12:00:00+00:00,1149.0
2019-09-25 13:00:00+00:00,564.0
2019-09-25 14:00:00+00:00,1088.25
2019-09-25 15:00:00+00:00,294.5
2019-09-25 16:00:00+00:00,560.25
2019-09-25 17:00:00+00:00,1766.75
2019-09-25 18:00:00+00:00,842.0
2019-09-25 19:00:00+00:00,591.25
2019-09-25 20:00:00+00:00,416.0
2019-09-25 21:00:00+00:00,381.5
2019-09-25 22:00:00+00:00,263.75
2019-09-25 23:00:00+00:00,391.75
2019-09-26 00:00:00+00:00,334.0
2019-09-26 01:00:00+00:00,287.5
2019-09-26 02:00:00+00:00,261.0
2019-09-26 03:00:00+00:00,433.75
2019-09-26 04:00:00+00:00,241.25
2019-09-26 05:00:00+00:00,342.75
2019-09-26 06:00:00+00:00,472.75
2019-09-26 07:00:00+00:00,429.75
2019-09-26 08:00:00+00:00,302.5
2019-09-26 09:00:00+00:00,501.25
2019-09-26 10:00:00+00:00,2073.75
2019-09-26 11:00:00+00:00,645.5
2019-09-26 12:00:00+00:00,1158.75
2019-09-26 13:00:00+00:00,809.25
2019-09-26 14:00:00+00:00,640.25
2019-09-26 15:00:00+00:00,1356.25
2019-09-26 16:00:00+00:00,599.75
2019-09-26 17:00:00+00:00,728.0
2019-09-26 18:00:00+00:00,3901.25
2019-09-26 19:00:00+00:00,3261.0
2019-09-26 20:00:00+00:00,333.75
2019-09-26 21:00:00+00:00,334.75
2019-09-26 22:00:00+00:00,243.0
2019-09-26 23:00:00+00:00,138.75
2019-09-27 00:00:00+00:00,187.5
2019-09-27 01:00:00+00:00,155.25
2019-09-27 02:00:00+00:00,162.25
2019-09-27 03:00:00+00:00,529.0
2019-09-27 04:00:00+00:00,419.5
2019-09-27 05:00:00+00:00,382.0
2019-09-27 06:00:00+00:00,210.5
2019-09-27 07:00:00+00:00,708.75
2019-09-27 08:00:00+00:00,1116.75
2019-09-27 09:00:00+00:00,1016.5
2019-09-27 10:00:00+00:00,517.0
2019-09-27 11:00:00+00:00,4076.5
2019-09-27 12:00:00+00:00,1781.5
2019-09-27 13:00:00+00:00,677.75
2019-09-27 14:00:00+00:00,483.75
2019-09-27 15:00:00+00:00,2163.0
2019-09-27 16:00:00+00:00,2400.25
2019-09-27 17:00:00+00:00,1759.75
2019-09-27 18:00:00+00:00,1495.0
2019-09-27 19:00:00+00:00,1380.25
2019-09-27 20:00:00+00:00,905.5
2019-09-27 21:00:00+00:00,668.0
2019-09-27 22:00:00+00:00,311.0
2019-09-27 23:00:00+00:00,250.5
2019-09-28 00:00:00+00:00,305.25
2019-09-28 01:00:00+00:00,275.75
2019-09-28 02:00:00+00:00,380.0
2019-09-28 03:00:00+00:00,475.25
2019-09-28 04:00:00+00:00,360.75
2019-09-28 05:00:00+00:00,333.75
2019-09-28 06:00:00+00:00,393.25
2019-09-28 07:00:00+00:00,1765.5
2019-09-28 08:00:00+00:00,909.25
2019-09-28 09:00:00+00:00,2030.25
2019-09-28 10:00:00+00:00,651.5
2019-09-28 11:00:00+00:00,555.25
2019-09-28 12:00:00+00:00,2168.75
2019-09-28 13:00:00+00:00,531.75
2019-09-28 14:00:00+00:00,571.75
2019-09-28 15:00:00+00:00,423.0
2019-09-28 16:00:00+00:00,701.75
2019-09-28 17:00:00+00:00,1961.75
2019-09-28 18:00:00+00:00,1020.75
2019-09-28 19:00:00+00:00,1154.0
2019-09-28 20:00:00+00:00,778.0
2019-09-28 21:00:00+00:00,710.75
2019-09-28 22:00:00+00:00,566.5
2019-09-28 23:00:00+00:00,301.5
2019-09-29 00:00:00+00:00,323.5
2019-09-29 01:00:00+00:00,397.0
2019-09-29 02:00:00+00:00,306.5
2019-09-29 03:00:00+00:00,450.75
2019-09-29 04:00:00+00:00,274.25
2019-09-29 05:00:00+00:00,301.25
2019-09-29 06:00:00+00:00,553.5
2019-09-29 07:00:00+00:00,664.75
2019-09-29 08:00:00+00:00,443.5
2019-09-29 09:00:00+00:00,505.0
2019-09-29 10:00:00+00:00,548.75
2019-09-29 11:00:00+00:00,467.5
2019-09-29 12:00:00+00:00,422.5
2019-09-29 13:00:00+00:00,415.75
2019-09-29 14:00:00+00:00,455.0
2019-09-29 15:00:00+00:00,597.75
2019-09-29 16:00:00+00:00,595.75
2019-09-29 17:00:00+00:00,2326.75
2019-09-29 18:00:00+00:00,4165.25
2019-09-29 19:00:00+00:00,4630.0
2019-09-29 20:00:00+00:00,1679.0
2019-09-29 21:00:00+00:00,426.25
2019-09-29 22:00:00+00:00,497.75
2019-09-29 23:00:00+00:00,280.25
2019-09-30 00:00:00+00:00,257.5
2019-09-30 01:00:00+00:00,245.25
2019-09-30 02:00:00+00:00,137.75
2019-09-30 03:00:00+00:00,434.25
2019-09-30 04:00:00+00:00,270.5
2019-09-30 05:00:00+00:00,330.25
2019-09-30 06:00:00+00:00,421.5
2019-09-30 07:00:00+00:00,628.25
2019-09-30 08:00:00+00:00,312.5
2019-09-30 09:00:00+00:00,278.0
2019-09-30 10:00:00+00:00,726.75
2019-09-30 11:00:00+00:00,877.0
2019-09-30 12:00:00+00:00,1086.0
2019-09-30 13:00:00+00:00,675.5
2019-09-30 14:00:00+00:00,438.75
2019-09-30 15:00:00+00:00,375.0
2019-09-30 16:00:00+00:00,1458.5
2019-09-30 17:00:00+00:00,1320.75
2019-09-30 18:00:00+00:00,985.25
2019-09-30 19:00:00+00:00,667.5
2019-09-30 20:00:00+00:00,892.5
2019-09-30 21:00:00+00:00,832.25
2019-09-30 22:00:00+00:00,410.5
2019-09-30 23:00:00+00:00,407.75
2019-10-01 00:00:00+00:00,271.5
2019-10-01 01:00:00+00:00,246.25
2019-10-01 02:00:00+00:00,313.0
2019-10-01 03:00:00+00:00,360.25
2019-10-01 04:00:00+00:00,425.5
2019-10-01 05:00:00+00:00,483.75
2019-10-01 06:00:00+00:00,494.0
2019-10-01 07:00:00+00:00,554.25
2019-10-01 08:00:00+00:00,511.25
2019-10-01 09:00:00+00:00,690.75
2019-10-01 10:00:00+00:00,763.5
2019-10-01 11:00:00+00:00,1229.25
2019-10-01 12:00:00+00:00,598.75
2019-10-01 13:00:00+00:00,676.0
2019-10-01 14:00:00+00:00,772.0
2019-10-01 15:00:00+00:00,308.25
2019-10-01 16:00:00+00:00,808.25
2019-10-01 17:00:00+00:00,1145.25
2019-10-01 18:00:00+00:00,766.0
2019-10-01 19:00:00+00:00,771.5
2019-10-01 20:00:00+00:00,793.25
2019-10-01 21:00:00+00:00,476.75
2019-10-01 22:00:00+00:00,443.0
2019-10-01 23:00:00+00:00,378.0
2019-10-02 00:00:00+00:00,318.25
2019-10-02 01:00:00+00:00,270.5
2019-10-02 02:00:00+00:00,278.0
2019-10-02 03:00:00+00:00,472.25
2019-10-02 04:00:00+00:00,412.0
2019-10-02 05:00:00+00:00,495.75
2019-10-02 06:00:00+00:00,2981.75
2019-10-02 07:00:00+00:00,2301.0
2019-10-02 08:00:00+00:00,825.5
2019-10-02 09:00:00+00:00,822.0
2019-10-02 10:00:00+00:00,935.75
2019-10-02 11:00:00+00:00,1020.5
2019-10-02 12:00:00+00:00,1557.0
2019-10-02 13:00:00+00:00,561.5
2019-10-02 14:00:00+00:00,508.25
2019-10-02 15:00:00+00:00,377.0
2019-10-02 16:00:00+00:00,283.5
2019-10-02 17:00:00+00:00,1270.75
2019-10-02 18:00:00+00:00,1279.75
2019-10-02 19:00:00+00:00,828.25
2019-10-02 20:00:00+00:00,843.75
2019-10-02 21:00:00+00:00,920.25
2019-10-02 22:00:00+00:00,356.0
2019-10-02 23:00:00+00:00,276.5
2019-10-03 00:00:00+00:00,334.75
2019-10-03 01:00:00+00:00,327.0
2019-10-03 02:00:00+00:00,415.5
2019-10-03 03:00:00+00:00,443.5
2019-10-03 04:00:00+00:00,343.0
2019-10-03 05:00:00+00:00,687.75
2019-10-03 06:00:00+00:00,1423.5
2019-10-03 07:00:00+00:00,1362.0
2019-10-03 08:00:00+00:00,1298.0
2019-10-03 09:00:00+00:00,2133.75
2019-10-03 10:00:00+00:00,2017.75
2019-10-03 11:00:00+00:00,762.5
2019-10-03 12:00:00+00:00,1369.75
2019-10-03 13:00:00+00:00,717.5
2019-10-03 14:00:00+00:00,554.75
2019-10-03 15:00:00+00:00,572.0
2019-10-03 16:00:00+00:00,710.25
2019-10-03 17:00:00+00:00,850.25
2019-10-03 18:00:00+00:00,1092.25
2019-10-03 19:00:00+00:00,736.5
2019-10-03 20:00:00+00:00,414.0
2019-10-03 21:00:00+00:00,269.25
2019-10-03 22:00:00+00:00,271.5
2019-10-03 23:00:00+00:00,332.75
2019-10-04 00:00:00+00:00,368.25
2019-10-04 01:00:00+00:00,320.25
2019-10-04 02:00:00+00:00,284.6666666666667
2019-10-04 03:00:00+00:00,390.75
2019-10-04 04:00:00+00:00,333.5
2019-10-04 05:00:00+00:00,324.75
2019-10-04 06:00:00+00:00,448.5
2019-10-04 07:00:00+00:00,957.25
2019-10-04 08:00:00+00:00,1387.75
2019-10-04 09:00:00+00:00,454.0
2019-10-04 10:00:00+00:00,2285.25
2019-10-04 11:00:00+00:00,2569.0
2019-10-04 12:00:00+00:00,1005.75
2019-10-04 13:00:00+00:00,985.5
2019-10-04 14:00:00+00:00,1291.5
2019-10-04 15:00:00+00:00,805.25
2019-10-04 16:00:00+00:00,814.25
2019-10-04 17:00:00+00:00,481.25
2019-10-04 18:00:00+00:00,947.5
2019-10-04 19:00:00+00:00,714.25
2019-10-04 20:00:00+00:00,577.25
2019-10-04 21:00:00+00:00,490.5
2019-10-04 22:00:00+00:00,363.75
2019-10-04 23:00:00+00:00,309.0
2019-10-05 00:00:00+00:00,390.75
2019-10-05 01:00:00+00:00,362.75
2019-10-05 02:00:00+00:00,1096.25
2019-10-05 03:00:00+00:00,742.0
2019-10-05 04:00:00+00:00,341.75
2019-10-05 05:00:00+00:00,269.75
2019-10-05 06:00:00+00:00,532.75
2019-10-05 07:00:00+00:00,617.75
2019-10-05 08:00:00+00:00,531.5
2019-10-05 09:00:00+00:00,483.25
2019-10-05 10:00:00+00:00,450.75
2019-10-05 11:00:00+00:00,960.0
2019-10-05 12:00:00+00:00,1505.0
2019-10-05 13:00:00+00:00,838.5
2019-10-05 14:00:00+00:00,425.25
2019-10-05 15:00:00+00:00,921.25
2019-10-05 16:00:00+00:00,2645.75
2019-10-05 17:00:00+00:00,808.0
2019-10-05 18:00:00+00:00,762.0
2019-10-05 19:00:00+00:00,975.75
2019-10-05 20:00:00+00:00,734.5
2019-10-05 21:00:00+00:00,638.0
2019-10-05 22:00:00+00:00,271.0
2019-10-05 23:00:00+00:00,318.5
2019-10-06 00:00:00+00:00,405.75
2019-10-06 01:00:00+00:00,409.75
2019-10-06 02:00:00+00:00,319.75
2019-10-06 03:00:00+00:00,364.75
2019-10-06 04:00:00+00:00,525.25
2019-10-06 05:00:00+00:00,1487.0
2019-10-06 06:00:00+00:00,755.75
2019-10-06 07:00:00+00:00,527.75
2019-10-06 08:00:00+00:00,478.25
2019-10-06 09:00:00+00:00,1142.0
2019-10-06 10:00:00+00:00,3328.75
2019-10-06 11:00:00+00:00,3041.0
2019-10-06 12:00:00+00:00,1189.75
2019-10-06 13:00:00+00:00,519.5
2019-10-06 14:00:00+00:00,339.75
2019-10-06 15:00:00+00:00,4977.75
2019-10-06 16:00:00+00:00,2926.75
2019-10-06 17:00:00+00:00,3045.75
2019-10-06 18:00:00+00:00,1962.5
2019-10-06 19:00:00+00:00,990.5
2019-10-06 20:00:00+00:00,1007.0
2019-10-06 21:00:00+00:00,574.5
2019-10-06 22:00:00+00:00,388.25
2019-10-06 23:00:00+00:00,419.75
2019-10-07 00:00:00+00:00,381.75
2019-10-07 01:00:00+00:00,292.75
2019-10-07 02:00:00+00:00,317.75
2019-10-07 03:00:00+00:00,736.75
2019-10-07 04:00:00+00:00,609.75
2019-10-07 05:00:00+00:00,825.5
2019-10-07 06:00:00+00:00,458.25
2019-10-07 07:00:00+00:00,332.5
2019-10-07 08:00:00+00:00,1024.75
2019-10-07 09:00:00+00:00,441.0
2019-10-07 10:00:00+00:00,445.25
2019-10-07 11:00:00+00:00,407.25
2019-10-07 12:00:00+00:00,350.5
2019-10-07 13:00:00+00:00,315.75
2019-10-07 14:00:00+00:00,145.5
2019-10-07 15:00:00+00:00,568.5
2019-10-07 16:00:00+00:00,654.5
2019-10-07 17:00:00+00:00,5594.25
2019-10-07 18:00:00+00:00,4368.75
2019-10-07 19:00:00+00:00,1368.75
2019-10-07 20:00:00+00:00,368.25
2019-10-07 21:00:00+00:00,265.0
2019-10-07 22:00:00+00:00,354.5
2019-10-07 23:00:00+00:00,344.25
2019-10-08 00:00:00+00:00,282.25
2019-10-08 01:00:00+00:00,273.75
2019-10-08 02:00:00+00:00,320.25
2019-10-08 03:00:00+00:00,841.25
2019-10-08 04:00:00+00:00,602.25
2019-10-08 05:00:00+00:00,316.25
2019-10-08 06:00:00+00:00,190.25
2019-10-08 07:00:00+00:00,264.25
2019-10-08 08:00:00+00:00,290.75
2019-10-08 09:00:00+00:00,443.5
2019-10-08 10:00:00+00:00,473.5
2019-10-08 11:00:00+00:00,280.5
2019-10-08 12:00:00+00:00,470.75
2019-10-08 13:00:00+00:00,608.75
2019-10-08 14:00:00+00:00,307.25
2019-10-08 15:00:00+00:00,539.75
2019-10-08 16:00:00+00:00,750.25
2019-10-08 17:00:00+00:00,909.5
2019-10-08 18:00:00+00:00,690.0
2019-10-08 19:00:00+00:00,1050.5
2019-10-08 20:00:00+00:00,1134.25
2019-10-08 21:00:00+00:00,503.25
2019-10-08 22:00:00+00:00,264.5
2019-10-08 23:00:00+00:00,242.75
2019-10-09 00:00:00+00:00,258.75
2019-10-09 01:00:00+00:00,309.5
2019-10-09 02:00:00+00:00,396.0
2019-10-09 03:00:00+00:00,992.5
2019-10-09 04:00:00+00:00,408.25
2019-10-09 05:00:00+00:00,245.5
2019-10-09 06:00:00+00:00,297.75
2019-10-09 07:00:00+00:00,371.5
2019-10-09 08:00:00+00:00,457.0
2019-10-09 09:00:00+00:00,370.5
2019-10-09 10:00:00+00:00,556.0
2019-10-09 11:00:00+00:00,785.75
2019-10-09 12:00:00+00:00,370.5
2019-10-09 13:00:00+00:00,399.5
2019-10-09 14:00:00+00:00,167.25
2019-10-09 15:00:00+00:00,454.75
2019-10-09 16:00:00+00:00,1125.5
2019-10-09 17:00:00+00:00,567.5
2019-10-09 18:00:00+00:00,530.25
2019-10-09 19:00:00+00:00,605.5
2019-10-09 20:00:00+00:00,573.0
2019-10-09 21:00:00+00:00,1164.25
2019-10-09 22:00:00+00:00,389.25
2019-10-09 23:00:00+00:00,326.0
2019-10-10 00:00:00+00:00,386.75
2019-10-10 01:00:00+00:00,308.75
2019-10-10 02:00:00+00:00,273.5
2019-10-10 03:00:00+00:00,822.75
2019-10-10 04:00:00+00:00,377.5
2019-10-10 05:00:00+00:00,387.25
2019-10-10 06:00:00+00:00,1061.0
2019-10-10 07:00:00+00:00,454.75
2019-10-10 08:00:00+00:00,319.75
2019-10-10 09:00:00+00:00,764.5
2019-10-10 10:00:00+00:00,832.25
2019-10-10 11:00:00+00:00,397.5
2019-10-10 12:00:00+00:00,425.5
2019-10-10 13:00:00+00:00,333.0
2019-10-10 14:00:00+00:00,869.25
2019-10-10 15:00:00+00:00,267.0
2019-10-10 16:00:00+00:00,539.5
2019-10-10 17:00:00+00:00,1269.25
2019-10-10 18:00:00+00:00,3979.0
2019-10-10 19:00:00+00:00,4993.0
2019-10-10 20:00:00+00:00,503.75
2019-10-10 21:00:00+00:00,421.75
2019-10-10 22:00:00+00:00,368.5
2019-10-10 23:00:00+00:00,336.75
2019-10-11 00:00:00+00:00,271.75
2019-10-11 01:00:00+00:00,261.25
2019-10-11 02:00:00+00:00,273.0
2019-10-11 03:00:00+00:00,618.0
2019-10-11 04:00:00+00:00,1017.0
2019-10-11 05:00:00+00:00,2006.0
2019-10-11 06:00:00+00:00,713.75
2019-10-11 07:00:00+00:00,3034.75
2019-10-11 08:00:00+00:00,1943.75
2019-10-11 09:00:00+00:00,1992.75
2019-10-11 10:00:00+00:00,464.25
2019-10-11 11:00:00+00:00,389.5
2019-10-11 12:00:00+00:00,1676.75
2019-10-11 13:00:00+00:00,2357.0
2019-10-11 14:00:00+00:00,589.25
2019-10-11 15:00:00+00:00,383.25
2019-10-11 16:00:00+00:00,2066.5
2019-10-11 17:00:00+00:00,1124.0
2019-10-11 18:00:00+00:00,512.25
2019-10-11 19:00:00+00:00,569.75
2019-10-11 20:00:00+00:00,559.75
2019-10-11 21:00:00+00:00,350.0
2019-10-11 22:00:00+00:00,263.0
2019-10-11 23:00:00+00:00,261.25
2019-10-12 00:00:00+00:00,309.25
2019-10-12 01:00:00+00:00,347.25
2019-10-12 02:00:00+00:00,376.5
2019-10-12 03:00:00+00:00,332.6666666666667
2019-10-12 04:00:00+00:00,328.0
2019-10-12 05:00:00+00:00,811.5
2019-10-12 06:00:00+00:00,721.25
2019-10-12 07:00:00+00:00,659.75
2019-10-12 08:00:00+00:00,491.5
2019-10-12 09:00:00+00:00,967.0
2019-10-12 10:00:00+00:00,1195.25
2019-10-12 11:00:00+00:00,2200.25
2019-10-12 12:00:00+00:00,731.0
2019-10-12 13:00:00+00:00,329.25
2019-10-12 14:00:00+00:00,390.5
2019-10-12 15:00:00+00:00,234.75
2019-10-12 16:00:00+00:00,586.0
2019-10-12 17:00:00+00:00,1306.75
2019-10-12 18:00:00+00:00,587.75
2019-10-12 19:00:00+00:00,499.75
2019-10-12 20:00:00+00:00,2048.0
2019-10-12 21:00:00+00:00,747.5
2019-10-12 22:00:00+00:00,222.0
2019-10-12 23:00:00+00:00,250.5
2019-10-13 00:00:00+00:00,249.5
2019-10-13 01:00:00+00:00,333.5
2019-10-13 02:00:00+00:00,339.25
2019-10-13 03:00:00+00:00,381.25
2019-10-13 04:00:00+00:00,239.25
2019-10-13 05:00:00+00:00,584.5
2019-10-13 06:00:00+00:00,1352.5
2019-10-13 07:00:00+00:00,1520.0
2019-10-13 08:00:00+00:00,1123.0
2019-10-13 09:00:00+00:00,436.75
2019-10-13 10:00:00+00:00,1142.5
2019-10-13 11:00:00+00:00,405.25
2019-10-13 12:00:00+00:00,242.25
2019-10-13 13:00:00+00:00,285.5
2019-10-13 14:00:00+00:00,414.75
2019-10-13 15:00:00+00:00,439.0
2019-10-13 16:00:00+00:00,488.5
2019-10-13 17:00:00+00:00,610.0
2019-10-13 18:00:00+00:00,811.25
2019-10-13 19:00:00+00:00,1074.0
2019-10-13 20:00:00+00:00,598.5
2019-10-13 21:00:00+00:00,279.75
2019-10-13 22:00:00+00:00,244.75
2019-10-13 23:00:00+00:00,344.25
2019-10-14 00:00:00+00:00,309.25
2019-10-14 01:00:00+00:00,275.5
2019-10-14 02:00:00+00:00,251.25
2019-10-14 03:00:00+00:00,626.75
2019-10-14 04:00:00+00:00,656.0
2019-10-14 05:00:00+00:00,318.75
2019-10-14 06:00:00+00:00,322.5
2019-10-14 07:00:00+00:00,407.5
2019-10-14 08:00:00+00:00,644.25
2019-10-14 09:00:00+00:00,674.25
2019-10-14 10:00:00+00:00,887.0
2019-10-14 11:00:00+00:00,402.75
2019-10-14 12:00:00+00:00,437.0
2019-10-14 13:00:00+00:00,485.0
2019-10-14 14:00:00+00:00,273.75
2019-10-14 15:00:00+00:00,344.75
2019-10-14 16:00:00+00:00,1193.5
2019-10-14 17:00:00+00:00,1665.0
2019-10-14 18:00:00+00:00,1015.0
2019-10-14 19:00:00+00:00,801.5
2019-10-14 20:00:00+00:00,493.25
2019-10-14 21:00:00+00:00,406.0
2019-10-14 22:00:00+00:00,358.0
2019-10-14 23:00:00+00:00,269.5
2019-10-15 00:00:00+00:00,246.25
2019-10-15 01:00:00+00:00,261.75
2019-10-15 02:00:00+00:00,312.25
2019-10-15 03:00:00+00:00,633.25
2019-10-15 04:00:00+00:00,364.0
2019-10-15 05:00:00+00:00,337.5
2019-10-15 06:00:00+00:00,313.75
2019-10-15 07:00:00+00:00,463.0
2019-10-15 08:00:00+00:00,416.25
2019-10-15 09:00:00+00:00,354.5
2019-10-15 10:00:00+00:00,443.25
2019-10-15 11:00:00+00:00,336.5
2019-10-15 12:00:00+00:00,746.0
2019-10-15 13:00:00+00:00,680.0
2019-10-15 14:00:00+00:00,1402.5
2019-10-15 15:00:00+00:00,1046.0
2019-10-15 16:00:00+00:00,406.25
2019-10-15 17:00:00+00:00,1226.5
2019-10-15 18:00:00+00:00,1079.75
2019-10-15 19:00:00+00:00,1027.75
2019-10-15 20:00:00+00:00,630.75
2019-10-15 21:00:00+00:00,423.0
2019-10-15 22:00:00+00:00,422.25
2019-10-15 23:00:00+00:00,556.0
2019-10-16 00:00:00+00:00,352.0
2019-10-16 01:00:00+00:00,237.25
2019-10-16 02:00:00+00:00,247.0
2019-10-16 03:00:00+00:00,723.0
2019-10-16 04:00:00+00:00,605.5
2019-10-16 05:00:00+00:00,345.75
2019-10-16 06:00:00+00:00,226.25
2019-10-16 07:00:00+00:00,261.0
2019-10-16 08:00:00+00:00,283.0
2019-10-16 09:00:00+00:00,601.75
2019-10-16 10:00:00+00:00,823.0
2019-10-16 11:00:00+00:00,217.25
2019-10-16 12:00:00+00:00,280.5
2019-10-16 13:00:00+00:00,143.75
2019-10-16 14:00:00+00:00,42.75
2019-10-16 15:00:00+00:00,555.0
2019-10-16 16:00:00+00:00,778.75
2019-10-16 17:00:00+00:00,786.75
2019-10-16 18:00:00+00:00,516.0
2019-10-16 19:00:00+00:00,700.75
2019-10-16 20:00:00+00:00,322.0
2019-10-16 21:00:00+00:00,352.25
2019-10-16 22:00:00+00:00,245.25
2019-10-16 23:00:00+00:00,261.25
2019-10-17 00:00:00+00:00,261.0
2019-10-17 01:00:00+00:00,275.75
2019-10-17 02:00:00+00:00,368.5
2019-10-17 03:00:00+00:00,632.75
2019-10-17 04:00:00+00:00,815.5
2019-10-17 05:00:00+00:00,687.25
2019-10-17 06:00:00+00:00,220.75
2019-10-17 07:00:00+00:00,259.25
2019-10-17 08:00:00+00:00,437.75
2019-10-17 09:00:00+00:00,389.75
2019-10-17 10:00:00+00:00,393.0
2019-10-17 11:00:00+00:00,319.0
2019-10-17 12:00:00+00:00,335.75
2019-10-17 13:00:00+00:00,241.0
2019-10-17 14:00:00+00:00,1518.25
2019-10-17 15:00:00+00:00,2712.25
2019-10-17 16:00:00+00:00,3191.25
2019-10-17 17:00:00+00:00,2848.0
2019-10-17 18:00:00+00:00,1188.0
2019-10-17 19:00:00+00:00,395.25
2019-10-17 20:00:00+00:00,2145.5
2019-10-17 21:00:00+00:00,1548.0
2019-10-17 22:00:00+00:00,310.5
2019-10-17 23:00:00+00:00,249.5
2019-10-18 00:00:00+00:00,244.25
2019-10-18 01:00:00+00:00,271.25
2019-10-18 02:00:00+00:00,712.5
2019-10-18 03:00:00+00:00,858.25
2019-10-18 04:00:00+00:00,350.0
2019-10-18 05:00:00+00:00,252.25
2019-10-18 06:00:00+00:00,116.75
2019-10-18 07:00:00+00:00,156.0
2019-10-18 08:00:00+00:00,574.75
2019-10-18 09:00:00+00:00,1025.75
2019-10-18 10:00:00+00:00,1584.0
2019-10-18 11:00:00+00:00,2272.25
2019-10-18 12:00:00+00:00,2463.25
2019-10-18 13:00:00+00:00,519.75
2019-10-18 14:00:00+00:00,2817.0
2019-10-18 15:00:00+00:00,1843.75
2019-10-18 16:00:00+00:00,1749.75
2019-10-18 17:00:00+00:00,2334.25
2019-10-18 18:00:00+00:00,690.25
2019-10-18 19:00:00+00:00,767.0
2019-10-18 20:00:00+00:00,1061.25
2019-10-18 21:00:00+00:00,1179.25
2019-10-18 22:00:00+00:00,776.25
2019-10-18 23:00:00+00:00,267.5
2019-10-19 00:00:00+00:00,339.25
2019-10-19 01:00:00+00:00,342.25
2019-10-19 02:00:00+00:00,320.75
2019-10-19 03:00:00+00:00,367.25
2019-10-19 04:00:00+00:00,220.5
2019-10-19 05:00:00+00:00,275.0
2019-10-19 06:00:00+00:00,1220.25
2019-10-19 07:00:00+00:00,2178.5
2019-10-19 08:00:00+00:00,616.0
2019-10-19 09:00:00+00:00,368.0
2019-10-19 10:00:00+00:00,448.5
2019-10-19 11:00:00+00:00,1765.75
2019-10-19 12:00:00+00:00,1324.75
2019-10-19 13:00:00+00:00,1735.0
2019-10-19 14:00:00+00:00,517.75
2019-10-19 15:00:00+00:00,397.25
2019-10-19 16:00:00+00:00,1008.75
2019-10-19 17:00:00+00:00,701.0
2019-10-19 18:00:00+00:00,605.25
2019-10-19 19:00:00+00:00,702.5
2019-10-19 20:00:00+00:00,499.25
2019-10-19 21:00:00+00:00,380.75
2019-10-19 22:00:00+00:00,368.0
2019-10-19 23:00:00+00:00,304.75
2019-10-20 00:00:00+00:00,267.0
2019-10-20 01:00:00+00:00,250.5
2019-10-20 02:00:00+00:00,292.25
2019-10-20 03:00:00+00:00,434.5
2019-10-20 04:00:00+00:00,345.25
2019-10-20 05:00:00+00:00,276.25
2019-10-20 06:00:00+00:00,380.75
2019-10-20 07:00:00+00:00,1481.25
2019-10-20 08:00:00+00:00,1244.5
2019-10-20 09:00:00+00:00,2365.0
2019-10-20 10:00:00+00:00,2063.0
2019-10-20 11:00:00+00:00,895.75
2019-10-20 12:00:00+00:00,459.25
2019-10-20 13:00:00+00:00,481.25
2019-10-20 14:00:00+00:00,316.5
2019-10-20 15:00:00+00:00,759.0
2019-10-20 16:00:00+00:00,1505.25
2019-10-20 17:00:00+00:00,1283.5
2019-10-20 18:00:00+00:00,694.75
2019-10-20 19:00:00+00:00,599.75
2019-10-20 20:00:00+00:00,552.75
2019-10-20 21:00:00+00:00,436.0
2019-10-20 22:00:00+00:00,298.25
2019-10-20 23:00:00+00:00,279.5
2019-10-21 00:00:00+00:00,256.0
2019-10-21 01:00:00+00:00,300.25
2019-10-21 02:00:00+00:00,388.0
2019-10-21 03:00:00+00:00,1619.75
2019-10-21 04:00:00+00:00,2093.25
2019-10-21 05:00:00+00:00,435.25
2019-10-21 06:00:00+00:00,218.75
2019-10-21 07:00:00+00:00,305.5
2019-10-21 08:00:00+00:00,239.75
2019-10-21 09:00:00+00:00,288.0
2019-10-21 10:00:00+00:00,369.0
2019-10-21 11:00:00+00:00,282.5
2019-10-21 12:00:00+00:00,478.5
2019-10-21 13:00:00+00:00,272.75
2019-10-21 14:00:00+00:00,537.75
2019-10-21 15:00:00+00:00,224.0
2019-10-21 16:00:00+00:00,421.0
2019-10-21 17:00:00+00:00,1936.75
2019-10-21 18:00:00+00:00,5617.5
2019-10-21 19:00:00+00:00,3439.5
2019-10-21 20:00:00+00:00,1628.75
2019-10-21 21:00:00+00:00,327.75
2019-10-21 22:00:00+00:00,323.25
2019-10-21 23:00:00+00:00,363.5
2019-10-22 00:00:00+00:00,252.25
2019-10-22 01:00:00+00:00,267.5
2019-10-22 02:00:00+00:00,290.0
2019-10-22 03:00:00+00:00,795.25
2019-10-22 04:00:00+00:00,571.0
2019-10-22 05:00:00+00:00,360.75
2019-10-22 06:00:00+00:00,215.0
2019-10-22 07:00:00+00:00,310.75
2019-10-22 08:00:00+00:00,284.75
2019-10-22 09:00:00+00:00,447.5
2019-10-22 10:00:00+00:00,511.25
2019-10-22 11:00:00+00:00,316.75
2019-10-22 12:00:00+00:00,370.5
2019-10-22 13:00:00+00:00,339.5
2019-10-22 14:00:00+00:00,245.75
2019-10-22 15:00:00+00:00,1529.25
2019-10-22 16:00:00+00:00,1804.5
2019-10-22 17:00:00+00:00,1542.5
2019-10-22 18:00:00+00:00,4742.75
2019-10-22 19:00:00+00:00,2711.25
2019-10-22 20:00:00+00:00,456.0
2019-10-22 21:00:00+00:00,297.25
2019-10-22 22:00:00+00:00,257.25
2019-10-22 23:00:00+00:00,265.0
2019-10-23 00:00:00+00:00,288.5
2019-10-23 01:00:00+00:00,343.75
2019-10-23 02:00:00+00:00,384.5
2019-10-23 03:00:00+00:00,1141.25
2019-10-23 04:00:00+00:00,430.75
2019-10-23 05:00:00+00:00,305.5
2019-10-23 06:00:00+00:00,392.25
2019-10-23 07:00:00+00:00,288.25
2019-10-23 08:00:00+00:00,317.75
2019-10-23 09:00:00+00:00,1111.75
2019-10-23 10:00:00+00:00,1010.5
2019-10-23 11:00:00+00:00,422.25
2019-10-23 12:00:00+00:00,440.0
2019-10-23 13:00:00+00:00,340.25
2019-10-23 14:00:00+00:00,321.75
2019-10-23 15:00:00+00:00,173.5
2019-10-23 16:00:00+00:00,1244.75
2019-10-23 17:00:00+00:00,782.0
2019-10-23 18:00:00+00:00,616.5
2019-10-23 19:00:00+00:00,461.5
2019-10-23 20:00:00+00:00,320.75
2019-10-23 21:00:00+00:00,244.75
2019-10-23 22:00:00+00:00,338.0
2019-10-23 23:00:00+00:00,390.0
2019-10-24 00:00:00+00:00,308.0
2019-10-24 01:00:00+00:00,269.0
2019-10-24 02:00:00+00:00,316.75
2019-10-24 03:00:00+00:00,785.0
2019-10-24 04:00:00+00:00,623.5
2019-10-24 05:00:00+00:00,395.25
2019-10-24 06:00:00+00:00,280.0
2019-10-24 07:00:00+00:00,172.75
2019-10-24 08:00:00+00:00,292.0
2019-10-24 09:00:00+00:00,397.5
2019-10-24 10:00:00+00:00,465.5
2019-10-24 11:00:00+00:00,233.5
2019-10-24 12:00:00+00:00,259.0
2019-10-24 13:00:00+00:00,190.25
2019-10-24 14:00:00+00:00,707.5
2019-10-24 15:00:00+00:00,687.5
2019-10-24 16:00:00+00:00,671.75
2019-10-24 17:00:00+00:00,4193.5
2019-10-24 18:00:00+00:00,2951.5
2019-10-24 19:00:00+00:00,877.0
2019-10-24 20:00:00+00:00,707.25
2019-10-24 21:00:00+00:00,399.5
2019-10-24 22:00:00+00:00,259.0
2019-10-24 23:00:00+00:00,275.5
2019-10-25 00:00:00+00:00,271.25
2019-10-25 01:00:00+00:00,289.75
2019-10-25 02:00:00+00:00,402.75
2019-10-25 03:00:00+00:00,575.5
2019-10-25 04:00:00+00:00,420.5
2019-10-25 05:00:00+00:00,1033.0
2019-10-25 06:00:00+00:00,3962.5
2019-10-25 07:00:00+00:00,995.0
2019-10-25 08:00:00+00:00,393.75
2019-10-25 09:00:00+00:00,391.25
2019-10-25 10:00:00+00:00,1881.75
2019-10-25 11:00:00+00:00,465.75
2019-10-25 12:00:00+00:00,1485.25
2019-10-25 13:00:00+00:00,312.75
2019-10-25 14:00:00+00:00,240.75
2019-10-25 15:00:00+00:00,141.0
2019-10-25 16:00:00+00:00,613.25
2019-10-25 17:00:00+00:00,508.25
2019-10-25 18:00:00+00:00,469.5
2019-10-25 19:00:00+00:00,493.75
2019-10-25 20:00:00+00:00,680.0
2019-10-25 21:00:00+00:00,269.75
2019-10-25 22:00:00+00:00,368.25
2019-10-25 23:00:00+00:00,367.0
2019-10-26 00:00:00+00:00,328.25
2019-10-26 01:00:00+00:00,268.5
2019-10-26 02:00:00+00:00,276.75
2019-10-26 03:00:00+00:00,409.75
2019-10-26 04:00:00+00:00,403.5
2019-10-26 05:00:00+00:00,392.5
2019-10-26 06:00:00+00:00,460.5
2019-10-26 07:00:00+00:00,569.25
2019-10-26 08:00:00+00:00,635.5
2019-10-26 09:00:00+00:00,1168.0
2019-10-26 10:00:00+00:00,1498.0
2019-10-26 11:00:00+00:00,538.75
2019-10-26 12:00:00+00:00,320.75
2019-10-26 13:00:00+00:00,446.25
2019-10-26 14:00:00+00:00,656.0
2019-10-26 15:00:00+00:00,1076.75
2019-10-26 16:00:00+00:00,1052.0
2019-10-26 17:00:00+00:00,412.5
2019-10-26 18:00:00+00:00,462.0
2019-10-26 19:00:00+00:00,501.75
2019-10-26 20:00:00+00:00,419.5
2019-10-26 21:00:00+00:00,341.5
2019-10-26 22:00:00+00:00,383.25
2019-10-26 23:00:00+00:00,365.0
2019-10-27 00:00:00+00:00,300.25
2019-10-27 01:00:00+00:00,279.75
2019-10-27 02:00:00+00:00,278.75
2019-10-27 03:00:00+00:00,408.0
2019-10-27 04:00:00+00:00,462.75
2019-10-27 05:00:00+00:00,275.0
2019-10-27 06:00:00+00:00,1195.5
2019-10-27 07:00:00+00:00,989.5
2019-10-27 08:00:00+00:00,1824.25
2019-10-27 09:00:00+00:00,2218.25
2019-10-27 10:00:00+00:00,590.5
2019-10-27 11:00:00+00:00,1920.5
2019-10-27 12:00:00+00:00,1308.5
2019-10-27 13:00:00+00:00,492.75
2019-10-27 14:00:00+00:00,536.75
2019-10-27 15:00:00+00:00,1512.5
2019-10-27 16:00:00+00:00,3151.75
2019-10-27 17:00:00+00:00,1687.0
2019-10-27 18:00:00+00:00,1655.0
2019-10-27 19:00:00+00:00,1272.5
2019-10-27 20:00:00+00:00,518.75
2019-10-27 21:00:00+00:00,401.75
2019-10-27 22:00:00+00:00,374.5
2019-10-27 23:00:00+00:00,382.0
2019-10-28 00:00:00+00:00,361.75
2019-10-28 01:00:00+00:00,282.25
2019-10-28 02:00:00+00:00,297.0
2019-10-28 03:00:00+00:00,448.0
2019-10-28 04:00:00+00:00,786.5
2019-10-28 05:00:00+00:00,544.75
2019-10-28 06:00:00+00:00,286.5
2019-10-28 07:00:00+00:00,250.75
2019-10-28 08:00:00+00:00,267.25
2019-10-28 09:00:00+00:00,374.0
2019-10-28 10:00:00+00:00,482.0
2019-10-28 11:00:00+00:00,1114.25
2019-10-28 12:00:00+00:00,356.5
2019-10-28 13:00:00+00:00,348.0
2019-10-28 14:00:00+00:00,345.5
2019-10-28 15:00:00+00:00,312.5
2019-10-28 16:00:00+00:00,1009.25
2019-10-28 17:00:00+00:00,1300.5
2019-10-28 18:00:00+00:00,4512.75
2019-10-28 19:00:00+00:00,3704.25
2019-10-28 20:00:00+00:00,698.5
2019-10-28 21:00:00+00:00,452.0
2019-10-28 22:00:00+00:00,260.5
2019-10-28 23:00:00+00:00,263.5
2019-10-29 00:00:00+00:00,287.75
2019-10-29 01:00:00+00:00,349.5
2019-10-29 02:00:00+00:00,413.25
2019-10-29 03:00:00+00:00,337.3333333333333
2019-10-29 04:00:00+00:00,838.0
2019-10-29 05:00:00+00:00,457.0
2019-10-29 06:00:00+00:00,306.0
2019-10-29 07:00:00+00:00,415.75
2019-10-29 08:00:00+00:00,357.0
2019-10-29 09:00:00+00:00,309.0
2019-10-29 10:00:00+00:00,385.75
2019-10-29 11:00:00+00:00,392.5
2019-10-29 12:00:00+00:00,425.25
2019-10-29 13:00:00+00:00,440.0
2019-10-29 14:00:00+00:00,344.5
2019-10-29 15:00:00+00:00,392.0
2019-10-29 16:00:00+00:00,832.75
2019-10-29 17:00:00+00:00,1107.25
2019-10-29 18:00:00+00:00,1883.5
2019-10-29 19:00:00+00:00,2716.0
2019-10-29 20:00:00+00:00,1575.5
2019-10-29 21:00:00+00:00,614.5
2019-10-29 22:00:00+00:00,268.75
2019-10-29 23:00:00+00:00,338.5
2019-10-30 00:00:00+00:00,377.5
2019-10-30 01:00:00+00:00,347.0
2019-10-30 02:00:00+00:00,298.75
2019-10-30 03:00:00+00:00,304.25
2019-10-30 04:00:00+00:00,735.5
2019-10-30 05:00:00+00:00,607.75
2019-10-30 06:00:00+00:00,398.0
2019-10-30 07:00:00+00:00,359.0
2019-10-30 08:00:00+00:00,304.25
2019-10-30 09:00:00+00:00,1161.0
2019-10-30 10:00:00+00:00,593.75
2019-10-30 11:00:00+00:00,498.75
2019-10-30 12:00:00+00:00,339.75
2019-10-30 13:00:00+00:00,323.75
2019-10-30 14:00:00+00:00,294.25
2019-10-30 15:00:00+00:00,284.25
2019-10-30 16:00:00+00:00,420.5
2019-10-30 17:00:00+00:00,514.75
2019-10-30 18:00:00+00:00,1073.25
2019-10-30 19:00:00+00:00,5978.0
2019-10-30 20:00:00+00:00,3950.75
2019-10-30 21:00:00+00:00,400.0
2019-10-30 22:00:00+00:00,227.75
2019-10-30 23:00:00+00:00,255.75
2019-10-31 00:00:00+00:00,310.0
2019-10-31 01:00:00+00:00,404.0
2019-10-31 02:00:00+00:00,342.75
2019-10-31 03:00:00+00:00,332.0
2019-10-31 04:00:00+00:00,723.0
2019-10-31 05:00:00+00:00,542.5
2019-10-31 06:00:00+00:00,410.75
2019-10-31 07:00:00+00:00,388.75
2019-10-31 08:00:00+00:00,322.0
2019-10-31 09:00:00+00:00,348.5
2019-10-31 10:00:00+00:00,471.25
2019-10-31 11:00:00+00:00,862.25
2019-10-31 12:00:00+00:00,994.25
2019-10-31 13:00:00+00:00,398.25
2019-10-31 14:00:00+00:00,346.25
2019-10-31 15:00:00+00:00,777.0
2019-10-31 16:00:00+00:00,899.75
2019-10-31 17:00:00+00:00,1018.5
2019-10-31 18:00:00+00:00,810.25
2019-10-31 19:00:00+00:00,592.5
2019-10-31 20:00:00+00:00,629.75
2019-10-31 21:00:00+00:00,646.0
2019-10-31 22:00:00+00:00,379.25
2019-10-31 23:00:00+00:00,294.75
2019-11-01 00:00:00+00:00,294.0
2019-11-01 01:00:00+00:00,394.5
2019-11-01 02:00:00+00:00,375.0
2019-11-01 03:00:00+00:00,303.0
2019-11-01 04:00:00+00:00,344.25
2019-11-01 05:00:00+00:00,513.5
2019-11-01 06:00:00+00:00,989.75
2019-11-01 07:00:00+00:00,1330.5
2019-11-01 08:00:00+00:00,3308.25
2019-11-01 09:00:00+00:00,1263.25
2019-11-01 10:00:00+00:00,2881.5
2019-11-01 11:00:00+00:00,1881.75
2019-11-01 12:00:00+00:00,557.0
2019-11-01 13:00:00+00:00,2565.0
2019-11-01 14:00:00+00:00,1566.5
2019-11-01 15:00:00+00:00,1150.0
2019-11-01 16:00:00+00:00,3184.0
2019-11-01 17:00:00+00:00,1673.0
2019-11-01 18:00:00+00:00,2096.0
2019-11-01 19:00:00+00:00,1426.75
2019-11-01 20:00:00+00:00,1249.0
2019-11-01 21:00:00+00:00,885.0
2019-11-01 22:00:00+00:00,553.5
2019-11-01 23:00:00+00:00,300.0
2019-11-02 00:00:00+00:00,264.5
2019-11-02 01:00:00+00:00,278.0
2019-11-02 02:00:00+00:00,369.0
2019-11-02 03:00:00+00:00,337.0
2019-11-02 04:00:00+00:00,395.5
2019-11-02 05:00:00+00:00,376.25
2019-11-02 06:00:00+00:00,341.25
2019-11-02 07:00:00+00:00,1003.0
2019-11-02 08:00:00+00:00,954.25
2019-11-02 09:00:00+00:00,324.25
2019-11-02 10:00:00+00:00,330.0
2019-11-02 11:00:00+00:00,820.0
2019-11-02 12:00:00+00:00,1773.25
2019-11-02 13:00:00+00:00,1204.75
2019-11-02 14:00:00+00:00,558.0
2019-11-02 15:00:00+00:00,475.25
2019-11-02 16:00:00+00:00,1115.5
2019-11-02 17:00:00+00:00,982.0
2019-11-02 18:00:00+00:00,848.5
2019-11-02 19:00:00+00:00,715.0
2019-11-02 20:00:00+00:00,1110.5
2019-11-02 21:00:00+00:00,947.5
2019-11-02 22:00:00+00:00,454.5
2019-11-02 23:00:00+00:00,302.0
2019-11-03 00:00:00+00:00,282.0
2019-11-03 01:00:00+00:00,343.25
2019-11-03 02:00:00+00:00,375.25
2019-11-03 03:00:00+00:00,230.75
2019-11-03 04:00:00+00:00,424.5
2019-11-03 05:00:00+00:00,277.25
2019-11-03 06:00:00+00:00,585.0
2019-11-03 07:00:00+00:00,887.25
2019-11-03 08:00:00+00:00,713.5
2019-11-03 09:00:00+00:00,639.0
2019-11-03 10:00:00+00:00,863.25
2019-11-03 11:00:00+00:00,550.0
2019-11-03 12:00:00+00:00,431.0
2019-11-03 13:00:00+00:00,345.25
2019-11-03 14:00:00+00:00,357.25
2019-11-03 15:00:00+00:00,288.0
2019-11-03 16:00:00+00:00,1667.0
2019-11-03 17:00:00+00:00,1122.25
2019-11-03 18:00:00+00:00,792.75
2019-11-03 19:00:00+00:00,777.25
2019-11-03 20:00:00+00:00,852.75
2019-11-03 21:00:00+00:00,551.0
2019-11-03 22:00:00+00:00,413.5
2019-11-03 23:00:00+00:00,370.75
2019-11-04 00:00:00+00:00,295.5
2019-11-04 01:00:00+00:00,307.25
2019-11-04 02:00:00+00:00,319.75
2019-11-04 03:00:00+00:00,392.25
2019-11-04 04:00:00+00:00,921.5
2019-11-04 05:00:00+00:00,425.75
2019-11-04 06:00:00+00:00,330.75
2019-11-04 07:00:00+00:00,242.75
2019-11-04 08:00:00+00:00,397.25
2019-11-04 09:00:00+00:00,410.5
2019-11-04 10:00:00+00:00,437.0
2019-11-04 11:00:00+00:00,346.0
2019-11-04 12:00:00+00:00,297.25
2019-11-04 13:00:00+00:00,362.0
2019-11-04 14:00:00+00:00,366.75
2019-11-04 15:00:00+00:00,299.5
2019-11-04 16:00:00+00:00,421.25
2019-11-04 17:00:00+00:00,804.25
2019-11-04 18:00:00+00:00,1012.25
2019-11-04 19:00:00+00:00,705.5
2019-11-04 20:00:00+00:00,502.0
2019-11-04 21:00:00+00:00,332.5
2019-11-04 22:00:00+00:00,262.75
2019-11-04 23:00:00+00:00,314.25
2019-11-05 00:00:00+00:00,412.75
2019-11-05 01:00:00+00:00,370.75
2019-11-05 02:00:00+00:00,298.0
2019-11-05 03:00:00+00:00,342.0
2019-11-05 04:00:00+00:00,762.25
2019-11-05 05:00:00+00:00,523.75
2019-11-05 06:00:00+00:00,403.75
2019-11-05 07:00:00+00:00,248.75
2019-11-05 08:00:00+00:00,274.75
2019-11-05 09:00:00+00:00,322.75
2019-11-05 10:00:00+00:00,512.5
2019-11-05 11:00:00+00:00,499.0
2019-11-05 12:00:00+00:00,498.25
2019-11-05 13:00:00+00:00,486.5
2019-11-05 14:00:00+00:00,1286.0
2019-11-05 15:00:00+00:00,2085.5
2019-11-05 16:00:00+00:00,2885.0
2019-11-05 17:00:00+00:00,2431.0
2019-11-05 18:00:00+00:00,4761.25
2019-11-05 19:00:00+00:00,4569.5
2019-11-05 20:00:00+00:00,834.0
2019-11-05 21:00:00+00:00,529.5
2019-11-05 22:00:00+00:00,393.75
2019-11-05 23:00:00+00:00,354.75
2019-11-06 00:00:00+00:00,310.5
2019-11-06 01:00:00+00:00,312.25
2019-11-06 02:00:00+00:00,310.75
2019-11-06 03:00:00+00:00,470.5
2019-11-06 04:00:00+00:00,876.25
2019-11-06 05:00:00+00:00,563.5
2019-11-06 06:00:00+00:00,326.75
2019-11-06 07:00:00+00:00,264.0
2019-11-06 08:00:00+00:00,303.5
2019-11-06 09:00:00+00:00,408.75
2019-11-06 10:00:00+00:00,458.75
2019-11-06 11:00:00+00:00,353.5
2019-11-06 12:00:00+00:00,250.75
2019-11-06 13:00:00+00:00,225.75
2019-11-06 14:00:00+00:00,387.0
2019-11-06 15:00:00+00:00,406.25
2019-11-06 16:00:00+00:00,527.0
2019-11-06 17:00:00+00:00,1032.5
2019-11-06 18:00:00+00:00,2970.0
2019-11-06 19:00:00+00:00,955.25
2019-11-06 20:00:00+00:00,929.0
2019-11-06 21:00:00+00:00,477.0
2019-11-06 22:00:00+00:00,296.5
2019-11-06 23:00:00+00:00,327.5
2019-11-07 00:00:00+00:00,335.75
2019-11-07 01:00:00+00:00,386.75
2019-11-07 02:00:00+00:00,400.25
2019-11-07 03:00:00+00:00,415.25
2019-11-07 04:00:00+00:00,910.5
2019-11-07 05:00:00+00:00,473.25
2019-11-07 06:00:00+00:00,329.75
2019-11-07 07:00:00+00:00,449.75
2019-11-07 08:00:00+00:00,385.5
2019-11-07 09:00:00+00:00,253.0
2019-11-07 10:00:00+00:00,411.25
2019-11-07 11:00:00+00:00,461.5
2019-11-07 12:00:00+00:00,426.25
2019-11-07 13:00:00+00:00,439.75
2019-11-07 14:00:00+00:00,231.0
2019-11-07 15:00:00+00:00,743.5
2019-11-07 16:00:00+00:00,2438.0
2019-11-07 17:00:00+00:00,1067.5
2019-11-07 18:00:00+00:00,477.0
2019-11-07 19:00:00+00:00,333.0
2019-11-07 20:00:00+00:00,373.5
2019-11-07 21:00:00+00:00,438.75
2019-11-07 22:00:00+00:00,543.5
2019-11-07 23:00:00+00:00,418.25
2019-11-08 00:00:00+00:00,339.0
2019-11-08 01:00:00+00:00,297.0
2019-11-08 02:00:00+00:00,308.25
2019-11-08 03:00:00+00:00,358.5
2019-11-08 04:00:00+00:00,633.0
2019-11-08 05:00:00+00:00,1400.75
2019-11-08 06:00:00+00:00,1649.5
2019-11-08 07:00:00+00:00,622.5
2019-11-08 08:00:00+00:00,635.75
2019-11-08 09:00:00+00:00,770.75
2019-11-08 10:00:00+00:00,630.0
2019-11-08 11:00:00+00:00,1274.0
2019-11-08 12:00:00+00:00,641.75
2019-11-08 13:00:00+00:00,4393.25
2019-11-08 14:00:00+00:00,2780.0
2019-11-08 15:00:00+00:00,1011.5
2019-11-08 16:00:00+00:00,1171.25
2019-11-08 17:00:00+00:00,1618.5
2019-11-08 18:00:00+00:00,785.25
2019-11-08 19:00:00+00:00,678.5
2019-11-08 20:00:00+00:00,553.25
2019-11-08 21:00:00+00:00,405.25
2019-11-08 22:00:00+00:00,275.25
2019-11-08 23:00:00+00:00,372.25
2019-11-09 00:00:00+00:00,278.0
2019-11-09 01:00:00+00:00,437.25
2019-11-09 02:00:00+00:00,395.5
2019-11-09 03:00:00+00:00,370.75
2019-11-09 04:00:00+00:00,379.0
2019-11-09 05:00:00+00:00,493.5
2019-11-09 06:00:00+00:00,482.5
2019-11-09 07:00:00+00:00,381.75
2019-11-09 08:00:00+00:00,648.0
2019-11-09 09:00:00+00:00,176.0
2019-11-09 10:00:00+00:00,487.25
2019-11-09 11:00:00+00:00,465.25
2019-11-09 12:00:00+00:00,672.0
2019-11-09 13:00:00+00:00,548.75
2019-11-09 14:00:00+00:00,604.5
2019-11-09 15:00:00+00:00,1903.75
2019-11-09 16:00:00+00:00,2250.0
2019-11-09 17:00:00+00:00,2107.75
2019-11-09 18:00:00+00:00,1155.75
2019-11-09 19:00:00+00:00,738.5
2019-11-09 20:00:00+00:00,786.75
2019-11-09 21:00:00+00:00,737.0
2019-11-09 22:00:00+00:00,550.0
2019-11-09 23:00:00+00:00,433.0
2019-11-10 00:00:00+00:00,427.5
2019-11-10 01:00:00+00:00,307.5
2019-11-10 02:00:00+00:00,338.25
2019-11-10 03:00:00+00:00,397.0
2019-11-10 04:00:00+00:00,523.75
2019-11-10 05:00:00+00:00,503.5
2019-11-10 06:00:00+00:00,766.75
2019-11-10 07:00:00+00:00,1037.75
2019-11-10 08:00:00+00:00,480.5
2019-11-10 09:00:00+00:00,659.75
2019-11-10 10:00:00+00:00,1679.5
2019-11-10 11:00:00+00:00,2499.0
2019-11-10 12:00:00+00:00,692.25
2019-11-10 13:00:00+00:00,1354.5
2019-11-10 14:00:00+00:00,2360.0
2019-11-10 15:00:00+00:00,2203.0
2019-11-10 16:00:00+00:00,1811.0
2019-11-10 17:00:00+00:00,957.25
2019-11-10 18:00:00+00:00,956.5
2019-11-10 19:00:00+00:00,1423.0
2019-11-10 20:00:00+00:00,1472.75
2019-11-10 21:00:00+00:00,514.75
2019-11-10 22:00:00+00:00,389.75
2019-11-10 23:00:00+00:00,391.5
2019-11-11 00:00:00+00:00,414.75
2019-11-11 01:00:00+00:00,359.25
2019-11-11 02:00:00+00:00,310.0
2019-11-11 03:00:00+00:00,382.75
2019-11-11 04:00:00+00:00,861.75
2019-11-11 05:00:00+00:00,655.0
2019-11-11 06:00:00+00:00,407.5
2019-11-11 07:00:00+00:00,314.0
2019-11-11 08:00:00+00:00,296.0
2019-11-11 09:00:00+00:00,437.25
2019-11-11 10:00:00+00:00,394.0
2019-11-11 11:00:00+00:00,459.25
2019-11-11 12:00:00+00:00,359.25
2019-11-11 13:00:00+00:00,501.25
2019-11-11 14:00:00+00:00,306.75
2019-11-11 15:00:00+00:00,310.5
2019-11-11 16:00:00+00:00,412.75
2019-11-11 17:00:00+00:00,2074.0
2019-11-11 18:00:00+00:00,1249.75
2019-11-11 19:00:00+00:00,2017.25
2019-11-11 20:00:00+00:00,6624.75
2019-11-11 21:00:00+00:00,2327.0
2019-11-11 22:00:00+00:00,525.75
2019-11-11 23:00:00+00:00,429.75
2019-11-12 00:00:00+00:00,396.0
2019-11-12 01:00:00+00:00,318.25
2019-11-12 02:00:00+00:00,363.25
2019-11-12 03:00:00+00:00,496.0
2019-11-12 04:00:00+00:00,845.25
2019-11-12 05:00:00+00:00,591.0
2019-11-12 06:00:00+00:00,376.5
2019-11-12 07:00:00+00:00,242.75
2019-11-12 08:00:00+00:00,431.5
2019-11-12 09:00:00+00:00,463.5
2019-11-12 10:00:00+00:00,414.75
2019-11-12 11:00:00+00:00,444.25
2019-11-12 12:00:00+00:00,330.5
2019-11-12 13:00:00+00:00,408.5
2019-11-12 14:00:00+00:00,564.75
2019-11-12 15:00:00+00:00,352.25
2019-11-12 16:00:00+00:00,948.0
2019-11-12 17:00:00+00:00,820.75
2019-11-12 18:00:00+00:00,554.75
2019-11-12 19:00:00+00:00,568.0
2019-11-12 20:00:00+00:00,831.75
2019-11-12 21:00:00+00:00,388.5
2019-11-12 22:00:00+00:00,343.5
2019-11-12 23:00:00+00:00,354.75
2019-11-13 00:00:00+00:00,354.25
2019-11-13 01:00:00+00:00,430.5
2019-11-13 02:00:00+00:00,349.75
2019-11-13 03:00:00+00:00,369.75
2019-11-13 04:00:00+00:00,699.25
2019-11-13 05:00:00+00:00,759.25
2019-11-13 06:00:00+00:00,535.25
2019-11-13 07:00:00+00:00,416.75
2019-11-13 08:00:00+00:00,381.0
2019-11-13 09:00:00+00:00,354.0
2019-11-13 10:00:00+00:00,745.0
2019-11-13 11:00:00+00:00,579.5
2019-11-13 12:00:00+00:00,487.0
2019-11-13 13:00:00+00:00,444.75
2019-11-13 14:00:00+00:00,333.5
2019-11-13 15:00:00+00:00,353.5
2019-11-13 16:00:00+00:00,423.25
2019-11-13 17:00:00+00:00,2022.75
2019-11-13 18:00:00+00:00,1906.5
2019-11-13 19:00:00+00:00,870.25
2019-11-13 20:00:00+00:00,731.0
2019-11-13 21:00:00+00:00,475.25
2019-11-13 22:00:00+00:00,351.25
2019-11-13 23:00:00+00:00,421.0
2019-11-14 00:00:00+00:00,383.25
2019-11-14 01:00:00+00:00,308.75
2019-11-14 02:00:00+00:00,339.5
2019-11-14 03:00:00+00:00,406.3333333333333
2019-11-14 04:00:00+00:00,840.75
2019-11-14 05:00:00+00:00,742.75
2019-11-14 06:00:00+00:00,378.25
2019-11-14 07:00:00+00:00,366.0
2019-11-14 08:00:00+00:00,454.25
2019-11-14 09:00:00+00:00,460.5
2019-11-14 10:00:00+00:00,586.75
2019-11-14 11:00:00+00:00,1169.25
2019-11-14 12:00:00+00:00,1073.25
2019-11-14 13:00:00+00:00,431.75
2019-11-14 14:00:00+00:00,412.25
2019-11-14 15:00:00+00:00,788.0
2019-11-14 16:00:00+00:00,1159.25
2019-11-14 17:00:00+00:00,866.0
2019-11-14 18:00:00+00:00,957.75
2019-11-14 19:00:00+00:00,6946.75
2019-11-14 20:00:00+00:00,2687.75
2019-11-14 21:00:00+00:00,651.5
2019-11-14 22:00:00+00:00,424.25
2019-11-14 23:00:00+00:00,344.5
2019-11-15 00:00:00+00:00,304.5
2019-11-15 01:00:00+00:00,344.25
2019-11-15 02:00:00+00:00,395.5
2019-11-15 03:00:00+00:00,487.25
2019-11-15 04:00:00+00:00,528.25
2019-11-15 05:00:00+00:00,607.5
2019-11-15 06:00:00+00:00,646.75
2019-11-15 07:00:00+00:00,627.5
2019-11-15 08:00:00+00:00,607.25
2019-11-15 09:00:00+00:00,2611.25
2019-11-15 10:00:00+00:00,1463.5
2019-11-15 11:00:00+00:00,423.5
2019-11-15 12:00:00+00:00,322.0
2019-11-15 13:00:00+00:00,214.75
2019-11-15 14:00:00+00:00,411.0
2019-11-15 15:00:00+00:00,344.5
2019-11-15 16:00:00+00:00,471.5
2019-11-15 17:00:00+00:00,2188.25
2019-11-15 18:00:00+00:00,2530.25
2019-11-15 19:00:00+00:00,1080.5
2019-11-15 20:00:00+00:00,466.25
2019-11-15 21:00:00+00:00,301.25
2019-11-15 22:00:00+00:00,351.75
2019-11-15 23:00:00+00:00,335.0
2019-11-16 00:00:00+00:00,395.0
2019-11-16 01:00:00+00:00,419.75
2019-11-16 02:00:00+00:00,335.75
2019-11-16 03:00:00+00:00,344.75
2019-11-16 04:00:00+00:00,410.25
2019-11-16 05:00:00+00:00,416.5
2019-11-16 06:00:00+00:00,561.5
2019-11-16 07:00:00+00:00,801.0
2019-11-16 08:00:00+00:00,451.75
2019-11-16 09:00:00+00:00,802.0
2019-11-16 10:00:00+00:00,1610.25
2019-11-16 11:00:00+00:00,2462.0
2019-11-16 12:00:00+00:00,2619.5
2019-11-16 13:00:00+00:00,1585.0
2019-11-16 14:00:00+00:00,989.5
2019-11-16 15:00:00+00:00,1317.5
2019-11-16 16:00:00+00:00,1304.0
2019-11-16 17:00:00+00:00,1047.25
2019-11-16 18:00:00+00:00,1208.5
2019-11-16 19:00:00+00:00,5245.25
2019-11-16 20:00:00+00:00,3641.5
2019-11-16 21:00:00+00:00,541.25
2019-11-16 22:00:00+00:00,380.5
2019-11-16 23:00:00+00:00,432.0
2019-11-17 00:00:00+00:00,439.75
2019-11-17 01:00:00+00:00,412.25
2019-11-17 02:00:00+00:00,334.75
2019-11-17 03:00:00+00:00,374.5
2019-11-17 04:00:00+00:00,408.5
2019-11-17 05:00:00+00:00,451.5
2019-11-17 06:00:00+00:00,495.0
2019-11-17 07:00:00+00:00,1521.5
2019-11-17 08:00:00+00:00,2039.75
2019-11-17 09:00:00+00:00,2391.0
2019-11-17 10:00:00+00:00,2708.75
2019-11-17 11:00:00+00:00,3117.5
2019-11-17 12:00:00+00:00,6250.0
2019-11-17 13:00:00+00:00,4896.0
2019-11-17 14:00:00+00:00,2039.75
2019-11-17 15:00:00+00:00,2352.0
2019-11-17 16:00:00+00:00,2230.5
2019-11-17 17:00:00+00:00,1422.0
2019-11-17 18:00:00+00:00,1078.25
2019-11-17 19:00:00+00:00,4784.75
2019-11-17 20:00:00+00:00,2689.25
2019-11-17 21:00:00+00:00,665.75
2019-11-17 22:00:00+00:00,352.25
2019-11-17 23:00:00+00:00,356.25
2019-11-18 00:00:00+00:00,437.0
2019-11-18 01:00:00+00:00,358.75
2019-11-18 02:00:00+00:00,297.0
2019-11-18 03:00:00+00:00,325.5
2019-11-18 04:00:00+00:00,936.25
2019-11-18 05:00:00+00:00,592.0
2019-11-18 06:00:00+00:00,345.5
2019-11-18 07:00:00+00:00,345.25
2019-11-18 08:00:00+00:00,214.25
2019-11-18 09:00:00+00:00,326.5
2019-11-18 10:00:00+00:00,2552.25
2019-11-18 11:00:00+00:00,1999.0
2019-11-18 12:00:00+00:00,502.0
2019-11-18 13:00:00+00:00,340.25
2019-11-18 14:00:00+00:00,508.25
2019-11-18 15:00:00+00:00,842.0
2019-11-18 16:00:00+00:00,1909.25
2019-11-18 17:00:00+00:00,1235.5
2019-11-18 18:00:00+00:00,830.5
2019-11-18 19:00:00+00:00,816.5
2019-11-18 20:00:00+00:00,898.75
2019-11-18 21:00:00+00:00,424.25
2019-11-18 22:00:00+00:00,367.5
2019-11-18 23:00:00+00:00,315.5
2019-11-19 00:00:00+00:00,338.5
2019-11-19 01:00:00+00:00,396.25
2019-11-19 02:00:00+00:00,403.5
2019-11-19 03:00:00+00:00,402.75
2019-11-19 04:00:00+00:00,790.75
2019-11-19 05:00:00+00:00,537.0
2019-11-19 06:00:00+00:00,436.25
2019-11-19 07:00:00+00:00,446.5
2019-11-19 08:00:00+00:00,215.25
2019-11-19 09:00:00+00:00,310.75
2019-11-19 10:00:00+00:00,922.25
2019-11-19 11:00:00+00:00,707.25
2019-11-19 12:00:00+00:00,813.0
2019-11-19 13:00:00+00:00,461.5
2019-11-19 14:00:00+00:00,238.25
2019-11-19 15:00:00+00:00,368.0
2019-11-19 16:00:00+00:00,368.5
2019-11-19 17:00:00+00:00,4161.0
2019-11-19 18:00:00+00:00,3653.75
2019-11-19 19:00:00+00:00,2652.5
2019-11-19 20:00:00+00:00,975.0
2019-11-19 21:00:00+00:00,392.5
2019-11-19 22:00:00+00:00,327.5
2019-11-19 23:00:00+00:00,353.5
2019-11-20 00:00:00+00:00,420.75
2019-11-20 01:00:00+00:00,381.75
2019-11-20 02:00:00+00:00,379.75
2019-11-20 03:00:00+00:00,338.5
2019-11-20 04:00:00+00:00,783.5
2019-11-20 05:00:00+00:00,546.0
2019-11-20 06:00:00+00:00,490.5
2019-11-20 07:00:00+00:00,366.0
2019-11-20 08:00:00+00:00,360.5
2019-11-20 09:00:00+00:00,361.25
2019-11-20 10:00:00+00:00,408.75
2019-11-20 11:00:00+00:00,399.75
2019-11-20 12:00:00+00:00,445.25
2019-11-20 13:00:00+00:00,348.75
2019-11-20 14:00:00+00:00,332.25
2019-11-20 15:00:00+00:00,332.25
2019-11-20 16:00:00+00:00,1553.25
2019-11-20 17:00:00+00:00,1623.5
2019-11-20 18:00:00+00:00,1204.25
2019-11-20 19:00:00+00:00,1180.25
2019-11-20 20:00:00+00:00,863.0
2019-11-20 21:00:00+00:00,579.75
2019-11-20 22:00:00+00:00,515.75
2019-11-20 23:00:00+00:00,609.5
2019-11-21 00:00:00+00:00,421.25
2019-11-21 01:00:00+00:00,332.25
2019-11-21 02:00:00+00:00,347.75
2019-11-21 03:00:00+00:00,292.25
2019-11-21 04:00:00+00:00,831.75
2019-11-21 05:00:00+00:00,848.5
2019-11-21 06:00:00+00:00,461.25
2019-11-21 07:00:00+00:00,342.5
2019-11-21 08:00:00+00:00,209.0
2019-11-21 09:00:00+00:00,245.25
2019-11-21 10:00:00+00:00,496.25
2019-11-21 11:00:00+00:00,518.25
2019-11-21 12:00:00+00:00,233.0
2019-11-21 13:00:00+00:00,231.25
2019-11-21 14:00:00+00:00,292.75
2019-11-21 15:00:00+00:00,370.0
2019-11-21 16:00:00+00:00,396.75
2019-11-21 17:00:00+00:00,755.5
2019-11-21 18:00:00+00:00,1621.75
2019-11-21 19:00:00+00:00,5273.75
2019-11-21 20:00:00+00:00,2262.75
2019-11-21 21:00:00+00:00,706.5
2019-11-21 22:00:00+00:00,624.75
2019-11-21 23:00:00+00:00,466.75
2019-11-22 00:00:00+00:00,442.0
2019-11-22 01:00:00+00:00,310.5
2019-11-22 02:00:00+00:00,345.0
2019-11-22 03:00:00+00:00,304.5
2019-11-22 04:00:00+00:00,639.75
2019-11-22 05:00:00+00:00,1564.75
2019-11-22 06:00:00+00:00,1189.5
2019-11-22 07:00:00+00:00,905.25
2019-11-22 08:00:00+00:00,754.75
2019-11-22 09:00:00+00:00,1563.75
2019-11-22 10:00:00+00:00,1058.75
2019-11-22 11:00:00+00:00,1692.5
2019-11-22 12:00:00+00:00,3026.25
2019-11-22 13:00:00+00:00,573.5
2019-11-22 14:00:00+00:00,333.5
2019-11-22 15:00:00+00:00,2801.0
2019-11-22 16:00:00+00:00,2045.5
2019-11-22 17:00:00+00:00,2729.75
2019-11-22 18:00:00+00:00,1804.75
2019-11-22 19:00:00+00:00,511.75
2019-11-22 20:00:00+00:00,901.5
2019-11-22 21:00:00+00:00,593.5
2019-11-22 22:00:00+00:00,796.25
2019-11-22 23:00:00+00:00,526.0
2019-11-23 00:00:00+00:00,333.25
2019-11-23 01:00:00+00:00,365.25
2019-11-23 02:00:00+00:00,330.75
2019-11-23 03:00:00+00:00,311.0
2019-11-23 04:00:00+00:00,531.75
2019-11-23 05:00:00+00:00,769.5
2019-11-23 06:00:00+00:00,883.25
2019-11-23 07:00:00+00:00,1248.25
2019-11-23 08:00:00+00:00,542.0
2019-11-23 09:00:00+00:00,485.5
2019-11-23 10:00:00+00:00,1394.25
2019-11-23 11:00:00+00:00,1735.5
2019-11-23 12:00:00+00:00,403.25
2019-11-23 13:00:00+00:00,415.25
2019-11-23 14:00:00+00:00,281.25
2019-11-23 15:00:00+00:00,476.5
2019-11-23 16:00:00+00:00,352.25
2019-11-23 17:00:00+00:00,691.0
2019-11-23 18:00:00+00:00,966.25
2019-11-23 19:00:00+00:00,760.0
2019-11-23 20:00:00+00:00,558.25
2019-11-23 21:00:00+00:00,519.0
2019-11-23 22:00:00+00:00,348.0
2019-11-23 23:00:00+00:00,291.0
2019-11-24 00:00:00+00:00,381.5
2019-11-24 01:00:00+00:00,402.25
2019-11-24 02:00:00+00:00,356.25
2019-11-24 03:00:00+00:00,377.75
2019-11-24 04:00:00+00:00,403.25
2019-11-24 05:00:00+00:00,382.0
2019-11-24 06:00:00+00:00,429.25
2019-11-24 07:00:00+00:00,361.5
2019-11-24 08:00:00+00:00,415.25
2019-11-24 09:00:00+00:00,476.25
2019-11-24 10:00:00+00:00,2476.5
2019-11-24 11:00:00+00:00,2658.75
2019-11-24 12:00:00+00:00,3254.75
2019-11-24 13:00:00+00:00,1155.25
2019-11-24 14:00:00+00:00,3587.75
2019-11-24 15:00:00+00:00,6495.5
2019-11-24 16:00:00+00:00,3912.25
2019-11-24 17:00:00+00:00,7367.5
2019-11-24 18:00:00+00:00,1201.5
2019-11-24 19:00:00+00:00,1318.25
2019-11-24 20:00:00+00:00,1473.25
2019-11-24 21:00:00+00:00,799.75
2019-11-24 22:00:00+00:00,627.75
2019-11-24 23:00:00+00:00,409.75
2019-11-25 00:00:00+00:00,339.0
2019-11-25 01:00:00+00:00,318.5
2019-11-25 02:00:00+00:00,363.0
2019-11-25 03:00:00+00:00,461.0
2019-11-25 04:00:00+00:00,1681.75
2019-11-25 05:00:00+00:00,1323.0
2019-11-25 06:00:00+00:00,439.0
2019-11-25 07:00:00+00:00,350.75
2019-11-25 08:00:00+00:00,280.25
2019-11-25 09:00:00+00:00,449.25
2019-11-25 10:00:00+00:00,517.0
2019-11-25 11:00:00+00:00,429.5
2019-11-25 12:00:00+00:00,377.5
2019-11-25 13:00:00+00:00,557.0
2019-11-25 14:00:00+00:00,539.5
2019-11-25 15:00:00+00:00,496.25
2019-11-25 16:00:00+00:00,813.25
2019-11-25 17:00:00+00:00,1775.75
2019-11-25 18:00:00+00:00,1028.0
2019-11-25 19:00:00+00:00,791.75
2019-11-25 20:00:00+00:00,650.0
2019-11-25 21:00:00+00:00,463.25
2019-11-25 22:00:00+00:00,429.75
2019-11-25 23:00:00+00:00,328.25
2019-11-26 00:00:00+00:00,445.0
2019-11-26 01:00:00+00:00,379.5
2019-11-26 02:00:00+00:00,333.75
2019-11-26 03:00:00+00:00,288.5
2019-11-26 04:00:00+00:00,796.75
2019-11-26 05:00:00+00:00,628.5
2019-11-26 06:00:00+00:00,476.5
2019-11-26 07:00:00+00:00,260.75
2019-11-26 08:00:00+00:00,242.5
2019-11-26 09:00:00+00:00,392.75
2019-11-26 10:00:00+00:00,433.5
2019-11-26 11:00:00+00:00,570.5
2019-11-26 12:00:00+00:00,399.25
2019-11-26 13:00:00+00:00,341.75
2019-11-26 14:00:00+00:00,266.25
2019-11-26 15:00:00+00:00,792.25
2019-11-26 16:00:00+00:00,773.25
2019-11-26 17:00:00+00:00,1155.5
2019-11-26 18:00:00+00:00,5695.75
2019-11-26 19:00:00+00:00,3734.75
2019-11-26 20:00:00+00:00,572.75
2019-11-26 21:00:00+00:00,353.75
2019-11-26 22:00:00+00:00,353.5
2019-11-26 23:00:00+00:00,402.0
2019-11-27 00:00:00+00:00,416.0
2019-11-27 01:00:00+00:00,286.75
2019-11-27 02:00:00+00:00,374.25
2019-11-27 03:00:00+00:00,392.75
2019-11-27 04:00:00+00:00,811.25
2019-11-27 05:00:00+00:00,543.75
2019-11-27 06:00:00+00:00,446.0
2019-11-27 07:00:00+00:00,344.0
2019-11-27 08:00:00+00:00,263.0
2019-11-27 09:00:00+00:00,225.5
2019-11-27 10:00:00+00:00,301.25
2019-11-27 11:00:00+00:00,475.75
2019-11-27 12:00:00+00:00,324.0
2019-11-27 13:00:00+00:00,384.5
2019-11-27 14:00:00+00:00,207.75
2019-11-27 15:00:00+00:00,338.0
2019-11-27 16:00:00+00:00,1242.75
2019-11-27 17:00:00+00:00,998.75
2019-11-27 18:00:00+00:00,1570.0
2019-11-27 19:00:00+00:00,656.25
2019-11-27 20:00:00+00:00,709.5
2019-11-27 21:00:00+00:00,523.75
2019-11-27 22:00:00+00:00,376.75
2019-11-27 23:00:00+00:00,451.0
2019-11-28 00:00:00+00:00,355.5
2019-11-28 01:00:00+00:00,325.75
2019-11-28 02:00:00+00:00,268.0
2019-11-28 03:00:00+00:00,350.6666666666667
2019-11-28 04:00:00+00:00,835.75
2019-11-28 05:00:00+00:00,827.25
2019-11-28 06:00:00+00:00,422.5
2019-11-28 07:00:00+00:00,258.25
2019-11-28 08:00:00+00:00,341.0
2019-11-28 09:00:00+00:00,353.25
2019-11-28 10:00:00+00:00,662.25
2019-11-28 11:00:00+00:00,1302.5
2019-11-28 12:00:00+00:00,1033.5
2019-11-28 13:00:00+00:00,237.25
2019-11-28 14:00:00+00:00,328.5
2019-11-28 15:00:00+00:00,627.0
2019-11-28 16:00:00+00:00,869.25
2019-11-28 17:00:00+00:00,1848.0
2019-11-28 18:00:00+00:00,686.25
2019-11-28 19:00:00+00:00,560.75
2019-11-28 20:00:00+00:00,650.25
2019-11-28 21:00:00+00:00,381.5
2019-11-28 22:00:00+00:00,358.25
2019-11-28 23:00:00+00:00,412.75
2019-11-29 00:00:00+00:00,378.75
2019-11-29 01:00:00+00:00,314.75
2019-11-29 02:00:00+00:00,294.75
2019-11-29 03:00:00+00:00,322.25
2019-11-29 04:00:00+00:00,600.0
2019-11-29 05:00:00+00:00,1055.25
2019-11-29 06:00:00+00:00,2351.0
2019-11-29 07:00:00+00:00,769.5
2019-11-29 08:00:00+00:00,196.25
2019-11-29 09:00:00+00:00,275.5
2019-11-29 10:00:00+00:00,570.75
2019-11-29 11:00:00+00:00,816.25
2019-11-29 12:00:00+00:00,386.25
2019-11-29 13:00:00+00:00,379.5
2019-11-29 14:00:00+00:00,347.0
2019-11-29 15:00:00+00:00,1445.75
2019-11-29 16:00:00+00:00,1418.5
2019-11-29 17:00:00+00:00,991.0
2019-11-29 18:00:00+00:00,924.75
2019-11-29 19:00:00+00:00,638.0
2019-11-29 20:00:00+00:00,833.75
2019-11-29 21:00:00+00:00,910.0
2019-11-29 22:00:00+00:00,467.75
2019-11-29 23:00:00+00:00,349.75
2019-11-30 00:00:00+00:00,308.0
2019-11-30 01:00:00+00:00,340.75
2019-11-30 02:00:00+00:00,444.0
2019-11-30 03:00:00+00:00,375.5
2019-11-30 04:00:00+00:00,407.5
2019-11-30 05:00:00+00:00,424.75
2019-11-30 06:00:00+00:00,1001.75
2019-11-30 07:00:00+00:00,687.75
2019-11-30 08:00:00+00:00,1543.25
2019-11-30 09:00:00+00:00,1028.25
2019-11-30 10:00:00+00:00,1873.5
2019-11-30 11:00:00+00:00,1262.0
2019-11-30 12:00:00+00:00,2936.5
2019-11-30 13:00:00+00:00,1479.5
2019-11-30 14:00:00+00:00,1943.25
2019-11-30 15:00:00+00:00,1005.75
2019-11-30 16:00:00+00:00,1235.75
2019-11-30 17:00:00+00:00,1668.0
2019-11-30 18:00:00+00:00,2260.75
2019-11-30 19:00:00+00:00,1266.0
2019-11-30 20:00:00+00:00,915.25
2019-11-30 21:00:00+00:00,857.0
2019-11-30 22:00:00+00:00,738.5
2019-11-30 23:00:00+00:00,456.0
2019-12-01 00:00:00+00:00,386.75
2019-12-01 01:00:00+00:00,354.75
2019-12-01 02:00:00+00:00,377.5
2019-12-01 03:00:00+00:00,422.25
2019-12-01 04:00:00+00:00,543.0
2019-12-01 05:00:00+00:00,390.0
2019-12-01 06:00:00+00:00,442.75
2019-12-01 07:00:00+00:00,678.5
2019-12-01 08:00:00+00:00,547.5
2019-12-01 09:00:00+00:00,1421.0
2019-12-01 10:00:00+00:00,911.0
2019-12-01 11:00:00+00:00,463.75
2019-12-01 12:00:00+00:00,561.5
2019-12-01 13:00:00+00:00,599.75
2019-12-01 14:00:00+00:00,548.75
2019-12-01 15:00:00+00:00,581.5
2019-12-01 16:00:00+00:00,1109.5
2019-12-01 17:00:00+00:00,923.5
2019-12-01 18:00:00+00:00,1027.0
2019-12-01 19:00:00+00:00,1005.0
2019-12-01 20:00:00+00:00,1011.25
2019-12-01 21:00:00+00:00,755.5
2019-12-01 22:00:00+00:00,345.25
2019-12-01 23:00:00+00:00,415.25
2019-12-02 00:00:00+00:00,487.25
2019-12-02 01:00:00+00:00,444.0
2019-12-02 02:00:00+00:00,390.75
2019-12-02 03:00:00+00:00,370.25
2019-12-02 04:00:00+00:00,541.25
2019-12-02 05:00:00+00:00,999.75
2019-12-02 06:00:00+00:00,708.25
2019-12-02 07:00:00+00:00,1394.25
2019-12-02 08:00:00+00:00,922.0
2019-12-02 09:00:00+00:00,3528.75
2019-12-02 10:00:00+00:00,1622.25
2019-12-02 11:00:00+00:00,1343.25
2019-12-02 12:00:00+00:00,431.5
2019-12-02 13:00:00+00:00,350.75
2019-12-02 14:00:00+00:00,1750.5
2019-12-02 15:00:00+00:00,2176.25
2019-12-02 16:00:00+00:00,2680.75
2019-12-02 17:00:00+00:00,2511.0
2019-12-02 18:00:00+00:00,1686.25
2019-12-02 19:00:00+00:00,1637.75
2019-12-02 20:00:00+00:00,1168.5
2019-12-02 21:00:00+00:00,427.25
2019-12-02 22:00:00+00:00,381.0
2019-12-02 23:00:00+00:00,439.25
2019-12-03 00:00:00+00:00,368.25
2019-12-03 01:00:00+00:00,313.25
2019-12-03 02:00:00+00:00,342.0
2019-12-03 03:00:00+00:00,578.0
2019-12-03 04:00:00+00:00,931.25
2019-12-03 05:00:00+00:00,529.0
2019-12-03 06:00:00+00:00,369.0
2019-12-03 07:00:00+00:00,309.0
2019-12-03 08:00:00+00:00,253.5
2019-12-03 09:00:00+00:00,439.0
2019-12-03 10:00:00+00:00,389.25
2019-12-03 11:00:00+00:00,423.75
2019-12-03 12:00:00+00:00,366.5
2019-12-03 13:00:00+00:00,352.0
2019-12-03 14:00:00+00:00,608.25
2019-12-03 15:00:00+00:00,900.25
2019-12-03 16:00:00+00:00,660.75
2019-12-03 17:00:00+00:00,1180.25
2019-12-03 18:00:00+00:00,2479.75
2019-12-03 19:00:00+00:00,1450.75
2019-12-03 20:00:00+00:00,1020.25
2019-12-03 21:00:00+00:00,626.25
2019-12-03 22:00:00+00:00,578.0
2019-12-03 23:00:00+00:00,563.5
2019-12-04 00:00:00+00:00,549.75
2019-12-04 01:00:00+00:00,470.5
2019-12-04 02:00:00+00:00,446.5
2019-12-04 03:00:00+00:00,383.0
2019-12-04 04:00:00+00:00,394.6666666666667
2019-12-04 05:00:00+00:00,406.3333333333333
2019-12-04 06:00:00+00:00,418.0
2019-12-04 07:00:00+00:00,351.75
2019-12-04 08:00:00+00:00,308.0
2019-12-04 09:00:00+00:00,1187.75
2019-12-04 10:00:00+00:00,738.75
2019-12-04 11:00:00+00:00,636.25
2019-12-04 12:00:00+00:00,424.5
2019-12-04 13:00:00+00:00,387.25
2019-12-04 14:00:00+00:00,356.25
2019-12-04 15:00:00+00:00,475.5
2019-12-04 16:00:00+00:00,1494.75
2019-12-04 17:00:00+00:00,1659.0
2019-12-04 18:00:00+00:00,1337.75
2019-12-04 19:00:00+00:00,6205.25
2019-12-04 20:00:00+00:00,3743.25
2019-12-04 21:00:00+00:00,707.5
2019-12-04 22:00:00+00:00,391.0
2019-12-04 23:00:00+00:00,377.75
2019-12-05 00:00:00+00:00,357.25
2019-12-05 01:00:00+00:00,383.5
2019-12-05 02:00:00+00:00,451.5
2019-12-05 03:00:00+00:00,453.5
2019-12-05 04:00:00+00:00,795.5
2019-12-05 05:00:00+00:00,664.5
2019-12-05 06:00:00+00:00,470.75
2019-12-05 07:00:00+00:00,419.25
2019-12-05 08:00:00+00:00,376.25
2019-12-05 09:00:00+00:00,399.0
2019-12-05 10:00:00+00:00,433.0
2019-12-05 11:00:00+00:00,445.75
2019-12-05 12:00:00+00:00,561.25
2019-12-05 13:00:00+00:00,382.75
2019-12-05 14:00:00+00:00,406.5
2019-12-05 15:00:00+00:00,1422.5
2019-12-05 16:00:00+00:00,688.25
2019-12-05 17:00:00+00:00,1961.5
2019-12-05 18:00:00+00:00,999.5
2019-12-05 19:00:00+00:00,754.5
2019-12-05 20:00:00+00:00,731.5
2019-12-05 21:00:00+00:00,628.5
2019-12-05 22:00:00+00:00,481.0
2019-12-05 23:00:00+00:00,467.5
2019-12-06 00:00:00+00:00,428.75
2019-12-06 01:00:00+00:00,344.75
2019-12-06 02:00:00+00:00,362.25
2019-12-06 03:00:00+00:00,341.25
2019-12-06 04:00:00+00:00,636.75
2019-12-06 05:00:00+00:00,1049.75
2019-12-06 06:00:00+00:00,958.5
2019-12-06 07:00:00+00:00,369.5
2019-12-06 08:00:00+00:00,237.5
2019-12-06 09:00:00+00:00,380.75
2019-12-06 10:00:00+00:00,576.5
2019-12-06 11:00:00+00:00,1454.0
2019-12-06 12:00:00+00:00,1827.5
2019-12-06 13:00:00+00:00,1272.25
2019-12-06 14:00:00+00:00,535.75
2019-12-06 15:00:00+00:00,816.5
2019-12-06 16:00:00+00:00,1229.0
2019-12-06 17:00:00+00:00,1316.75
2019-12-06 18:00:00+00:00,2535.0
2019-12-06 19:00:00+00:00,1271.0
2019-12-06 20:00:00+00:00,1001.5
2019-12-06 21:00:00+00:00,759.5
2019-12-06 22:00:00+00:00,455.5
2019-12-06 23:00:00+00:00,343.75
2019-12-07 00:00:00+00:00,416.75
2019-12-07 01:00:00+00:00,422.75
2019-12-07 02:00:00+00:00,429.5
2019-12-07 03:00:00+00:00,407.25
2019-12-07 04:00:00+00:00,457.75
2019-12-07 05:00:00+00:00,391.5
2019-12-07 06:00:00+00:00,513.0
2019-12-07 07:00:00+00:00,1287.5
2019-12-07 08:00:00+00:00,376.0
2019-12-07 09:00:00+00:00,421.25
2019-12-07 10:00:00+00:00,982.5
2019-12-07 11:00:00+00:00,1034.75
2019-12-07 12:00:00+00:00,2991.5
2019-12-07 13:00:00+00:00,740.5
2019-12-07 14:00:00+00:00,406.75
2019-12-07 15:00:00+00:00,746.75
2019-12-07 16:00:00+00:00,1439.25
2019-12-07 17:00:00+00:00,2377.75
2019-12-07 18:00:00+00:00,8981.75
2019-12-07 19:00:00+00:00,3749.0
2019-12-07 20:00:00+00:00,953.0
2019-12-07 21:00:00+00:00,803.25
2019-12-07 22:00:00+00:00,510.25
2019-12-07 23:00:00+00:00,441.25
2019-12-08 00:00:00+00:00,340.75
2019-12-08 01:00:00+00:00,313.0
2019-12-08 02:00:00+00:00,330.0
2019-12-08 03:00:00+00:00,318.75
2019-12-08 04:00:00+00:00,419.25
2019-12-08 05:00:00+00:00,399.25
2019-12-08 06:00:00+00:00,1085.5
2019-12-08 07:00:00+00:00,1293.25
2019-12-08 08:00:00+00:00,928.0
2019-12-08 09:00:00+00:00,1259.25
2019-12-08 10:00:00+00:00,1420.5
2019-12-08 11:00:00+00:00,1953.75
2019-12-08 12:00:00+00:00,1927.5
2019-12-08 13:00:00+00:00,2505.0
2019-12-08 14:00:00+00:00,1219.75
2019-12-08 15:00:00+00:00,2796.0
2019-12-08 16:00:00+00:00,3096.25
2019-12-08 17:00:00+00:00,3076.0
2019-12-08 18:00:00+00:00,2268.75
2019-12-08 19:00:00+00:00,2078.5
2019-12-08 20:00:00+00:00,2390.75
2019-12-08 21:00:00+00:00,805.5
2019-12-08 22:00:00+00:00,624.75
2019-12-08 23:00:00+00:00,563.75
2019-12-09 00:00:00+00:00,390.75
2019-12-09 01:00:00+00:00,397.75
2019-12-09 02:00:00+00:00,353.75
2019-12-09 03:00:00+00:00,304.25
2019-12-09 04:00:00+00:00,810.75
2019-12-09 05:00:00+00:00,426.0
2019-12-09 06:00:00+00:00,345.25
2019-12-09 07:00:00+00:00,292.25
2019-12-09 08:00:00+00:00,324.0
2019-12-09 09:00:00+00:00,411.0
2019-12-09 10:00:00+00:00,631.5
2019-12-09 11:00:00+00:00,1005.75
2019-12-09 12:00:00+00:00,591.5
2019-12-09 13:00:00+00:00,288.5
2019-12-09 14:00:00+00:00,622.0
2019-12-09 15:00:00+00:00,673.0
2019-12-09 16:00:00+00:00,1012.25
2019-12-09 17:00:00+00:00,2005.25
2019-12-09 18:00:00+00:00,1317.0
2019-12-09 19:00:00+00:00,2197.0
2019-12-09 20:00:00+00:00,1291.25
2019-12-09 21:00:00+00:00,718.5
2019-12-09 22:00:00+00:00,636.25
2019-12-09 23:00:00+00:00,536.75
2019-12-10 00:00:00+00:00,401.75
2019-12-10 01:00:00+00:00,362.75
2019-12-10 02:00:00+00:00,352.25
2019-12-10 03:00:00+00:00,337.75
2019-12-10 04:00:00+00:00,740.6666666666666
2019-12-10 05:00:00+00:00,474.75
2019-12-10 06:00:00+00:00,366.0
2019-12-10 07:00:00+00:00,474.75
2019-12-10 08:00:00+00:00,325.75
2019-12-10 09:00:00+00:00,402.25
2019-12-10 10:00:00+00:00,533.0
2019-12-10 11:00:00+00:00,475.0
2019-12-10 12:00:00+00:00,466.25
2019-12-10 13:00:00+00:00,350.5
2019-12-10 14:00:00+00:00,315.5
2019-12-10 15:00:00+00:00,710.5
2019-12-10 16:00:00+00:00,475.5
2019-12-10 17:00:00+00:00,1487.5
2019-12-10 18:00:00+00:00,6682.5
2019-12-10 19:00:00+00:00,3293.5
2019-12-10 20:00:00+00:00,609.25
2019-12-10 21:00:00+00:00,545.5
2019-12-10 22:00:00+00:00,442.75
2019-12-10 23:00:00+00:00,330.5
2019-12-11 00:00:00+00:00,364.5
2019-12-11 01:00:00+00:00,353.75
2019-12-11 02:00:00+00:00,341.25
2019-12-11 03:00:00+00:00,329.75
2019-12-11 04:00:00+00:00,732.0
2019-12-11 05:00:00+00:00,560.5
2019-12-11 06:00:00+00:00,488.75
2019-12-11 07:00:00+00:00,487.5
2019-12-11 08:00:00+00:00,443.75
2019-12-11 09:00:00+00:00,412.0
2019-12-11 10:00:00+00:00,453.5
2019-12-11 11:00:00+00:00,395.75
2019-12-11 12:00:00+00:00,802.0
2019-12-11 13:00:00+00:00,558.25
2019-12-11 14:00:00+00:00,467.5
2019-12-11 15:00:00+00:00,802.5
2019-12-11 16:00:00+00:00,959.0
2019-12-11 17:00:00+00:00,946.75
2019-12-11 18:00:00+00:00,1282.25
2019-12-11 19:00:00+00:00,771.25
2019-12-11 20:00:00+00:00,698.75
2019-12-11 21:00:00+00:00,402.25
2019-12-11 22:00:00+00:00,443.75
2019-12-11 23:00:00+00:00,349.0
2019-12-12 00:00:00+00:00,338.5
2019-12-12 01:00:00+00:00,330.75
2019-12-12 02:00:00+00:00,338.75
2019-12-12 03:00:00+00:00,412.0
2019-12-12 04:00:00+00:00,1117.0
2019-12-12 05:00:00+00:00,541.25
2019-12-12 06:00:00+00:00,443.25
2019-12-12 07:00:00+00:00,455.0
2019-12-12 08:00:00+00:00,382.0
2019-12-12 09:00:00+00:00,249.25
2019-12-12 10:00:00+00:00,574.5
2019-12-12 11:00:00+00:00,532.5
2019-12-12 12:00:00+00:00,342.0
2019-12-12 13:00:00+00:00,279.0
2019-12-12 14:00:00+00:00,1006.75
2019-12-12 15:00:00+00:00,771.75
2019-12-12 16:00:00+00:00,1036.5
2019-12-12 17:00:00+00:00,1132.5
2019-12-12 18:00:00+00:00,4312.25
2019-12-12 19:00:00+00:00,3273.25
2019-12-12 20:00:00+00:00,552.25
2019-12-12 21:00:00+00:00,582.25
2019-12-12 22:00:00+00:00,553.25
2019-12-12 23:00:00+00:00,365.25
2019-12-13 00:00:00+00:00,365.75
2019-12-13 01:00:00+00:00,359.25
2019-12-13 02:00:00+00:00,458.75
2019-12-13 03:00:00+00:00,442.75
2019-12-13 04:00:00+00:00,799.5
2019-12-13 05:00:00+00:00,481.0
2019-12-13 06:00:00+00:00,508.75
2019-12-13 07:00:00+00:00,365.5
2019-12-13 08:00:00+00:00,357.75
2019-12-13 09:00:00+00:00,416.25
2019-12-13 10:00:00+00:00,506.5
2019-12-13 11:00:00+00:00,428.0
2019-12-13 12:00:00+00:00,1327.0
2019-12-13 13:00:00+00:00,996.5
2019-12-13 14:00:00+00:00,956.25
2019-12-13 15:00:00+00:00,720.0
2019-12-13 16:00:00+00:00,800.5
2019-12-13 17:00:00+00:00,1001.75
2019-12-13 18:00:00+00:00,885.75
2019-12-13 19:00:00+00:00,861.25
2019-12-13 20:00:00+00:00,754.75
2019-12-13 21:00:00+00:00,568.5
2019-12-13 22:00:00+00:00,736.75
2019-12-13 23:00:00+00:00,653.75
2019-12-14 00:00:00+00:00,314.25
2019-12-14 01:00:00+00:00,396.5
2019-12-14 02:00:00+00:00,490.5
2019-12-14 03:00:00+00:00,451.5
2019-12-14 04:00:00+00:00,525.75
2019-12-14 05:00:00+00:00,448.75
2019-12-14 06:00:00+00:00,412.0
2019-12-14 07:00:00+00:00,473.0
2019-12-14 08:00:00+00:00,482.75
2019-12-14 09:00:00+00:00,1081.0
2019-12-14 10:00:00+00:00,1831.25
2019-12-14 11:00:00+00:00,1796.25
2019-12-14 12:00:00+00:00,4116.25
2019-12-14 13:00:00+00:00,1789.25
2019-12-14 14:00:00+00:00,2548.5
2019-12-14 15:00:00+00:00,518.75
2019-12-14 16:00:00+00:00,671.5
2019-12-14 17:00:00+00:00,536.0
2019-12-14 18:00:00+00:00,404.5
2019-12-14 19:00:00+00:00,603.0
2019-12-14 20:00:00+00:00,651.5
2019-12-14 21:00:00+00:00,573.0
2019-12-14 22:00:00+00:00,709.25
2019-12-14 23:00:00+00:00,583.0
2019-12-15 00:00:00+00:00,491.5
2019-12-15 01:00:00+00:00,437.0
2019-12-15 02:00:00+00:00,431.0
2019-12-15 03:00:00+00:00,408.0
2019-12-15 04:00:00+00:00,417.25
2019-12-15 05:00:00+00:00,374.0
2019-12-15 06:00:00+00:00,366.0
2019-12-15 07:00:00+00:00,368.5
2019-12-15 08:00:00+00:00,1395.75
2019-12-15 09:00:00+00:00,619.5
2019-12-15 10:00:00+00:00,455.75
2019-12-15 11:00:00+00:00,481.5
2019-12-15 12:00:00+00:00,361.25
2019-12-15 13:00:00+00:00,3494.0
2019-12-15 14:00:00+00:00,4010.75
2019-12-15 15:00:00+00:00,3324.0
2019-12-15 16:00:00+00:00,2869.0
2019-12-15 17:00:00+00:00,1137.25
2019-12-15 18:00:00+00:00,1151.25
2019-12-15 19:00:00+00:00,868.25
2019-12-15 20:00:00+00:00,752.0
2019-12-15 21:00:00+00:00,570.25
2019-12-15 22:00:00+00:00,423.25
2019-12-15 23:00:00+00:00,421.75
2019-12-16 00:00:00+00:00,391.0
2019-12-16 01:00:00+00:00,304.75
2019-12-16 02:00:00+00:00,345.0
2019-12-16 03:00:00+00:00,297.25
2019-12-16 04:00:00+00:00,606.5
2019-12-16 05:00:00+00:00,600.75
2019-12-16 06:00:00+00:00,627.5
2019-12-16 07:00:00+00:00,627.0
2019-12-16 08:00:00+00:00,681.25
2019-12-16 09:00:00+00:00,624.5
2019-12-16 10:00:00+00:00,654.0
2019-12-16 11:00:00+00:00,1018.75
2019-12-16 12:00:00+00:00,433.0
2019-12-16 13:00:00+00:00,388.5
2019-12-16 14:00:00+00:00,366.75
2019-12-16 15:00:00+00:00,466.25
2019-12-16 16:00:00+00:00,525.0
2019-12-16 17:00:00+00:00,601.75
2019-12-16 18:00:00+00:00,1168.75
2019-12-16 19:00:00+00:00,1745.5
2019-12-16 20:00:00+00:00,1538.5
2019-12-16 21:00:00+00:00,782.0
2019-12-16 22:00:00+00:00,371.25
2019-12-16 23:00:00+00:00,358.75
2019-12-17 00:00:00+00:00,348.0
2019-12-17 01:00:00+00:00,349.0
2019-12-17 02:00:00+00:00,407.5
2019-12-17 03:00:00+00:00,422.25
2019-12-17 04:00:00+00:00,810.75
2019-12-17 05:00:00+00:00,714.5
2019-12-17 06:00:00+00:00,468.0
2019-12-17 07:00:00+00:00,438.0
2019-12-17 08:00:00+00:00,250.0
2019-12-17 09:00:00+00:00,361.25
2019-12-17 10:00:00+00:00,432.0
2019-12-17 11:00:00+00:00,503.25
2019-12-17 12:00:00+00:00,365.0
2019-12-17 13:00:00+00:00,463.5
2019-12-17 14:00:00+00:00,376.25
2019-12-17 15:00:00+00:00,475.0
2019-12-17 16:00:00+00:00,792.0
2019-12-17 17:00:00+00:00,1325.75
2019-12-17 18:00:00+00:00,779.75
2019-12-17 19:00:00+00:00,631.75
2019-12-17 20:00:00+00:00,712.75
2019-12-17 21:00:00+00:00,370.5
2019-12-17 22:00:00+00:00,390.0
2019-12-17 23:00:00+00:00,372.0
2019-12-18 00:00:00+00:00,407.0
2019-12-18 01:00:00+00:00,421.25
2019-12-18 02:00:00+00:00,448.75
2019-12-18 03:00:00+00:00,382.75
2019-12-18 04:00:00+00:00,686.25
2019-12-18 05:00:00+00:00,496.5
2019-12-18 06:00:00+00:00,385.5
2019-12-18 07:00:00+00:00,426.75
2019-12-18 08:00:00+00:00,328.5
2019-12-18 09:00:00+00:00,412.0
2019-12-18 10:00:00+00:00,506.75
2019-12-18 11:00:00+00:00,479.0
2019-12-18 12:00:00+00:00,1521.25
2019-12-18 13:00:00+00:00,549.25
2019-12-18 14:00:00+00:00,434.0
2019-12-18 15:00:00+00:00,569.0
2019-12-18 16:00:00+00:00,725.75
2019-12-18 17:00:00+00:00,1115.0
2019-12-18 18:00:00+00:00,2256.75
2019-12-18 19:00:00+00:00,1915.75
2019-12-18 20:00:00+00:00,1726.75
2019-12-18 21:00:00+00:00,1253.5
2019-12-18 22:00:00+00:00,630.25
2019-12-18 23:00:00+00:00,464.25
2019-12-19 00:00:00+00:00,382.75
2019-12-19 01:00:00+00:00,326.0
2019-12-19 02:00:00+00:00,344.75
2019-12-19 03:00:00+00:00,352.5
2019-12-19 04:00:00+00:00,584.75
2019-12-19 05:00:00+00:00,593.0
2019-12-19 06:00:00+00:00,510.0
2019-12-19 07:00:00+00:00,1659.5
2019-12-19 08:00:00+00:00,589.0
2019-12-19 09:00:00+00:00,3124.25
2019-12-19 10:00:00+00:00,1460.25
2019-12-19 11:00:00+00:00,2176.25
2019-12-19 12:00:00+00:00,2017.75
2019-12-19 13:00:00+00:00,1003.75
2019-12-19 14:00:00+00:00,359.5
2019-12-19 15:00:00+00:00,2092.75
2019-12-19 16:00:00+00:00,1121.0
2019-12-19 17:00:00+00:00,1132.0
2019-12-19 18:00:00+00:00,1158.5
2019-12-19 19:00:00+00:00,773.25
2019-12-19 20:00:00+00:00,764.25
2019-12-19 21:00:00+00:00,602.5
2019-12-19 22:00:00+00:00,527.25
2019-12-19 23:00:00+00:00,393.0
2019-12-20 00:00:00+00:00,396.5
2019-12-20 01:00:00+00:00,347.75
2019-12-20 02:00:00+00:00,343.5
2019-12-20 03:00:00+00:00,448.25
2019-12-20 04:00:00+00:00,736.25
2019-12-20 05:00:00+00:00,667.5
2019-12-20 06:00:00+00:00,506.5
2019-12-20 07:00:00+00:00,878.25
2019-12-20 08:00:00+00:00,406.75
2019-12-20 09:00:00+00:00,1098.5
2019-12-20 10:00:00+00:00,586.25
2019-12-20 11:00:00+00:00,814.0
2019-12-20 12:00:00+00:00,345.5
2019-12-20 13:00:00+00:00,237.5
2019-12-20 14:00:00+00:00,484.5
2019-12-20 15:00:00+00:00,913.0
2019-12-20 16:00:00+00:00,1044.5
2019-12-20 17:00:00+00:00,678.0
2019-12-20 18:00:00+00:00,445.25
2019-12-20 19:00:00+00:00,632.25
2019-12-20 20:00:00+00:00,693.25
2019-12-20 21:00:00+00:00,353.25
2019-12-20 22:00:00+00:00,355.5
2019-12-20 23:00:00+00:00,324.25
2019-12-21 00:00:00+00:00,319.25
2019-12-21 01:00:00+00:00,429.75
2019-12-21 02:00:00+00:00,409.0
2019-12-21 03:00:00+00:00,410.0
2019-12-21 04:00:00+00:00,529.75
2019-12-21 05:00:00+00:00,537.5
2019-12-21 06:00:00+00:00,489.0
2019-12-21 07:00:00+00:00,325.75
2019-12-21 08:00:00+00:00,654.5
2019-12-21 09:00:00+00:00,811.5
2019-12-21 10:00:00+00:00,2262.25
2019-12-21 11:00:00+00:00,5200.0
2019-12-21 12:00:00+00:00,6489.5
2019-12-21 13:00:00+00:00,6305.5
2019-12-21 14:00:00+00:00,4671.5
2019-12-21 15:00:00+00:00,5766.0
2019-12-21 16:00:00+00:00,4057.0
2019-12-21 17:00:00+00:00,5080.75
2019-12-21 18:00:00+00:00,1318.75
2019-12-21 19:00:00+00:00,1494.0
2019-12-21 20:00:00+00:00,1422.5
2019-12-21 21:00:00+00:00,1442.5
2019-12-21 22:00:00+00:00,1067.5
2019-12-21 23:00:00+00:00,759.75
2019-12-22 00:00:00+00:00,561.75
2019-12-22 01:00:00+00:00,503.5
2019-12-22 02:00:00+00:00,435.25
2019-12-22 03:00:00+00:00,366.75
2019-12-22 04:00:00+00:00,425.0
2019-12-22 05:00:00+00:00,363.75
2019-12-22 06:00:00+00:00,575.75
2019-12-22 07:00:00+00:00,733.0
2019-12-22 08:00:00+00:00,2013.25
2019-12-22 09:00:00+00:00,1391.25
2019-12-22 10:00:00+00:00,3015.75
2019-12-22 11:00:00+00:00,2228.25
2019-12-22 12:00:00+00:00,423.75
2019-12-22 13:00:00+00:00,616.5
2019-12-22 14:00:00+00:00,2405.25
2019-12-22 15:00:00+00:00,1871.5
2019-12-22 16:00:00+00:00,1632.25
2019-12-22 17:00:00+00:00,1052.0
2019-12-22 18:00:00+00:00,847.25
2019-12-22 19:00:00+00:00,970.0
2019-12-22 20:00:00+00:00,997.75
2019-12-22 21:00:00+00:00,794.5
2019-12-22 22:00:00+00:00,673.5
2019-12-22 23:00:00+00:00,522.5
2019-12-23 00:00:00+00:00,343.5
2019-12-23 01:00:00+00:00,347.25
2019-12-23 02:00:00+00:00,362.0
2019-12-23 03:00:00+00:00,283.25
2019-12-23 04:00:00+00:00,536.0
2019-12-23 05:00:00+00:00,600.25
2019-12-23 06:00:00+00:00,445.75
2019-12-23 07:00:00+00:00,455.25
2019-12-23 08:00:00+00:00,341.75
2019-12-23 09:00:00+00:00,322.75
2019-12-23 10:00:00+00:00,452.25
2019-12-23 11:00:00+00:00,339.0
2019-12-23 12:00:00+00:00,345.0
2019-12-23 13:00:00+00:00,647.0
2019-12-23 14:00:00+00:00,943.5
2019-12-23 15:00:00+00:00,717.0
2019-12-23 16:00:00+00:00,1654.75
2019-12-23 17:00:00+00:00,1753.75
2019-12-23 18:00:00+00:00,1734.0
2019-12-23 19:00:00+00:00,1265.5
2019-12-23 20:00:00+00:00,1189.0
2019-12-23 21:00:00+00:00,580.75
2019-12-23 22:00:00+00:00,486.0
2019-12-23 23:00:00+00:00,361.25
2019-12-24 00:00:00+00:00,352.75
2019-12-24 01:00:00+00:00,337.5
2019-12-24 02:00:00+00:00,417.5
2019-12-24 03:00:00+00:00,470.3333333333333
2019-12-24 04:00:00+00:00,512.25
2019-12-24 05:00:00+00:00,542.5
2019-12-24 06:00:00+00:00,469.25
2019-12-24 07:00:00+00:00,880.0
2019-12-24 08:00:00+00:00,517.0
2019-12-24 09:00:00+00:00,383.5
2019-12-24 10:00:00+00:00,759.0
2019-12-24 11:00:00+00:00,1069.25
2019-12-24 12:00:00+00:00,974.75
2019-12-24 13:00:00+00:00,1228.5
2019-12-24 14:00:00+00:00,884.25
2019-12-24 15:00:00+00:00,1215.5
2019-12-24 16:00:00+00:00,2343.75
2019-12-24 17:00:00+00:00,650.5
2019-12-24 18:00:00+00:00,1328.5
2019-12-24 19:00:00+00:00,1154.25
2019-12-24 20:00:00+00:00,505.5
2019-12-24 21:00:00+00:00,545.75
2019-12-24 22:00:00+00:00,515.75
2019-12-24 23:00:00+00:00,653.75
2019-12-25 00:00:00+00:00,565.5
2019-12-25 01:00:00+00:00,397.75
2019-12-25 02:00:00+00:00,409.5
2019-12-25 03:00:00+00:00,337.0
2019-12-25 04:00:00+00:00,448.25
2019-12-25 05:00:00+00:00,347.0
2019-12-25 06:00:00+00:00,399.25
2019-12-25 07:00:00+00:00,468.75
2019-12-25 08:00:00+00:00,595.0
2019-12-25 09:00:00+00:00,446.5
2019-12-25 10:00:00+00:00,448.75
2019-12-25 11:00:00+00:00,889.5
2019-12-25 12:00:00+00:00,576.25
2019-12-25 13:00:00+00:00,642.25
2019-12-25 14:00:00+00:00,604.0
2019-12-25 15:00:00+00:00,924.75
2019-12-25 16:00:00+00:00,824.0
2019-12-25 17:00:00+00:00,1168.75
2019-12-25 18:00:00+00:00,1430.75
2019-12-25 19:00:00+00:00,805.25
2019-12-25 20:00:00+00:00,1163.25
2019-12-25 21:00:00+00:00,2239.0
2019-12-25 22:00:00+00:00,671.0
2019-12-25 23:00:00+00:00,498.0
2019-12-26 00:00:00+00:00,490.5
2019-12-26 01:00:00+00:00,446.5
2019-12-26 02:00:00+00:00,395.25
2019-12-26 03:00:00+00:00,352.0
2019-12-26 04:00:00+00:00,487.5
2019-12-26 05:00:00+00:00,420.25
2019-12-26 06:00:00+00:00,508.25
2019-12-26 07:00:00+00:00,640.0
2019-12-26 08:00:00+00:00,637.5
2019-12-26 09:00:00+00:00,1404.25
2019-12-26 10:00:00+00:00,3012.5
2019-12-26 11:00:00+00:00,2384.25
2019-12-26 12:00:00+00:00,1300.5
2019-12-26 13:00:00+00:00,952.75
2019-12-26 14:00:00+00:00,5837.0
2019-12-26 15:00:00+00:00,3645.5
2019-12-26 16:00:00+00:00,5976.25
2019-12-26 17:00:00+00:00,3802.25
2019-12-26 18:00:00+00:00,3006.25
2019-12-26 19:00:00+00:00,1083.25
2019-12-26 20:00:00+00:00,926.5
2019-12-26 21:00:00+00:00,951.0
2019-12-26 22:00:00+00:00,643.5
2019-12-26 23:00:00+00:00,455.75
2019-12-27 00:00:00+00:00,454.25
2019-12-27 01:00:00+00:00,487.0
2019-12-27 02:00:00+00:00,456.25
2019-12-27 03:00:00+00:00,464.0
2019-12-27 04:00:00+00:00,699.25
2019-12-27 05:00:00+00:00,852.75
2019-12-27 06:00:00+00:00,693.5
2019-12-27 07:00:00+00:00,417.5
2019-12-27 08:00:00+00:00,256.25
2019-12-27 09:00:00+00:00,468.0
2019-12-27 10:00:00+00:00,435.5
2019-12-27 11:00:00+00:00,1022.25
2019-12-27 12:00:00+00:00,522.75
2019-12-27 13:00:00+00:00,1252.0
2019-12-27 14:00:00+00:00,785.5
2019-12-27 15:00:00+00:00,924.25
2019-12-27 16:00:00+00:00,1154.5
2019-12-27 17:00:00+00:00,1591.25
2019-12-27 18:00:00+00:00,1684.5
2019-12-27 19:00:00+00:00,713.25
2019-12-27 20:00:00+00:00,606.25
2019-12-27 21:00:00+00:00,603.5
2019-12-27 22:00:00+00:00,607.0
2019-12-27 23:00:00+00:00,414.0
2019-12-28 00:00:00+00:00,475.0
2019-12-28 01:00:00+00:00,459.75
2019-12-28 02:00:00+00:00,428.25
2019-12-28 03:00:00+00:00,504.75
2019-12-28 04:00:00+00:00,448.0
2019-12-28 05:00:00+00:00,360.75
2019-12-28 06:00:00+00:00,421.25
2019-12-28 07:00:00+00:00,402.5
2019-12-28 08:00:00+00:00,767.25
2019-12-28 09:00:00+00:00,2176.25
2019-12-28 10:00:00+00:00,1336.25
2019-12-28 11:00:00+00:00,673.5
2019-12-28 12:00:00+00:00,1355.5
2019-12-28 13:00:00+00:00,1638.25
2019-12-28 14:00:00+00:00,813.75
2019-12-28 15:00:00+00:00,1223.75
2019-12-28 16:00:00+00:00,821.75
2019-12-28 17:00:00+00:00,1260.25
2019-12-28 18:00:00+00:00,1612.75
2019-12-28 19:00:00+00:00,885.25
2019-12-28 20:00:00+00:00,790.75
2019-12-28 21:00:00+00:00,684.75
2019-12-28 22:00:00+00:00,575.0
2019-12-28 23:00:00+00:00,466.5
2019-12-29 00:00:00+00:00,479.0
2019-12-29 01:00:00+00:00,424.25
2019-12-29 02:00:00+00:00,393.0
2019-12-29 03:00:00+00:00,450.75
2019-12-29 04:00:00+00:00,467.25
2019-12-29 05:00:00+00:00,437.0
2019-12-29 06:00:00+00:00,417.25
2019-12-29 07:00:00+00:00,3234.75
2019-12-29 08:00:00+00:00,1148.25
2019-12-29 09:00:00+00:00,801.0
2019-12-29 10:00:00+00:00,557.75
2019-12-29 11:00:00+00:00,592.0
2019-12-29 12:00:00+00:00,474.0
2019-12-29 13:00:00+00:00,435.75
2019-12-29 14:00:00+00:00,357.5
2019-12-29 15:00:00+00:00,376.0
2019-12-29 16:00:00+00:00,341.0
2019-12-29 17:00:00+00:00,414.25
2019-12-29 18:00:00+00:00,1211.5
2019-12-29 19:00:00+00:00,1401.75
2019-12-29 20:00:00+00:00,1416.75
2019-12-29 21:00:00+00:00,932.5
2019-12-29 22:00:00+00:00,937.75
2019-12-29 23:00:00+00:00,734.5
2019-12-30 00:00:00+00:00,852.25
2019-12-30 01:00:00+00:00,793.75
2019-12-30 02:00:00+00:00,762.5
2019-12-30 03:00:00+00:00,947.25
2019-12-30 04:00:00+00:00,771.25
2019-12-30 05:00:00+00:00,827.0
2019-12-30 06:00:00+00:00,906.25
2019-12-30 07:00:00+00:00,964.75
2019-12-30 08:00:00+00:00,943.0
2019-12-30 09:00:00+00:00,1488.5
2019-12-30 10:00:00+00:00,2295.0
2019-12-30 11:00:00+00:00,3842.25
2019-12-30 12:00:00+00:00,2507.25
2019-12-30 13:00:00+00:00,2813.75
2019-12-30 14:00:00+00:00,2275.5
2019-12-30 15:00:00+00:00,3486.0
2019-12-30 16:00:00+00:00,2453.5
2019-12-30 17:00:00+00:00,3728.25
2019-12-30 18:00:00+00:00,3025.25
2019-12-30 19:00:00+00:00,2193.5
2019-12-30 20:00:00+00:00,1362.5
2019-12-30 21:00:00+00:00,786.0
2019-12-30 22:00:00+00:00,712.0
2019-12-30 23:00:00+00:00,707.5
2019-12-31 00:00:00+00:00,707.0
2019-12-31 01:00:00+00:00,754.0
2019-12-31 02:00:00+00:00,701.5
2019-12-31 03:00:00+00:00,1040.75
2019-12-31 04:00:00+00:00,847.75
2019-12-31 05:00:00+00:00,939.0
2019-12-31 06:00:00+00:00,862.5
2019-12-31 07:00:00+00:00,698.75
2019-12-31 08:00:00+00:00,1080.25
2019-12-31 09:00:00+00:00,1227.0
2019-12-31 10:00:00+00:00,1377.75
2019-12-31 11:00:00+00:00,1462.25
2019-12-31 12:00:00+00:00,1850.5
2019-12-31 13:00:00+00:00,1091.25
2019-12-31 14:00:00+00:00,1162.25
2019-12-31 15:00:00+00:00,1312.0
2019-12-31 16:00:00+00:00,2879.5
2019-12-31 17:00:00+00:00,3394.75
2019-12-31 18:00:00+00:00,2096.25
2019-12-31 19:00:00+00:00,1759.75
2019-12-31 20:00:00+00:00,943.5
2019-12-31 21:00:00+00:00,929.0
2019-12-31 22:00:00+00:00,1017.25
2019-12-31 23:00:00+00:00,1010.5
2020-01-01 00:00:00+00:00,876.75
2020-01-01 01:00:00+00:00,868.25
2020-01-01 02:00:00+00:00,740.25
2020-01-01 03:00:00+00:00,1041.75
2020-01-01 04:00:00+00:00,888.75
2020-01-01 05:00:00+00:00,819.0
2020-01-01 06:00:00+00:00,807.0
2020-01-01 07:00:00+00:00,827.75
2020-01-01 08:00:00+00:00,1560.0
2020-01-01 09:00:00+00:00,1512.25
2020-01-01 10:00:00+00:00,817.25
2020-01-01 11:00:00+00:00,899.5
2020-01-01 12:00:00+00:00,809.5
2020-01-01 13:00:00+00:00,999.5
2020-01-01 14:00:00+00:00,1329.75
2020-01-01 15:00:00+00:00,1594.75
2020-01-01 16:00:00+00:00,2071.5
2020-01-01 17:00:00+00:00,6175.5
2020-01-01 18:00:00+00:00,5748.25
2020-01-01 19:00:00+00:00,2654.75
2020-01-01 20:00:00+00:00,1100.75
2020-01-01 21:00:00+00:00,959.25
2020-01-01 22:00:00+00:00,840.25
2020-01-01 23:00:00+00:00,801.5
2020-01-02 00:00:00+00:00,730.75
2020-01-02 01:00:00+00:00,712.75
2020-01-02 02:00:00+00:00,725.75
2020-01-02 03:00:00+00:00,616.5
2020-01-02 04:00:00+00:00,1058.25
2020-01-02 05:00:00+00:00,1638.75
2020-01-02 06:00:00+00:00,1163.75
2020-01-02 07:00:00+00:00,1176.25
2020-01-02 08:00:00+00:00,937.75
2020-01-02 09:00:00+00:00,757.0
2020-01-02 10:00:00+00:00,672.75
2020-01-02 11:00:00+00:00,658.75
2020-01-02 12:00:00+00:00,651.75
2020-01-02 13:00:00+00:00,1825.75
2020-01-02 14:00:00+00:00,1260.75
2020-01-02 15:00:00+00:00,929.75
2020-01-02 16:00:00+00:00,2052.0
2020-01-02 17:00:00+00:00,1957.75
2020-01-02 18:00:00+00:00,5509.5
2020-01-02 19:00:00+00:00,5140.5
2020-01-02 20:00:00+00:00,1438.25
2020-01-02 21:00:00+00:00,1163.75
2020-01-02 22:00:00+00:00,723.0
2020-01-02 23:00:00+00:00,728.0
2020-01-03 00:00:00+00:00,678.5
2020-01-03 01:00:00+00:00,658.5
2020-01-03 02:00:00+00:00,644.75
2020-01-03 03:00:00+00:00,876.5
2020-01-03 04:00:00+00:00,1003.75
2020-01-03 05:00:00+00:00,1379.0
2020-01-03 06:00:00+00:00,1085.25
2020-01-03 07:00:00+00:00,935.5
2020-01-03 08:00:00+00:00,541.0
2020-01-03 09:00:00+00:00,1014.75
2020-01-03 10:00:00+00:00,894.5
2020-01-03 11:00:00+00:00,644.75
2020-01-03 12:00:00+00:00,626.25
2020-01-03 13:00:00+00:00,612.75
2020-01-03 14:00:00+00:00,594.0
2020-01-03 15:00:00+00:00,900.5
2020-01-03 16:00:00+00:00,2517.25
2020-01-03 17:00:00+00:00,2541.0
2020-01-03 18:00:00+00:00,2480.75
2020-01-03 19:00:00+00:00,2370.0
2020-01-03 20:00:00+00:00,1599.5
2020-01-03 21:00:00+00:00,956.25
2020-01-03 22:00:00+00:00,675.25
2020-01-03 23:00:00+00:00,602.0
2020-01-04 00:00:00+00:00,512.5
2020-01-04 01:00:00+00:00,513.25
2020-01-04 02:00:00+00:00,549.0
2020-01-04 03:00:00+00:00,776.25
2020-01-04 04:00:00+00:00,693.25
2020-01-04 05:00:00+00:00,761.0
2020-01-04 06:00:00+00:00,777.5
2020-01-04 07:00:00+00:00,688.5
2020-01-04 08:00:00+00:00,718.25
2020-01-04 09:00:00+00:00,717.75
2020-01-04 10:00:00+00:00,633.75
2020-01-04 11:00:00+00:00,720.75
2020-01-04 12:00:00+00:00,511.25
2020-01-04 13:00:00+00:00,551.0
2020-01-04 14:00:00+00:00,870.5
2020-01-04 15:00:00+00:00,906.25
2020-01-04 16:00:00+00:00,1854.25
2020-01-04 17:00:00+00:00,2481.0
2020-01-04 18:00:00+00:00,1579.0
2020-01-04 19:00:00+00:00,4943.5
2020-01-04 20:00:00+00:00,3041.0
2020-01-04 21:00:00+00:00,818.5
2020-01-04 22:00:00+00:00,712.5
2020-01-04 23:00:00+00:00,612.0
2020-01-05 00:00:00+00:00,713.25
2020-01-05 01:00:00+00:00,698.0
2020-01-05 02:00:00+00:00,627.5
2020-01-05 03:00:00+00:00,671.5
2020-01-05 04:00:00+00:00,794.0
2020-01-05 05:00:00+00:00,616.5
2020-01-05 06:00:00+00:00,668.5
2020-01-05 07:00:00+00:00,857.75
2020-01-05 08:00:00+00:00,1019.75
2020-01-05 09:00:00+00:00,801.0
2020-01-05 10:00:00+00:00,790.25
2020-01-05 11:00:00+00:00,2062.25
2020-01-05 12:00:00+00:00,1666.5
2020-01-05 13:00:00+00:00,778.25
2020-01-05 14:00:00+00:00,487.25
2020-01-05 15:00:00+00:00,630.25
2020-01-05 16:00:00+00:00,951.0
2020-01-05 17:00:00+00:00,2108.25
2020-01-05 18:00:00+00:00,840.5
2020-01-05 19:00:00+00:00,1074.0
2020-01-05 20:00:00+00:00,997.75
2020-01-05 21:00:00+00:00,797.75
2020-01-05 22:00:00+00:00,772.0
2020-01-05 23:00:00+00:00,706.0
2020-01-06 00:00:00+00:00,753.75
2020-01-06 01:00:00+00:00,743.5
2020-01-06 02:00:00+00:00,741.0
2020-01-06 03:00:00+00:00,678.25
2020-01-06 04:00:00+00:00,814.0
2020-01-06 05:00:00+00:00,710.75
2020-01-06 06:00:00+00:00,1692.5
2020-01-06 07:00:00+00:00,932.0
2020-01-06 08:00:00+00:00,635.5
2020-01-06 09:00:00+00:00,600.5
2020-01-06 10:00:00+00:00,690.25
2020-01-06 11:00:00+00:00,840.0
2020-01-06 12:00:00+00:00,703.25
2020-01-06 13:00:00+00:00,755.25
2020-01-06 14:00:00+00:00,1009.0
2020-01-06 15:00:00+00:00,1478.5
2020-01-06 16:00:00+00:00,968.25
2020-01-06 17:00:00+00:00,971.75
2020-01-06 18:00:00+00:00,1245.0
2020-01-06 19:00:00+00:00,1239.0
2020-01-06 20:00:00+00:00,1052.25
2020-01-06 21:00:00+00:00,807.0
2020-01-06 22:00:00+00:00,764.0
2020-01-06 23:00:00+00:00,830.25
2020-01-07 00:00:00+00:00,791.75
2020-01-07 01:00:00+00:00,790.0
2020-01-07 02:00:00+00:00,788.75
2020-01-07 03:00:00+00:00,528.5
2020-01-07 04:00:00+00:00,1119.0
2020-01-07 05:00:00+00:00,757.75
2020-01-07 06:00:00+00:00,638.25
2020-01-07 07:00:00+00:00,588.0
2020-01-07 08:00:00+00:00,571.0
2020-01-07 09:00:00+00:00,590.0
2020-01-07 10:00:00+00:00,671.5
2020-01-07 11:00:00+00:00,655.25
2020-01-07 12:00:00+00:00,476.75
2020-01-07 13:00:00+00:00,469.0
2020-01-07 14:00:00+00:00,578.25
2020-01-07 15:00:00+00:00,778.5
2020-01-07 16:00:00+00:00,999.5
2020-01-07 17:00:00+00:00,1746.25
2020-01-07 18:00:00+00:00,1683.75
2020-01-07 19:00:00+00:00,2473.0
2020-01-07 20:00:00+00:00,1083.25
2020-01-07 21:00:00+00:00,781.25
2020-01-07 22:00:00+00:00,752.0
2020-01-07 23:00:00+00:00,685.25
2020-01-08 00:00:00+00:00,644.75
2020-01-08 01:00:00+00:00,662.5
2020-01-08 02:00:00+00:00,634.5
2020-01-08 03:00:00+00:00,764.5
2020-01-08 04:00:00+00:00,1013.75
2020-01-08 05:00:00+00:00,872.25
2020-01-08 06:00:00+00:00,970.75
2020-01-08 07:00:00+00:00,967.25
2020-01-08 08:00:00+00:00,505.75
2020-01-08 09:00:00+00:00,504.0
2020-01-08 10:00:00+00:00,560.25
2020-01-08 11:00:00+00:00,657.75
2020-01-08 12:00:00+00:00,362.75
2020-01-08 13:00:00+00:00,517.0
2020-01-08 14:00:00+00:00,459.75
2020-01-08 15:00:00+00:00,803.25
2020-01-08 16:00:00+00:00,881.5
2020-01-08 17:00:00+00:00,1155.0
2020-01-08 18:00:00+00:00,1330.5
2020-01-08 19:00:00+00:00,5503.5
2020-01-08 20:00:00+00:00,2741.5
2020-01-08 21:00:00+00:00,1421.25
2020-01-08 22:00:00+00:00,680.75
2020-01-08 23:00:00+00:00,458.0
2020-01-09 00:00:00+00:00,594.5
2020-01-09 01:00:00+00:00,497.0
2020-01-09 02:00:00+00:00,541.25
2020-01-09 03:00:00+00:00,824.5
2020-01-09 04:00:00+00:00,952.0
2020-01-09 05:00:00+00:00,798.75
2020-01-09 06:00:00+00:00,612.25
2020-01-09 07:00:00+00:00,648.0
2020-01-09 08:00:00+00:00,625.0
2020-01-09 09:00:00+00:00,479.75
2020-01-09 10:00:00+00:00,527.5
2020-01-09 11:00:00+00:00,519.75
2020-01-09 12:00:00+00:00,534.5
2020-01-09 13:00:00+00:00,552.25
2020-01-09 14:00:00+00:00,403.0
2020-01-09 15:00:00+00:00,1156.25
2020-01-09 16:00:00+00:00,1524.75
2020-01-09 17:00:00+00:00,907.75
2020-01-09 18:00:00+00:00,947.25
2020-01-09 19:00:00+00:00,2321.25
2020-01-09 20:00:00+00:00,1093.25
2020-01-09 21:00:00+00:00,2646.75
2020-01-09 22:00:00+00:00,1694.5
2020-01-09 23:00:00+00:00,469.5
2020-01-10 00:00:00+00:00,428.75
2020-01-10 01:00:00+00:00,538.0
2020-01-10 02:00:00+00:00,485.5
2020-01-10 03:00:00+00:00,582.75
2020-01-10 04:00:00+00:00,869.0
2020-01-10 05:00:00+00:00,903.0
2020-01-10 06:00:00+00:00,1403.0
2020-01-10 07:00:00+00:00,859.75
2020-01-10 08:00:00+00:00,1024.75
2020-01-10 09:00:00+00:00,1389.25
2020-01-10 10:00:00+00:00,2225.5
2020-01-10 11:00:00+00:00,2302.25
2020-01-10 12:00:00+00:00,1406.25
2020-01-10 13:00:00+00:00,1414.75
2020-01-10 14:00:00+00:00,1699.5
2020-01-10 15:00:00+00:00,1439.5
2020-01-10 16:00:00+00:00,2840.5
2020-01-10 17:00:00+00:00,1084.75
2020-01-10 18:00:00+00:00,2704.5
2020-01-10 19:00:00+00:00,1774.25
2020-01-10 20:00:00+00:00,893.5
2020-01-10 21:00:00+00:00,1758.25
2020-01-10 22:00:00+00:00,1016.0
2020-01-10 23:00:00+00:00,578.5
2020-01-11 00:00:00+00:00,444.75
2020-01-11 01:00:00+00:00,543.5
2020-01-11 02:00:00+00:00,614.5
2020-01-11 03:00:00+00:00,884.5
2020-01-11 04:00:00+00:00,620.25
2020-01-11 05:00:00+00:00,684.25
2020-01-11 06:00:00+00:00,648.0
2020-01-11 07:00:00+00:00,1532.75
2020-01-11 08:00:00+00:00,1313.75
2020-01-11 09:00:00+00:00,1960.75
2020-01-11 10:00:00+00:00,1811.75
2020-01-11 11:00:00+00:00,653.5
2020-01-11 12:00:00+00:00,2349.25
2020-01-11 13:00:00+00:00,1899.75
2020-01-11 14:00:00+00:00,3369.5
2020-01-11 15:00:00+00:00,2359.0
2020-01-11 16:00:00+00:00,2684.25
2020-01-11 17:00:00+00:00,1668.0
2020-01-11 18:00:00+00:00,1455.75
2020-01-11 19:00:00+00:00,1791.5
2020-01-11 20:00:00+00:00,1348.0
2020-01-11 21:00:00+00:00,1211.0
2020-01-11 22:00:00+00:00,1073.25
2020-01-11 23:00:00+00:00,791.0
2020-01-12 00:00:00+00:00,822.75
2020-01-12 01:00:00+00:00,772.75
2020-01-12 02:00:00+00:00,794.75
2020-01-12 03:00:00+00:00,684.0
2020-01-12 04:00:00+00:00,755.0
2020-01-12 05:00:00+00:00,2141.75
2020-01-12 06:00:00+00:00,2317.75
2020-01-12 07:00:00+00:00,1510.75
2020-01-12 08:00:00+00:00,2071.5
2020-01-12 09:00:00+00:00,2647.5
2020-01-12 10:00:00+00:00,2562.25
2020-01-12 11:00:00+00:00,5652.25
2020-01-12 12:00:00+00:00,1488.0
2020-01-12 13:00:00+00:00,3106.5
2020-01-12 14:00:00+00:00,2624.0
2020-01-12 15:00:00+00:00,1407.5
2020-01-12 16:00:00+00:00,2874.75
2020-01-12 17:00:00+00:00,2400.75
2020-01-12 18:00:00+00:00,6084.0
2020-01-12 19:00:00+00:00,4219.25
2020-01-12 20:00:00+00:00,1382.0
2020-01-12 21:00:00+00:00,946.5
2020-01-12 22:00:00+00:00,725.5
2020-01-12 23:00:00+00:00,586.0
2020-01-13 00:00:00+00:00,608.25
2020-01-13 01:00:00+00:00,605.0
2020-01-13 02:00:00+00:00,643.5
2020-01-13 03:00:00+00:00,494.5
2020-01-13 04:00:00+00:00,955.0
2020-01-13 05:00:00+00:00,1297.25
2020-01-13 06:00:00+00:00,876.25
2020-01-13 07:00:00+00:00,728.25
2020-01-13 08:00:00+00:00,585.75
2020-01-13 09:00:00+00:00,614.75
2020-01-13 10:00:00+00:00,703.75
2020-01-13 11:00:00+00:00,688.75
2020-01-13 12:00:00+00:00,506.25
2020-01-13 13:00:00+00:00,547.5
2020-01-13 14:00:00+00:00,407.0
2020-01-13 15:00:00+00:00,905.0
2020-01-13 16:00:00+00:00,1316.25
2020-01-13 17:00:00+00:00,1306.5
2020-01-13 18:00:00+00:00,1162.0
2020-01-13 19:00:00+00:00,1469.25
2020-01-13 20:00:00+00:00,969.5
2020-01-13 21:00:00+00:00,742.5
2020-01-13 22:00:00+00:00,672.75
2020-01-13 23:00:00+00:00,631.5
2020-01-14 00:00:00+00:00,639.25
2020-01-14 01:00:00+00:00,735.25
2020-01-14 02:00:00+00:00,722.5
2020-01-14 03:00:00+00:00,1240.5
2020-01-14 04:00:00+00:00,1073.25
2020-01-14 05:00:00+00:00,1036.25
2020-01-14 06:00:00+00:00,809.25
2020-01-14 07:00:00+00:00,581.0
2020-01-14 08:00:00+00:00,562.0
2020-01-14 09:00:00+00:00,619.0
2020-01-14 10:00:00+00:00,513.25
2020-01-14 11:00:00+00:00,513.5
2020-01-14 12:00:00+00:00,746.75
2020-01-14 13:00:00+00:00,468.5
2020-01-14 14:00:00+00:00,598.0
2020-01-14 15:00:00+00:00,553.5
2020-01-14 16:00:00+00:00,1093.5
2020-01-14 17:00:00+00:00,1936.25
2020-01-14 18:00:00+00:00,1118.0
2020-01-14 19:00:00+00:00,1111.5
2020-01-14 20:00:00+00:00,873.5
2020-01-14 21:00:00+00:00,709.25
2020-01-14 22:00:00+00:00,699.0
2020-01-14 23:00:00+00:00,594.0
2020-01-15 00:00:00+00:00,599.0
2020-01-15 01:00:00+00:00,598.25
2020-01-15 02:00:00+00:00,514.25
2020-01-15 03:00:00+00:00,690.0
2020-01-15 04:00:00+00:00,1094.25
2020-01-15 05:00:00+00:00,1053.5
2020-01-15 06:00:00+00:00,705.0
2020-01-15 07:00:00+00:00,564.75
2020-01-15 08:00:00+00:00,624.5
2020-01-15 09:00:00+00:00,460.5
2020-01-15 10:00:00+00:00,509.5
2020-01-15 11:00:00+00:00,538.0
2020-01-15 12:00:00+00:00,359.0
2020-01-15 13:00:00+00:00,361.75
2020-01-15 14:00:00+00:00,402.0
2020-01-15 15:00:00+00:00,380.25
2020-01-15 16:00:00+00:00,1720.0
2020-01-15 17:00:00+00:00,1412.75
2020-01-15 18:00:00+00:00,1246.25
2020-01-15 19:00:00+00:00,1678.5
2020-01-15 20:00:00+00:00,1125.75
2020-01-15 21:00:00+00:00,562.0
2020-01-15 22:00:00+00:00,585.5
2020-01-15 23:00:00+00:00,501.75
2020-01-16 00:00:00+00:00,569.0
2020-01-16 01:00:00+00:00,478.5
2020-01-16 02:00:00+00:00,635.0
2020-01-16 03:00:00+00:00,1207.0
2020-01-16 04:00:00+00:00,1867.25
2020-01-16 05:00:00+00:00,1029.25
2020-01-16 06:00:00+00:00,739.0
2020-01-16 07:00:00+00:00,565.0
2020-01-16 08:00:00+00:00,288.0
2020-01-16 09:00:00+00:00,612.75
2020-01-16 10:00:00+00:00,962.0
2020-01-16 11:00:00+00:00,607.75
2020-01-16 12:00:00+00:00,387.75
2020-01-16 13:00:00+00:00,475.0
2020-01-16 14:00:00+00:00,526.0
2020-01-16 15:00:00+00:00,548.5
2020-01-16 16:00:00+00:00,1569.25
2020-01-16 17:00:00+00:00,2241.0
2020-01-16 18:00:00+00:00,770.0
2020-01-16 19:00:00+00:00,5985.75
2020-01-16 20:00:00+00:00,3518.25
2020-01-16 21:00:00+00:00,873.0
2020-01-16 22:00:00+00:00,754.25
2020-01-16 23:00:00+00:00,704.0
2020-01-17 00:00:00+00:00,785.0
2020-01-17 01:00:00+00:00,777.0
2020-01-17 02:00:00+00:00,715.5
2020-01-17 03:00:00+00:00,704.25
2020-01-17 04:00:00+00:00,913.25
2020-01-17 05:00:00+00:00,1005.25
2020-01-17 06:00:00+00:00,887.0
2020-01-17 07:00:00+00:00,938.5
2020-01-17 08:00:00+00:00,700.25
2020-01-17 09:00:00+00:00,731.0
2020-01-17 10:00:00+00:00,559.0
2020-01-17 11:00:00+00:00,549.25
2020-01-17 12:00:00+00:00,972.25
2020-01-17 13:00:00+00:00,1198.0
2020-01-17 14:00:00+00:00,601.5
2020-01-17 15:00:00+00:00,685.25
2020-01-17 16:00:00+00:00,1020.25
2020-01-17 17:00:00+00:00,1073.25
2020-01-17 18:00:00+00:00,1159.25
2020-01-17 19:00:00+00:00,1630.25
2020-01-17 20:00:00+00:00,1504.75
2020-01-17 21:00:00+00:00,1437.0
2020-01-17 22:00:00+00:00,1039.5
2020-01-17 23:00:00+00:00,487.0
2020-01-18 00:00:00+00:00,618.75
2020-01-18 01:00:00+00:00,470.0
2020-01-18 02:00:00+00:00,572.0
2020-01-18 03:00:00+00:00,634.5
2020-01-18 04:00:00+00:00,786.25
2020-01-18 05:00:00+00:00,792.5
2020-01-18 06:00:00+00:00,991.0
2020-01-18 07:00:00+00:00,823.5
2020-01-18 08:00:00+00:00,986.25
2020-01-18 09:00:00+00:00,2099.75
2020-01-18 10:00:00+00:00,1031.5
2020-01-18 11:00:00+00:00,517.5
2020-01-18 12:00:00+00:00,2448.0
2020-01-18 13:00:00+00:00,1867.0
2020-01-18 14:00:00+00:00,2676.25
2020-01-18 15:00:00+00:00,1962.5
2020-01-18 16:00:00+00:00,966.75
2020-01-18 17:00:00+00:00,1452.5
2020-01-18 18:00:00+00:00,923.75
2020-01-18 19:00:00+00:00,945.0
2020-01-18 20:00:00+00:00,815.0
2020-01-18 21:00:00+00:00,855.0
2020-01-18 22:00:00+00:00,753.25
2020-01-18 23:00:00+00:00,680.25
2020-01-19 00:00:00+00:00,1054.5
2020-01-19 01:00:00+00:00,846.5
2020-01-19 02:00:00+00:00,598.25
2020-01-19 03:00:00+00:00,806.25
2020-01-19 04:00:00+00:00,721.75
2020-01-19 05:00:00+00:00,630.0
2020-01-19 06:00:00+00:00,666.0
2020-01-19 07:00:00+00:00,533.0
2020-01-19 08:00:00+00:00,730.0
2020-01-19 09:00:00+00:00,921.5
2020-01-19 10:00:00+00:00,800.5
2020-01-19 11:00:00+00:00,744.75
2020-01-19 12:00:00+00:00,1488.25
2020-01-19 13:00:00+00:00,1521.0
2020-01-19 14:00:00+00:00,754.5
2020-01-19 15:00:00+00:00,5703.75
2020-01-19 16:00:00+00:00,4095.75
2020-01-19 17:00:00+00:00,1473.5
2020-01-19 18:00:00+00:00,1532.0
2020-01-19 19:00:00+00:00,1824.0
2020-01-19 20:00:00+00:00,2351.5
2020-01-19 21:00:00+00:00,1066.75
2020-01-19 22:00:00+00:00,916.0
2020-01-19 23:00:00+00:00,729.75
2020-01-20 00:00:00+00:00,669.0
2020-01-20 01:00:00+00:00,622.75
2020-01-20 02:00:00+00:00,654.75
2020-01-20 03:00:00+00:00,636.0
2020-01-20 04:00:00+00:00,1225.0
2020-01-20 05:00:00+00:00,815.0
2020-01-20 06:00:00+00:00,795.0
2020-01-20 07:00:00+00:00,692.5
2020-01-20 08:00:00+00:00,465.0
2020-01-20 09:00:00+00:00,656.75
2020-01-20 10:00:00+00:00,670.25
2020-01-20 11:00:00+00:00,564.75
2020-01-20 12:00:00+00:00,1353.75
2020-01-20 13:00:00+00:00,663.0
2020-01-20 14:00:00+00:00,679.5
2020-01-20 15:00:00+00:00,786.5
2020-01-20 16:00:00+00:00,750.0
2020-01-20 17:00:00+00:00,1729.75
2020-01-20 18:00:00+00:00,2383.75
2020-01-20 19:00:00+00:00,2724.25
2020-01-20 20:00:00+00:00,2783.0
2020-01-20 21:00:00+00:00,1490.75
2020-01-20 22:00:00+00:00,740.5
2020-01-20 23:00:00+00:00,926.25
2020-01-21 00:00:00+00:00,858.5
2020-01-21 01:00:00+00:00,837.0
2020-01-21 02:00:00+00:00,844.0
2020-01-21 03:00:00+00:00,845.0
2020-01-21 04:00:00+00:00,1073.75
2020-01-21 05:00:00+00:00,919.5
2020-01-21 06:00:00+00:00,888.5
2020-01-21 07:00:00+00:00,765.5
2020-01-21 08:00:00+00:00,935.5
2020-01-21 09:00:00+00:00,626.25
2020-01-21 10:00:00+00:00,639.75
2020-01-21 11:00:00+00:00,887.75
2020-01-21 12:00:00+00:00,516.5
2020-01-21 13:00:00+00:00,480.25
2020-01-21 14:00:00+00:00,571.0
2020-01-21 15:00:00+00:00,621.75
2020-01-21 16:00:00+00:00,760.25
2020-01-21 17:00:00+00:00,1259.0
2020-01-21 18:00:00+00:00,2735.0
2020-01-21 19:00:00+00:00,1617.5
2020-01-21 20:00:00+00:00,1406.5
2020-01-21 21:00:00+00:00,985.5
2020-01-21 22:00:00+00:00,800.0
2020-01-21 23:00:00+00:00,667.5
2020-01-22 00:00:00+00:00,680.25
2020-01-22 01:00:00+00:00,686.75
2020-01-22 02:00:00+00:00,607.0
2020-01-22 03:00:00+00:00,666.75
2020-01-22 04:00:00+00:00,1669.75
2020-01-22 05:00:00+00:00,1042.25
2020-01-22 06:00:00+00:00,779.75
2020-01-22 07:00:00+00:00,765.75
2020-01-22 08:00:00+00:00,578.25
2020-01-22 09:00:00+00:00,595.75
2020-01-22 10:00:00+00:00,638.5
2020-01-22 11:00:00+00:00,686.0
2020-01-22 12:00:00+00:00,677.0
2020-01-22 13:00:00+00:00,650.75
2020-01-22 14:00:00+00:00,458.75
2020-01-22 15:00:00+00:00,956.5
2020-01-22 16:00:00+00:00,1127.25
2020-01-22 17:00:00+00:00,1144.25
2020-01-22 18:00:00+00:00,932.75
2020-01-22 19:00:00+00:00,1036.25
2020-01-22 20:00:00+00:00,930.0
2020-01-22 21:00:00+00:00,708.0
2020-01-22 22:00:00+00:00,646.5
2020-01-22 23:00:00+00:00,658.25
2020-01-23 00:00:00+00:00,629.5
2020-01-23 01:00:00+00:00,734.75
2020-01-23 02:00:00+00:00,706.0
2020-01-23 03:00:00+00:00,746.0
2020-01-23 04:00:00+00:00,1172.25
2020-01-23 05:00:00+00:00,837.25
2020-01-23 06:00:00+00:00,713.0
2020-01-23 07:00:00+00:00,577.25
2020-01-23 08:00:00+00:00,513.25
2020-01-23 09:00:00+00:00,664.5
2020-01-23 10:00:00+00:00,533.25
2020-01-23 11:00:00+00:00,759.5
2020-01-23 12:00:00+00:00,2048.0
2020-01-23 13:00:00+00:00,794.75
2020-01-23 14:00:00+00:00,1475.0
2020-01-23 15:00:00+00:00,1333.75
2020-01-23 16:00:00+00:00,822.5
2020-01-23 17:00:00+00:00,1285.0
2020-01-23 18:00:00+00:00,7241.75
2020-01-23 19:00:00+00:00,5751.0
2020-01-23 20:00:00+00:00,1095.0
2020-01-23 21:00:00+00:00,911.0
2020-01-23 22:00:00+00:00,904.75
2020-01-23 23:00:00+00:00,909.5
2020-01-24 00:00:00+00:00,853.5
2020-01-24 01:00:00+00:00,833.75
2020-01-24 02:00:00+00:00,877.5
2020-01-24 03:00:00+00:00,892.5
2020-01-24 04:00:00+00:00,1101.0
2020-01-24 05:00:00+00:00,992.5
2020-01-24 06:00:00+00:00,795.5
2020-01-24 07:00:00+00:00,768.5
2020-01-24 08:00:00+00:00,845.5
2020-01-24 09:00:00+00:00,757.75
2020-01-24 10:00:00+00:00,711.5
2020-01-24 11:00:00+00:00,737.75
2020-01-24 12:00:00+00:00,732.25
2020-01-24 13:00:00+00:00,1182.0
2020-01-24 14:00:00+00:00,756.0
2020-01-24 15:00:00+00:00,550.0
2020-01-24 16:00:00+00:00,1173.5
2020-01-24 17:00:00+00:00,878.75
2020-01-24 18:00:00+00:00,843.25
2020-01-24 19:00:00+00:00,928.5
2020-01-24 20:00:00+00:00,1045.5
2020-01-24 21:00:00+00:00,999.5
2020-01-24 22:00:00+00:00,821.25
2020-01-24 23:00:00+00:00,1019.75
2020-01-25 00:00:00+00:00,824.5
2020-01-25 01:00:00+00:00,779.75
2020-01-25 02:00:00+00:00,746.0
2020-01-25 03:00:00+00:00,711.75
2020-01-25 04:00:00+00:00,805.25
2020-01-25 05:00:00+00:00,1102.5
2020-01-25 06:00:00+00:00,1073.0
2020-01-25 07:00:00+00:00,1201.0
2020-01-25 08:00:00+00:00,1254.75
2020-01-25 09:00:00+00:00,938.25
2020-01-25 10:00:00+00:00,803.75
2020-01-25 11:00:00+00:00,2101.0
2020-01-25 12:00:00+00:00,4759.0
2020-01-25 13:00:00+00:00,5782.0
2020-01-25 14:00:00+00:00,4004.0
2020-01-25 15:00:00+00:00,2786.0
2020-01-25 16:00:00+00:00,4158.75
2020-01-25 17:00:00+00:00,3429.0
2020-01-25 18:00:00+00:00,3404.75
2020-01-25 19:00:00+00:00,5134.0
2020-01-25 20:00:00+00:00,6438.0
2020-01-25 21:00:00+00:00,1615.5
2020-01-25 22:00:00+00:00,1515.25
2020-01-25 23:00:00+00:00,2142.75
2020-01-26 00:00:00+00:00,1483.25
2020-01-26 01:00:00+00:00,722.75
2020-01-26 02:00:00+00:00,665.25
2020-01-26 03:00:00+00:00,611.25
2020-01-26 04:00:00+00:00,839.0
2020-01-26 05:00:00+00:00,1079.0
2020-01-26 06:00:00+00:00,887.75
2020-01-26 07:00:00+00:00,873.25
2020-01-26 08:00:00+00:00,1542.25
2020-01-26 09:00:00+00:00,1236.75
2020-01-26 10:00:00+00:00,2359.0
2020-01-26 11:00:00+00:00,2129.25
2020-01-26 12:00:00+00:00,627.75
2020-01-26 13:00:00+00:00,698.25
2020-01-26 14:00:00+00:00,794.25
2020-01-26 15:00:00+00:00,851.0
2020-01-26 16:00:00+00:00,1813.25
2020-01-26 17:00:00+00:00,1507.75
2020-01-26 18:00:00+00:00,1779.75
2020-01-26 19:00:00+00:00,2407.75
2020-01-26 20:00:00+00:00,1301.75
2020-01-26 21:00:00+00:00,1156.0
2020-01-26 22:00:00+00:00,718.5
2020-01-26 23:00:00+00:00,676.25
2020-01-27 00:00:00+00:00,657.0
2020-01-27 01:00:00+00:00,692.0
2020-01-27 02:00:00+00:00,684.5
2020-01-27 03:00:00+00:00,765.5
2020-01-27 04:00:00+00:00,1269.0
2020-01-27 05:00:00+00:00,956.75
2020-01-27 06:00:00+00:00,723.5
2020-01-27 07:00:00+00:00,814.25
2020-01-27 08:00:00+00:00,544.75
2020-01-27 09:00:00+00:00,726.75
2020-01-27 10:00:00+00:00,579.25
2020-01-27 11:00:00+00:00,532.75
2020-01-27 12:00:00+00:00,692.0
2020-01-27 13:00:00+00:00,807.5
2020-01-27 14:00:00+00:00,633.25
2020-01-27 15:00:00+00:00,1278.25
2020-01-27 16:00:00+00:00,1614.5
2020-01-27 17:00:00+00:00,1206.5
2020-01-27 18:00:00+00:00,3975.75
2020-01-27 19:00:00+00:00,4051.5
2020-01-27 20:00:00+00:00,1356.75
2020-01-27 21:00:00+00:00,758.0
2020-01-27 22:00:00+00:00,478.0
2020-01-27 23:00:00+00:00,614.75
2020-01-28 00:00:00+00:00,568.0
2020-01-28 01:00:00+00:00,711.25
2020-01-28 02:00:00+00:00,557.0
2020-01-28 03:00:00+00:00,691.0
2020-01-28 04:00:00+00:00,961.75
2020-01-28 05:00:00+00:00,749.5
2020-01-28 06:00:00+00:00,507.25
2020-01-28 07:00:00+00:00,711.25
2020-01-28 08:00:00+00:00,492.5
2020-01-28 09:00:00+00:00,581.0
2020-01-28 10:00:00+00:00,538.5
2020-01-28 11:00:00+00:00,377.75
2020-01-28 12:00:00+00:00,814.75
2020-01-28 13:00:00+00:00,508.0
2020-01-28 14:00:00+00:00,607.75
2020-01-28 15:00:00+00:00,672.0
2020-01-28 16:00:00+00:00,950.0
2020-01-28 17:00:00+00:00,1209.25
2020-01-28 18:00:00+00:00,1281.5
2020-01-28 19:00:00+00:00,1046.5
2020-01-28 20:00:00+00:00,972.25
2020-01-28 21:00:00+00:00,891.25
2020-01-28 22:00:00+00:00,1096.75
2020-01-28 23:00:00+00:00,773.0
2020-01-29 00:00:00+00:00,746.0
2020-01-29 01:00:00+00:00,682.5
2020-01-29 02:00:00+00:00,606.25
2020-01-29 03:00:00+00:00,553.75
2020-01-29 04:00:00+00:00,1018.25
2020-01-29 05:00:00+00:00,767.5
2020-01-29 06:00:00+00:00,759.25
2020-01-29 07:00:00+00:00,691.5
2020-01-29 08:00:00+00:00,530.75
2020-01-29 09:00:00+00:00,674.0
2020-01-29 10:00:00+00:00,1676.5
2020-01-29 11:00:00+00:00,1113.5
2020-01-29 12:00:00+00:00,2838.75
2020-01-29 13:00:00+00:00,1934.5
2020-01-29 14:00:00+00:00,1737.0
2020-01-29 15:00:00+00:00,1445.25
2020-01-29 16:00:00+00:00,1963.25
2020-01-29 17:00:00+00:00,1666.75
2020-01-29 18:00:00+00:00,815.0
2020-01-29 19:00:00+00:00,3613.0
2020-01-29 20:00:00+00:00,3702.0
2020-01-29 21:00:00+00:00,2314.25
2020-01-29 22:00:00+00:00,798.0
2020-01-29 23:00:00+00:00,833.5
2020-01-30 00:00:00+00:00,656.0
2020-01-30 01:00:00+00:00,667.25
2020-01-30 02:00:00+00:00,595.5
2020-01-30 03:00:00+00:00,500.5
2020-01-30 04:00:00+00:00,916.5
2020-01-30 05:00:00+00:00,1010.75
2020-01-30 06:00:00+00:00,930.5
2020-01-30 07:00:00+00:00,453.5
2020-01-30 08:00:00+00:00,625.25
2020-01-30 09:00:00+00:00,817.5
2020-01-30 10:00:00+00:00,851.25
2020-01-30 11:00:00+00:00,736.75
2020-01-30 12:00:00+00:00,710.5
2020-01-30 13:00:00+00:00,497.75
2020-01-30 14:00:00+00:00,708.5
2020-01-30 15:00:00+00:00,639.0
2020-01-30 16:00:00+00:00,1096.75
2020-01-30 17:00:00+00:00,1702.75
2020-01-30 18:00:00+00:00,1201.25
2020-01-30 19:00:00+00:00,1088.0
2020-01-30 20:00:00+00:00,1221.75
2020-01-30 21:00:00+00:00,1288.25
2020-01-30 22:00:00+00:00,749.75
2020-01-30 23:00:00+00:00,476.25
2020-01-31 00:00:00+00:00,495.5
2020-01-31 01:00:00+00:00,644.75
2020-01-31 02:00:00+00:00,553.25
2020-01-31 03:00:00+00:00,364.75
2020-01-31 04:00:00+00:00,569.25
2020-01-31 05:00:00+00:00,488.75
2020-01-31 06:00:00+00:00,1755.25
2020-01-31 07:00:00+00:00,617.5
2020-01-31 08:00:00+00:00,440.0
2020-01-31 09:00:00+00:00,553.75
2020-01-31 10:00:00+00:00,611.25
2020-01-31 11:00:00+00:00,647.25
2020-01-31 12:00:00+00:00,1512.5
2020-01-31 13:00:00+00:00,1357.75
2020-01-31 14:00:00+00:00,675.25
2020-01-31 15:00:00+00:00,402.5
2020-01-31 16:00:00+00:00,859.0
2020-01-31 17:00:00+00:00,1700.75
2020-01-31 18:00:00+00:00,763.75
2020-01-31 19:00:00+00:00,877.25
2020-01-31 20:00:00+00:00,655.25
2020-01-31 21:00:00+00:00,770.75
2020-01-31 22:00:00+00:00,729.25
2020-01-31 23:00:00+00:00,582.5
2020-02-01 00:00:00+00:00,486.75
2020-02-01 01:00:00+00:00,430.5
2020-02-01 02:00:00+00:00,443.75
2020-02-01 03:00:00+00:00,509.0
2020-02-01 04:00:00+00:00,614.0
2020-02-01 05:00:00+00:00,567.0
2020-02-01 06:00:00+00:00,559.5
2020-02-01 07:00:00+00:00,1633.25
2020-02-01 08:00:00+00:00,633.5
2020-02-01 09:00:00+00:00,2957.5
2020-02-01 10:00:00+00:00,1430.25
2020-02-01 11:00:00+00:00,1149.75
2020-02-01 12:00:00+00:00,2869.25
2020-02-01 13:00:00+00:00,3166.5
2020-02-01 14:00:00+00:00,2050.5
2020-02-01 15:00:00+00:00,2209.25
2020-02-01 16:00:00+00:00,2067.5
2020-02-01 17:00:00+00:00,1206.0
2020-02-01 18:00:00+00:00,5446.25
2020-02-01 19:00:00+00:00,2613.25
2020-02-01 20:00:00+00:00,1900.5
2020-02-01 21:00:00+00:00,746.0
2020-02-01 22:00:00+00:00,580.25
2020-02-01 23:00:00+00:00,552.25
2020-02-02 00:00:00+00:00,639.25
2020-02-02 01:00:00+00:00,713.0
2020-02-02 02:00:00+00:00,508.0
2020-02-02 03:00:00+00:00,672.0
2020-02-02 04:00:00+00:00,694.0
2020-02-02 05:00:00+00:00,521.25
2020-02-02 06:00:00+00:00,727.0
2020-02-02 07:00:00+00:00,1380.0
2020-02-02 08:00:00+00:00,741.25
2020-02-02 09:00:00+00:00,721.25
2020-02-02 10:00:00+00:00,683.0
2020-02-02 11:00:00+00:00,1090.5
2020-02-02 12:00:00+00:00,496.25
2020-02-02 13:00:00+00:00,713.25
2020-02-02 14:00:00+00:00,896.5
2020-02-02 15:00:00+00:00,1037.75
2020-02-02 16:00:00+00:00,805.25
2020-02-02 17:00:00+00:00,1326.0
2020-02-02 18:00:00+00:00,5998.5
2020-02-02 19:00:00+00:00,4278.5
2020-02-02 20:00:00+00:00,1369.75
2020-02-02 21:00:00+00:00,1005.25
2020-02-02 22:00:00+00:00,564.75
2020-02-02 23:00:00+00:00,484.0
2020-02-03 00:00:00+00:00,507.0
2020-02-03 01:00:00+00:00,516.25
2020-02-03 02:00:00+00:00,518.25
2020-02-03 03:00:00+00:00,769.0
2020-02-03 04:00:00+00:00,981.75
2020-02-03 05:00:00+00:00,1255.0
2020-02-03 06:00:00+00:00,936.75
2020-02-03 07:00:00+00:00,493.25
2020-02-03 08:00:00+00:00,626.75
2020-02-03 09:00:00+00:00,482.75
2020-02-03 10:00:00+00:00,763.0
2020-02-03 11:00:00+00:00,614.0
2020-02-03 12:00:00+00:00,466.25
2020-02-03 13:00:00+00:00,363.0
2020-02-03 14:00:00+00:00,492.5
2020-02-03 15:00:00+00:00,577.0
2020-02-03 16:00:00+00:00,1294.75
2020-02-03 17:00:00+00:00,1928.5
2020-02-03 18:00:00+00:00,4126.75
2020-02-03 19:00:00+00:00,4546.75
2020-02-03 20:00:00+00:00,1911.5
2020-02-03 21:00:00+00:00,763.0
2020-02-03 22:00:00+00:00,452.0
2020-02-03 23:00:00+00:00,570.5
2020-02-04 00:00:00+00:00,685.5
2020-02-04 01:00:00+00:00,565.0
2020-02-04 02:00:00+00:00,460.25
2020-02-04 03:00:00+00:00,924.75
2020-02-04 04:00:00+00:00,967.25
2020-02-04 05:00:00+00:00,686.75
2020-02-04 06:00:00+00:00,711.75
2020-02-04 07:00:00+00:00,601.5
2020-02-04 08:00:00+00:00,653.25
2020-02-04 09:00:00+00:00,674.0
2020-02-04 10:00:00+00:00,539.5
2020-02-04 11:00:00+00:00,540.25
2020-02-04 12:00:00+00:00,587.5
2020-02-04 13:00:00+00:00,626.5
2020-02-04 14:00:00+00:00,559.25
2020-02-04 15:00:00+00:00,687.5
2020-02-04 16:00:00+00:00,1395.75
2020-02-04 17:00:00+00:00,1449.5
2020-02-04 18:00:00+00:00,1293.75
2020-02-04 19:00:00+00:00,1301.0
2020-02-04 20:00:00+00:00,1127.25
2020-02-04 21:00:00+00:00,944.0
2020-02-04 22:00:00+00:00,837.75
2020-02-04 23:00:00+00:00,646.5
2020-02-05 00:00:00+00:00,589.0
2020-02-05 01:00:00+00:00,709.5
2020-02-05 02:00:00+00:00,763.75
2020-02-05 03:00:00+00:00,787.5
2020-02-05 04:00:00+00:00,1190.75
2020-02-05 05:00:00+00:00,775.0
2020-02-05 06:00:00+00:00,755.75
2020-02-05 07:00:00+00:00,572.25
2020-02-05 08:00:00+00:00,432.0
2020-02-05 09:00:00+00:00,619.25
2020-02-05 10:00:00+00:00,508.0
2020-02-05 11:00:00+00:00,417.25
2020-02-05 12:00:00+00:00,378.0
2020-02-05 13:00:00+00:00,422.0
2020-02-05 14:00:00+00:00,410.25
2020-02-05 15:00:00+00:00,784.25
2020-02-05 16:00:00+00:00,775.25
2020-02-05 17:00:00+00:00,1665.0
2020-02-05 18:00:00+00:00,2992.75
2020-02-05 19:00:00+00:00,4417.25
2020-02-05 20:00:00+00:00,2156.25
2020-02-05 21:00:00+00:00,756.0
2020-02-05 22:00:00+00:00,764.25
2020-02-05 23:00:00+00:00,755.75
2020-02-06 00:00:00+00:00,789.5
2020-02-06 01:00:00+00:00,689.5
2020-02-06 02:00:00+00:00,705.0
2020-02-06 03:00:00+00:00,1001.75
2020-02-06 04:00:00+00:00,1795.5
2020-02-06 05:00:00+00:00,1086.25
2020-02-06 06:00:00+00:00,802.5
2020-02-06 07:00:00+00:00,687.25
2020-02-06 08:00:00+00:00,607.25
2020-02-06 09:00:00+00:00,660.5
2020-02-06 10:00:00+00:00,548.25
2020-02-06 11:00:00+00:00,601.25
2020-02-06 12:00:00+00:00,626.75
2020-02-06 13:00:00+00:00,931.75
2020-02-06 14:00:00+00:00,749.75
2020-02-06 15:00:00+00:00,592.5
2020-02-06 16:00:00+00:00,673.0
2020-02-06 17:00:00+00:00,1328.5
2020-02-06 18:00:00+00:00,943.25
2020-02-06 19:00:00+00:00,1321.5
2020-02-06 20:00:00+00:00,1108.25
2020-02-06 21:00:00+00:00,809.0
2020-02-06 22:00:00+00:00,653.0
2020-02-06 23:00:00+00:00,721.0
2020-02-07 00:00:00+00:00,777.0
2020-02-07 01:00:00+00:00,705.25
2020-02-07 02:00:00+00:00,789.25
2020-02-07 03:00:00+00:00,1228.5
2020-02-07 04:00:00+00:00,929.5
2020-02-07 05:00:00+00:00,1165.75
2020-02-07 06:00:00+00:00,3248.0
2020-02-07 07:00:00+00:00,962.5
2020-02-07 08:00:00+00:00,713.5
2020-02-07 09:00:00+00:00,1088.75
2020-02-07 10:00:00+00:00,667.75
2020-02-07 11:00:00+00:00,789.75
2020-02-07 12:00:00+00:00,420.75
2020-02-07 13:00:00+00:00,568.0
2020-02-07 14:00:00+00:00,527.25
2020-02-07 15:00:00+00:00,1267.2777777777778
2020-02-07 16:00:00+00:00,2007.3055555555557
2020-02-07 17:00:00+00:00,2747.3333333333335
2020-02-07 18:00:00+00:00,4922.0
2020-02-07 19:00:00+00:00,4811.25
2020-02-07 20:00:00+00:00,4055.0
2020-02-07 21:00:00+00:00,1859.5
2020-02-07 22:00:00+00:00,947.0
2020-02-07 23:00:00+00:00,811.0
2020-02-08 00:00:00+00:00,784.75
2020-02-08 01:00:00+00:00,934.25
2020-02-08 02:00:00+00:00,1242.25
2020-02-08 03:00:00+00:00,1969.75
2020-02-08 04:00:00+00:00,1532.0
2020-02-08 05:00:00+00:00,917.25
2020-02-08 06:00:00+00:00,803.75
2020-02-08 07:00:00+00:00,1241.75
2020-02-08 08:00:00+00:00,865.25
2020-02-08 09:00:00+00:00,651.25
2020-02-08 10:00:00+00:00,1451.25
2020-02-08 11:00:00+00:00,2042.75
2020-02-08 12:00:00+00:00,2066.5
2020-02-08 13:00:00+00:00,716.5
2020-02-08 14:00:00+00:00,560.0
2020-02-08 15:00:00+00:00,1356.5
2020-02-08 16:00:00+00:00,2519.0
2020-02-08 17:00:00+00:00,1242.0
2020-02-08 18:00:00+00:00,905.25
2020-02-08 19:00:00+00:00,1068.5
2020-02-08 20:00:00+00:00,1679.75
2020-02-08 21:00:00+00:00,977.75
2020-02-08 22:00:00+00:00,709.75
2020-02-08 23:00:00+00:00,737.5
2020-02-09 00:00:00+00:00,829.25
2020-02-09 01:00:00+00:00,708.0
2020-02-09 02:00:00+00:00,787.25
2020-02-09 03:00:00+00:00,725.5
2020-02-09 04:00:00+00:00,855.0
2020-02-09 05:00:00+00:00,841.75
2020-02-09 06:00:00+00:00,856.75
2020-02-09 07:00:00+00:00,713.75
2020-02-09 08:00:00+00:00,996.5
2020-02-09 09:00:00+00:00,1801.5
2020-02-09 10:00:00+00:00,1215.5
2020-02-09 11:00:00+00:00,496.75
2020-02-09 12:00:00+00:00,419.75
2020-02-09 13:00:00+00:00,2524.5
2020-02-09 14:00:00+00:00,3554.5
2020-02-09 15:00:00+00:00,2475.0
2020-02-09 16:00:00+00:00,1750.25
2020-02-09 17:00:00+00:00,1939.25
2020-02-09 18:00:00+00:00,7930.75
2020-02-09 19:00:00+00:00,3273.25
2020-02-09 20:00:00+00:00,1446.5
2020-02-09 21:00:00+00:00,668.0
2020-02-09 22:00:00+00:00,528.25
2020-02-09 23:00:00+00:00,442.25
2020-02-10 00:00:00+00:00,450.25
2020-02-10 01:00:00+00:00,420.75
2020-02-10 02:00:00+00:00,449.5
2020-02-10 03:00:00+00:00,432.5
2020-02-10 04:00:00+00:00,1023.75
2020-02-10 05:00:00+00:00,755.0
2020-02-10 06:00:00+00:00,565.0
2020-02-10 07:00:00+00:00,617.25
2020-02-10 08:00:00+00:00,441.75
2020-02-10 09:00:00+00:00,622.0
2020-02-10 10:00:00+00:00,555.25
2020-02-10 11:00:00+00:00,575.5
2020-02-10 12:00:00+00:00,371.5
2020-02-10 13:00:00+00:00,532.75
2020-02-10 14:00:00+00:00,404.25
2020-02-10 15:00:00+00:00,457.75
2020-02-10 16:00:00+00:00,1407.5
2020-02-10 17:00:00+00:00,2364.25
2020-02-10 18:00:00+00:00,2987.25
2020-02-10 19:00:00+00:00,1485.25
2020-02-10 20:00:00+00:00,640.75
2020-02-10 21:00:00+00:00,674.0
2020-02-10 22:00:00+00:00,643.75
2020-02-10 23:00:00+00:00,686.25
2020-02-11 00:00:00+00:00,706.25
2020-02-11 01:00:00+00:00,675.25
2020-02-11 02:00:00+00:00,527.0
2020-02-11 03:00:00+00:00,552.0
2020-02-11 04:00:00+00:00,1039.75
2020-02-11 05:00:00+00:00,883.75
2020-02-11 06:00:00+00:00,807.0
2020-02-11 07:00:00+00:00,750.25
2020-02-11 08:00:00+00:00,640.75
2020-02-11 09:00:00+00:00,693.25
2020-02-11 10:00:00+00:00,545.0
2020-02-11 11:00:00+00:00,476.5
2020-02-11 12:00:00+00:00,611.5
2020-02-11 13:00:00+00:00,522.25
2020-02-11 14:00:00+00:00,486.25
2020-02-11 15:00:00+00:00,581.25
2020-02-11 16:00:00+00:00,875.0
2020-02-11 17:00:00+00:00,1759.25
2020-02-11 18:00:00+00:00,1274.0
2020-02-11 19:00:00+00:00,1298.75
2020-02-11 20:00:00+00:00,1330.5
2020-02-11 21:00:00+00:00,1445.75
2020-02-11 22:00:00+00:00,668.75
2020-02-11 23:00:00+00:00,644.5
2020-02-12 00:00:00+00:00,727.5
2020-02-12 01:00:00+00:00,747.0
2020-02-12 02:00:00+00:00,734.75
2020-02-12 03:00:00+00:00,575.25
2020-02-12 04:00:00+00:00,983.5
2020-02-12 05:00:00+00:00,1036.25
2020-02-12 06:00:00+00:00,778.5
2020-02-12 07:00:00+00:00,591.5
2020-02-12 08:00:00+00:00,753.0
2020-02-12 09:00:00+00:00,812.0
2020-02-12 10:00:00+00:00,652.0
2020-02-12 11:00:00+00:00,590.75
2020-02-12 12:00:00+00:00,500.0
2020-02-12 13:00:00+00:00,593.25
2020-02-12 14:00:00+00:00,771.25
2020-02-12 15:00:00+00:00,1197.25
2020-02-12 16:00:00+00:00,906.25
2020-02-12 17:00:00+00:00,6321.75
2020-02-12 18:00:00+00:00,3358.75
2020-02-12 19:00:00+00:00,4209.5
2020-02-12 20:00:00+00:00,1143.5
2020-02-12 21:00:00+00:00,778.75
2020-02-12 22:00:00+00:00,720.25
2020-02-12 23:00:00+00:00,707.75
2020-02-13 00:00:00+00:00,801.25
2020-02-13 01:00:00+00:00,670.75
2020-02-13 02:00:00+00:00,706.5
2020-02-13 03:00:00+00:00,1287.5
2020-02-13 04:00:00+00:00,1565.0
2020-02-13 05:00:00+00:00,1622.0
2020-02-13 06:00:00+00:00,683.5
2020-02-13 07:00:00+00:00,658.75
2020-02-13 08:00:00+00:00,692.75
2020-02-13 09:00:00+00:00,563.5
2020-02-13 10:00:00+00:00,674.25
2020-02-13 11:00:00+00:00,706.75
2020-02-13 12:00:00+00:00,516.25
2020-02-13 13:00:00+00:00,572.75
2020-02-13 14:00:00+00:00,401.5
2020-02-13 15:00:00+00:00,648.5
2020-02-13 16:00:00+00:00,1299.5
2020-02-13 17:00:00+00:00,1264.25
2020-02-13 18:00:00+00:00,1077.5
2020-02-13 19:00:00+00:00,1068.5
2020-02-13 20:00:00+00:00,1137.0
2020-02-13 21:00:00+00:00,865.75
2020-02-13 22:00:00+00:00,622.5
2020-02-13 23:00:00+00:00,549.5
2020-02-14 00:00:00+00:00,681.0
2020-02-14 01:00:00+00:00,625.0
2020-02-14 02:00:00+00:00,481.0
2020-02-14 03:00:00+00:00,612.75
2020-02-14 04:00:00+00:00,929.0
2020-02-14 05:00:00+00:00,2011.25
2020-02-14 06:00:00+00:00,2199.75
2020-02-14 07:00:00+00:00,564.5
2020-02-14 08:00:00+00:00,643.0
2020-02-14 09:00:00+00:00,585.75
2020-02-14 10:00:00+00:00,646.5
2020-02-14 11:00:00+00:00,622.0
2020-02-14 12:00:00+00:00,633.0
2020-02-14 13:00:00+00:00,524.75
2020-02-14 14:00:00+00:00,582.25
2020-02-14 15:00:00+00:00,672.25
2020-02-14 16:00:00+00:00,1963.75
2020-02-14 17:00:00+00:00,2504.5
2020-02-14 18:00:00+00:00,2378.75
2020-02-14 19:00:00+00:00,2220.5
2020-02-14 20:00:00+00:00,1419.75
2020-02-14 21:00:00+00:00,735.75
2020-02-14 22:00:00+00:00,689.25
2020-02-14 23:00:00+00:00,584.5
2020-02-15 00:00:00+00:00,579.75
2020-02-15 01:00:00+00:00,701.5
2020-02-15 02:00:00+00:00,633.5
2020-02-15 03:00:00+00:00,503.25
2020-02-15 04:00:00+00:00,528.75
2020-02-15 05:00:00+00:00,744.0
2020-02-15 06:00:00+00:00,753.5
2020-02-15 07:00:00+00:00,697.25
2020-02-15 08:00:00+00:00,2586.25
2020-02-15 09:00:00+00:00,1474.25
2020-02-15 10:00:00+00:00,1280.0
2020-02-15 11:00:00+00:00,802.25
2020-02-15 12:00:00+00:00,951.0
2020-02-15 13:00:00+00:00,984.25
2020-02-15 14:00:00+00:00,495.5
2020-02-15 15:00:00+00:00,832.0
2020-02-15 16:00:00+00:00,1105.25
2020-02-15 17:00:00+00:00,2795.0
2020-02-15 18:00:00+00:00,4813.75
2020-02-15 19:00:00+00:00,3992.25
2020-02-15 20:00:00+00:00,3152.5
2020-02-15 21:00:00+00:00,756.5
2020-02-15 22:00:00+00:00,797.25
2020-02-15 23:00:00+00:00,533.5
2020-02-16 00:00:00+00:00,536.5
2020-02-16 01:00:00+00:00,721.75
2020-02-16 02:00:00+00:00,604.75
2020-02-16 03:00:00+00:00,553.0
2020-02-16 04:00:00+00:00,1176.75
2020-02-16 05:00:00+00:00,618.0
2020-02-16 06:00:00+00:00,687.0
2020-02-16 07:00:00+00:00,650.75
2020-02-16 08:00:00+00:00,920.0
2020-02-16 09:00:00+00:00,1515.5
2020-02-16 10:00:00+00:00,1901.75
2020-02-16 11:00:00+00:00,2090.25
2020-02-16 12:00:00+00:00,1735.0
2020-02-16 13:00:00+00:00,768.75
2020-02-16 14:00:00+00:00,848.5
2020-02-16 15:00:00+00:00,662.0
2020-02-16 16:00:00+00:00,1083.5
2020-02-16 17:00:00+00:00,1486.5
2020-02-16 18:00:00+00:00,3011.25
2020-02-16 19:00:00+00:00,5936.0
2020-02-16 20:00:00+00:00,1107.75
2020-02-16 21:00:00+00:00,721.75
2020-02-16 22:00:00+00:00,540.5
2020-02-16 23:00:00+00:00,615.25
2020-02-17 00:00:00+00:00,492.25
2020-02-17 01:00:00+00:00,454.0
2020-02-17 02:00:00+00:00,429.5
2020-02-17 03:00:00+00:00,526.5
2020-02-17 04:00:00+00:00,1099.25
2020-02-17 05:00:00+00:00,925.75
2020-02-17 06:00:00+00:00,711.25
2020-02-17 07:00:00+00:00,414.25
2020-02-17 08:00:00+00:00,368.0
2020-02-17 09:00:00+00:00,1225.25
2020-02-17 10:00:00+00:00,940.25
2020-02-17 11:00:00+00:00,613.5
2020-02-17 12:00:00+00:00,645.75
2020-02-17 13:00:00+00:00,663.75
2020-02-17 14:00:00+00:00,560.75
2020-02-17 15:00:00+00:00,393.25
2020-02-17 16:00:00+00:00,502.0
2020-02-17 17:00:00+00:00,1959.5
2020-02-17 18:00:00+00:00,1107.0
2020-02-17 19:00:00+00:00,1283.75
2020-02-17 20:00:00+00:00,740.0
2020-02-17 21:00:00+00:00,533.0
2020-02-17 22:00:00+00:00,509.0
2020-02-17 23:00:00+00:00,579.25
2020-02-18 00:00:00+00:00,638.25
2020-02-18 01:00:00+00:00,493.75
2020-02-18 02:00:00+00:00,553.0
2020-02-18 03:00:00+00:00,447.5
2020-02-18 04:00:00+00:00,979.25
2020-02-18 05:00:00+00:00,880.25
2020-02-18 06:00:00+00:00,571.5
2020-02-18 07:00:00+00:00,947.0
2020-02-18 08:00:00+00:00,472.25
2020-02-18 09:00:00+00:00,584.5
2020-02-18 10:00:00+00:00,690.75
2020-02-18 11:00:00+00:00,670.75
2020-02-18 12:00:00+00:00,665.5
2020-02-18 13:00:00+00:00,517.5
2020-02-18 14:00:00+00:00,637.25
2020-02-18 15:00:00+00:00,629.5
2020-02-18 16:00:00+00:00,870.25
2020-02-18 17:00:00+00:00,891.25
2020-02-18 18:00:00+00:00,1234.5
2020-02-18 19:00:00+00:00,1322.5
2020-02-18 20:00:00+00:00,6387.5
2020-02-18 21:00:00+00:00,2249.25
2020-02-18 22:00:00+00:00,540.25
2020-02-18 23:00:00+00:00,608.0
2020-02-19 00:00:00+00:00,694.0
2020-02-19 01:00:00+00:00,469.25
2020-02-19 02:00:00+00:00,595.75
2020-02-19 03:00:00+00:00,512.75
2020-02-19 04:00:00+00:00,1136.0
2020-02-19 05:00:00+00:00,837.0
2020-02-19 06:00:00+00:00,857.75
2020-02-19 07:00:00+00:00,522.25
2020-02-19 08:00:00+00:00,499.25
2020-02-19 09:00:00+00:00,809.25
2020-02-19 10:00:00+00:00,895.0
2020-02-19 11:00:00+00:00,928.0
2020-02-19 12:00:00+00:00,736.75
2020-02-19 13:00:00+00:00,655.5
2020-02-19 14:00:00+00:00,1091.7777777777778
2020-02-19 15:00:00+00:00,1528.0555555555557
2020-02-19 16:00:00+00:00,1964.3333333333333
2020-02-19 17:00:00+00:00,1817.5
2020-02-19 18:00:00+00:00,1530.5
2020-02-19 19:00:00+00:00,3281.0
2020-02-19 20:00:00+00:00,1224.75
2020-02-19 21:00:00+00:00,1256.25
2020-02-19 22:00:00+00:00,754.25
2020-02-19 23:00:00+00:00,675.25
2020-02-20 00:00:00+00:00,719.25
2020-02-20 01:00:00+00:00,827.75
2020-02-20 02:00:00+00:00,703.75
2020-02-20 03:00:00+00:00,537.0
2020-02-20 04:00:00+00:00,961.75
2020-02-20 05:00:00+00:00,816.25
2020-02-20 06:00:00+00:00,774.75
2020-02-20 07:00:00+00:00,557.5
2020-02-20 08:00:00+00:00,911.75
2020-02-20 09:00:00+00:00,700.25
2020-02-20 10:00:00+00:00,673.25
2020-02-20 11:00:00+00:00,827.5
2020-02-20 12:00:00+00:00,717.25
2020-02-20 13:00:00+00:00,339.75
2020-02-20 14:00:00+00:00,586.5
2020-02-20 15:00:00+00:00,409.75
2020-02-20 16:00:00+00:00,1100.5
2020-02-20 17:00:00+00:00,863.5
2020-02-20 18:00:00+00:00,1119.75
2020-02-20 19:00:00+00:00,6394.5
2020-02-20 20:00:00+00:00,2423.25
2020-02-20 21:00:00+00:00,1571.75
2020-02-20 22:00:00+00:00,685.0
2020-02-20 23:00:00+00:00,637.5
2020-02-21 00:00:00+00:00,462.25
2020-02-21 01:00:00+00:00,678.25
2020-02-21 02:00:00+00:00,553.25
2020-02-21 03:00:00+00:00,774.75
2020-02-21 04:00:00+00:00,1074.25
2020-02-21 05:00:00+00:00,1588.5
2020-02-21 06:00:00+00:00,1012.0
2020-02-21 07:00:00+00:00,562.0
2020-02-21 08:00:00+00:00,1070.25
2020-02-21 09:00:00+00:00,1389.0
2020-02-21 10:00:00+00:00,1283.75
2020-02-21 11:00:00+00:00,550.0
2020-02-21 12:00:00+00:00,488.5
2020-02-21 13:00:00+00:00,3752.0
2020-02-21 14:00:00+00:00,1887.25
2020-02-21 15:00:00+00:00,649.0
2020-02-21 16:00:00+00:00,1796.25
2020-02-21 17:00:00+00:00,3619.75
2020-02-21 18:00:00+00:00,1086.25
2020-02-21 19:00:00+00:00,843.25
2020-02-21 20:00:00+00:00,1073.0
2020-02-21 21:00:00+00:00,863.5
2020-02-21 22:00:00+00:00,783.0
2020-02-21 23:00:00+00:00,507.5
2020-02-22 00:00:00+00:00,622.75
2020-02-22 01:00:00+00:00,756.0
2020-02-22 02:00:00+00:00,660.0
2020-02-22 03:00:00+00:00,484.25
2020-02-22 04:00:00+00:00,693.75
2020-02-22 05:00:00+00:00,670.0
2020-02-22 06:00:00+00:00,775.25
2020-02-22 07:00:00+00:00,633.25
2020-02-22 08:00:00+00:00,1139.0
2020-02-22 09:00:00+00:00,1112.0
2020-02-22 10:00:00+00:00,1006.0
2020-02-22 11:00:00+00:00,3543.75
2020-02-22 12:00:00+00:00,1389.5
2020-02-22 13:00:00+00:00,1790.5
2020-02-22 14:00:00+00:00,1171.0
2020-02-22 15:00:00+00:00,4315.0
2020-02-22 16:00:00+00:00,3833.0
2020-02-22 17:00:00+00:00,4263.25
2020-02-22 18:00:00+00:00,3607.0
2020-02-22 19:00:00+00:00,1004.0
2020-02-22 20:00:00+00:00,957.0
2020-02-22 21:00:00+00:00,606.25
2020-02-22 22:00:00+00:00,536.25
2020-02-22 23:00:00+00:00,556.25
2020-02-23 00:00:00+00:00,649.75
2020-02-23 01:00:00+00:00,466.5
2020-02-23 02:00:00+00:00,609.75
2020-02-23 03:00:00+00:00,915.5
2020-02-23 04:00:00+00:00,630.0
2020-02-23 05:00:00+00:00,544.5
2020-02-23 06:00:00+00:00,462.25
2020-02-23 07:00:00+00:00,427.5
2020-02-23 08:00:00+00:00,606.5
2020-02-23 09:00:00+00:00,1752.5
2020-02-23 10:00:00+00:00,1800.0
2020-02-23 11:00:00+00:00,1186.25
2020-02-23 12:00:00+00:00,803.25
2020-02-23 13:00:00+00:00,984.25
2020-02-23 14:00:00+00:00,439.0
2020-02-23 15:00:00+00:00,654.25
2020-02-23 16:00:00+00:00,849.0
2020-02-23 17:00:00+00:00,1245.25
2020-02-23 18:00:00+00:00,2499.75
2020-02-23 19:00:00+00:00,5809.0
2020-02-23 20:00:00+00:00,2639.5
2020-02-23 21:00:00+00:00,822.25
2020-02-23 22:00:00+00:00,823.0
2020-02-23 23:00:00+00:00,637.75
2020-02-24 00:00:00+00:00,565.25
2020-02-24 01:00:00+00:00,468.0
2020-02-24 02:00:00+00:00,590.5
2020-02-24 03:00:00+00:00,512.0
2020-02-24 04:00:00+00:00,1056.5
2020-02-24 05:00:00+00:00,581.75
2020-02-24 06:00:00+00:00,984.75
2020-02-24 07:00:00+00:00,461.25
2020-02-24 08:00:00+00:00,670.0
2020-02-24 09:00:00+00:00,615.75
2020-02-24 10:00:00+00:00,452.75
2020-02-24 11:00:00+00:00,1051.5
2020-02-24 12:00:00+00:00,494.5
2020-02-24 13:00:00+00:00,695.75
2020-02-24 14:00:00+00:00,580.0
2020-02-24 15:00:00+00:00,272.0
2020-02-24 16:00:00+00:00,579.25
2020-02-24 17:00:00+00:00,720.0
2020-02-24 18:00:00+00:00,1468.25
2020-02-24 19:00:00+00:00,1223.5
2020-02-24 20:00:00+00:00,1029.25
2020-02-24 21:00:00+00:00,673.0
2020-02-24 22:00:00+00:00,461.0
2020-02-24 23:00:00+00:00,627.0
2020-02-25 00:00:00+00:00,527.5
2020-02-25 01:00:00+00:00,472.75
2020-02-25 02:00:00+00:00,442.25
2020-02-25 03:00:00+00:00,571.6666666666666
2020-02-25 04:00:00+00:00,1119.5
2020-02-25 05:00:00+00:00,709.25
2020-02-25 06:00:00+00:00,440.25
2020-02-25 07:00:00+00:00,421.75
2020-02-25 08:00:00+00:00,533.75
2020-02-25 09:00:00+00:00,702.75
2020-02-25 10:00:00+00:00,568.25
2020-02-25 11:00:00+00:00,536.25
2020-02-25 12:00:00+00:00,609.0
2020-02-25 13:00:00+00:00,680.25
2020-02-25 14:00:00+00:00,579.0
2020-02-25 15:00:00+00:00,878.0
2020-02-25 16:00:00+00:00,765.25
2020-02-25 17:00:00+00:00,1166.0
2020-02-25 18:00:00+00:00,1790.0
2020-02-25 19:00:00+00:00,4650.25
2020-02-25 20:00:00+00:00,2987.25
2020-02-25 21:00:00+00:00,642.0
2020-02-25 22:00:00+00:00,688.5
2020-02-25 23:00:00+00:00,711.5
2020-02-26 00:00:00+00:00,463.25
2020-02-26 01:00:00+00:00,638.5
2020-02-26 02:00:00+00:00,503.5
2020-02-26 03:00:00+00:00,629.75
2020-02-26 04:00:00+00:00,1107.25
2020-02-26 05:00:00+00:00,788.0
2020-02-26 06:00:00+00:00,926.25
2020-02-26 07:00:00+00:00,572.25
2020-02-26 08:00:00+00:00,573.5
2020-02-26 09:00:00+00:00,607.25
2020-02-26 10:00:00+00:00,726.5
2020-02-26 11:00:00+00:00,981.75
2020-02-26 12:00:00+00:00,626.75
2020-02-26 13:00:00+00:00,649.5
2020-02-26 14:00:00+00:00,911.75
2020-02-26 15:00:00+00:00,1241.75
2020-02-26 16:00:00+00:00,623.5
2020-02-26 17:00:00+00:00,1462.0
2020-02-26 18:00:00+00:00,1574.0
2020-02-26 19:00:00+00:00,1393.25
2020-02-26 20:00:00+00:00,1337.75
2020-02-26 21:00:00+00:00,1024.0
2020-02-26 22:00:00+00:00,771.5
2020-02-26 23:00:00+00:00,756.0
2020-02-27 00:00:00+00:00,600.0
2020-02-27 01:00:00+00:00,712.75
2020-02-27 02:00:00+00:00,742.5
2020-02-27 03:00:00+00:00,972.75
2020-02-27 04:00:00+00:00,1209.25
2020-02-27 05:00:00+00:00,805.0
2020-02-27 06:00:00+00:00,589.25
2020-02-27 07:00:00+00:00,1120.25
2020-02-27 08:00:00+00:00,500.75
2020-02-27 09:00:00+00:00,859.75
2020-02-27 10:00:00+00:00,1786.5
2020-02-27 11:00:00+00:00,925.75
2020-02-27 12:00:00+00:00,3167.25
2020-02-27 13:00:00+00:00,923.0
2020-02-27 14:00:00+00:00,741.0
2020-02-27 15:00:00+00:00,453.75
2020-02-27 16:00:00+00:00,1570.5
2020-02-27 17:00:00+00:00,1747.5
2020-02-27 18:00:00+00:00,6440.25
2020-02-27 19:00:00+00:00,2589.0
2020-02-27 20:00:00+00:00,829.5
2020-02-27 21:00:00+00:00,716.25
2020-02-27 22:00:00+00:00,673.25
2020-02-27 23:00:00+00:00,649.5
2020-02-28 00:00:00+00:00,660.5
2020-02-28 01:00:00+00:00,715.5
2020-02-28 02:00:00+00:00,758.5
2020-02-28 03:00:00+00:00,781.0
2020-02-28 04:00:00+00:00,1013.0
2020-02-28 05:00:00+00:00,1173.75
2020-02-28 06:00:00+00:00,2997.25
2020-02-28 07:00:00+00:00,799.0
2020-02-28 08:00:00+00:00,621.0
2020-02-28 09:00:00+00:00,2525.0
2020-02-28 10:00:00+00:00,2981.5
2020-02-28 11:00:00+00:00,1221.0
2020-02-28 12:00:00+00:00,612.5
2020-02-28 13:00:00+00:00,2517.75
2020-02-28 14:00:00+00:00,1357.0
2020-02-28 15:00:00+00:00,573.75
2020-02-28 16:00:00+00:00,2417.25
2020-02-28 17:00:00+00:00,2036.75
2020-02-28 18:00:00+00:00,2890.75
2020-02-28 19:00:00+00:00,1943.25
2020-02-28 20:00:00+00:00,1050.75
2020-02-28 21:00:00+00:00,791.5
2020-02-28 22:00:00+00:00,691.25
2020-02-28 23:00:00+00:00,638.5
2020-02-29 00:00:00+00:00,498.25
2020-02-29 01:00:00+00:00,637.5
2020-02-29 02:00:00+00:00,632.5
2020-02-29 03:00:00+00:00,891.0
2020-02-29 04:00:00+00:00,669.25
2020-02-29 05:00:00+00:00,564.5
2020-02-29 06:00:00+00:00,650.75
2020-02-29 07:00:00+00:00,918.5
2020-02-29 08:00:00+00:00,1511.5
2020-02-29 09:00:00+00:00,2863.75
2020-02-29 10:00:00+00:00,2480.0
2020-02-29 11:00:00+00:00,2337.0
2020-02-29 12:00:00+00:00,901.5
2020-02-29 13:00:00+00:00,1554.0
2020-02-29 14:00:00+00:00,1951.0
2020-02-29 15:00:00+00:00,1045.25
2020-02-29 16:00:00+00:00,756.5
2020-02-29 17:00:00+00:00,870.0
2020-02-29 18:00:00+00:00,928.75
2020-02-29 19:00:00+00:00,895.25
2020-02-29 20:00:00+00:00,1034.25
2020-02-29 21:00:00+00:00,584.5
2020-02-29 22:00:00+00:00,512.25
2020-02-29 23:00:00+00:00,404.5
2020-03-01 00:00:00+00:00,492.5
2020-03-01 01:00:00+00:00,425.5
2020-03-01 02:00:00+00:00,421.0
2020-03-01 03:00:00+00:00,397.5
2020-03-01 04:00:00+00:00,489.0
2020-03-01 05:00:00+00:00,554.5
2020-03-01 06:00:00+00:00,337.5
2020-03-01 07:00:00+00:00,916.5
2020-03-01 08:00:00+00:00,971.75
2020-03-01 09:00:00+00:00,931.75
2020-03-01 10:00:00+00:00,1984.5
2020-03-01 11:00:00+00:00,5172.25
2020-03-01 12:00:00+00:00,4640.25
2020-03-01 13:00:00+00:00,1253.0
2020-03-01 14:00:00+00:00,711.25
2020-03-01 15:00:00+00:00,701.75
2020-03-01 16:00:00+00:00,3377.25
2020-03-01 17:00:00+00:00,2010.25
2020-03-01 18:00:00+00:00,5161.0
2020-03-01 19:00:00+00:00,3597.25
2020-03-01 20:00:00+00:00,964.5
2020-03-01 21:00:00+00:00,458.25
2020-03-01 22:00:00+00:00,389.5
2020-03-01 23:00:00+00:00,342.75
2020-03-02 00:00:00+00:00,353.25
2020-03-02 01:00:00+00:00,329.5
2020-03-02 02:00:00+00:00,277.75
2020-03-02 03:00:00+00:00,283.5
2020-03-02 04:00:00+00:00,915.0
2020-03-02 05:00:00+00:00,527.25
2020-03-02 06:00:00+00:00,420.5
2020-03-02 07:00:00+00:00,499.25
2020-03-02 08:00:00+00:00,462.0
2020-03-02 09:00:00+00:00,463.5
2020-03-02 10:00:00+00:00,529.25
2020-03-02 11:00:00+00:00,647.75
2020-03-02 12:00:00+00:00,428.5
2020-03-02 13:00:00+00:00,496.5
2020-03-02 14:00:00+00:00,542.5
2020-03-02 15:00:00+00:00,514.25
2020-03-02 16:00:00+00:00,550.0
2020-03-02 17:00:00+00:00,1826.0
2020-03-02 18:00:00+00:00,4717.25
2020-03-02 19:00:00+00:00,4276.0
2020-03-02 20:00:00+00:00,719.25
2020-03-02 21:00:00+00:00,488.5
2020-03-02 22:00:00+00:00,358.25
2020-03-02 23:00:00+00:00,365.75
2020-03-03 00:00:00+00:00,343.0
2020-03-03 01:00:00+00:00,469.375
2020-03-03 02:00:00+00:00,595.75
2020-03-03 03:00:00+00:00,722.125
2020-03-03 04:00:00+00:00,848.5
2020-03-03 05:00:00+00:00,448.0
2020-03-03 06:00:00+00:00,345.75
2020-03-03 07:00:00+00:00,349.75
2020-03-03 08:00:00+00:00,430.5
2020-03-03 09:00:00+00:00,1273.5
2020-03-03 10:00:00+00:00,2637.75
2020-03-03 11:00:00+00:00,851.0
2020-03-03 12:00:00+00:00,847.5
2020-03-03 13:00:00+00:00,949.0
2020-03-03 14:00:00+00:00,644.25
2020-03-03 15:00:00+00:00,1018.0
2020-03-03 16:00:00+00:00,656.0
2020-03-03 17:00:00+00:00,884.5
2020-03-03 18:00:00+00:00,5394.25
2020-03-03 19:00:00+00:00,4488.5
2020-03-03 20:00:00+00:00,2931.5
2020-03-03 21:00:00+00:00,487.75
2020-03-03 22:00:00+00:00,396.25
2020-03-03 23:00:00+00:00,399.5
2020-03-04 00:00:00+00:00,467.0
2020-03-04 01:00:00+00:00,457.5
2020-03-04 02:00:00+00:00,441.0
2020-03-04 03:00:00+00:00,457.0
2020-03-04 04:00:00+00:00,928.75
2020-03-04 05:00:00+00:00,659.0
2020-03-04 06:00:00+00:00,317.5
2020-03-04 07:00:00+00:00,329.5
2020-03-04 08:00:00+00:00,371.75
2020-03-04 09:00:00+00:00,438.0
2020-03-04 10:00:00+00:00,517.5
2020-03-04 11:00:00+00:00,1838.0
2020-03-04 12:00:00+00:00,955.0
2020-03-04 13:00:00+00:00,514.0
2020-03-04 14:00:00+00:00,894.25
2020-03-04 15:00:00+00:00,719.75
2020-03-04 16:00:00+00:00,2307.5
2020-03-04 17:00:00+00:00,2401.75
2020-03-04 18:00:00+00:00,1386.25
2020-03-04 19:00:00+00:00,1284.75
2020-03-04 20:00:00+00:00,1012.75
2020-03-04 21:00:00+00:00,593.5
2020-03-04 22:00:00+00:00,579.75
2020-03-04 23:00:00+00:00,646.5
2020-03-05 00:00:00+00:00,479.0
2020-03-05 01:00:00+00:00,452.25
2020-03-05 02:00:00+00:00,420.25
2020-03-05 03:00:00+00:00,471.0
2020-03-05 04:00:00+00:00,942.0
2020-03-05 05:00:00+00:00,550.75
2020-03-05 06:00:00+00:00,384.0
2020-03-05 07:00:00+00:00,493.5
2020-03-05 08:00:00+00:00,389.25
2020-03-05 09:00:00+00:00,508.0
2020-03-05 10:00:00+00:00,763.75
2020-03-05 11:00:00+00:00,618.25
2020-03-05 12:00:00+00:00,587.25
2020-03-05 13:00:00+00:00,1246.25
2020-03-05 14:00:00+00:00,1089.75
2020-03-05 15:00:00+00:00,446.0
2020-03-05 16:00:00+00:00,712.5
2020-03-05 17:00:00+00:00,1134.5
2020-03-05 18:00:00+00:00,936.75
2020-03-05 19:00:00+00:00,3861.5
2020-03-05 20:00:00+00:00,3705.5
2020-03-05 21:00:00+00:00,642.25
2020-03-05 22:00:00+00:00,425.25
2020-03-05 23:00:00+00:00,415.0
2020-03-06 00:00:00+00:00,344.5
2020-03-06 01:00:00+00:00,294.75
2020-03-06 02:00:00+00:00,359.0
2020-03-06 03:00:00+00:00,383.25
2020-03-06 04:00:00+00:00,637.0
2020-03-06 05:00:00+00:00,1880.75
2020-03-06 06:00:00+00:00,581.5
2020-03-06 07:00:00+00:00,1973.0
2020-03-06 08:00:00+00:00,3455.0
2020-03-06 09:00:00+00:00,1383.25
2020-03-06 10:00:00+00:00,1080.25
2020-03-06 11:00:00+00:00,619.5
2020-03-06 12:00:00+00:00,2223.25
2020-03-06 13:00:00+00:00,2223.25
2020-03-06 14:00:00+00:00,2358.5
2020-03-06 15:00:00+00:00,2284.5
2020-03-06 16:00:00+00:00,1517.5
2020-03-06 17:00:00+00:00,3163.0
2020-03-06 18:00:00+00:00,2875.5
2020-03-06 19:00:00+00:00,1061.75
2020-03-06 20:00:00+00:00,1592.75
2020-03-06 21:00:00+00:00,999.5
2020-03-06 22:00:00+00:00,418.75
2020-03-06 23:00:00+00:00,440.5
2020-03-07 00:00:00+00:00,444.5
2020-03-07 01:00:00+00:00,420.5
2020-03-07 02:00:00+00:00,417.75
2020-03-07 03:00:00+00:00,446.0
2020-03-07 04:00:00+00:00,489.5
2020-03-07 05:00:00+00:00,419.0
2020-03-07 06:00:00+00:00,735.5
2020-03-07 07:00:00+00:00,376.25
2020-03-07 08:00:00+00:00,548.25
2020-03-07 09:00:00+00:00,668.75
2020-03-07 10:00:00+00:00,1061.25
2020-03-07 11:00:00+00:00,1900.0
2020-03-07 12:00:00+00:00,1462.0
2020-03-07 13:00:00+00:00,726.5
2020-03-07 14:00:00+00:00,1345.0
2020-03-07 15:00:00+00:00,1001.75
2020-03-07 16:00:00+00:00,749.0
2020-03-07 17:00:00+00:00,1180.5
2020-03-07 18:00:00+00:00,1894.0
2020-03-07 19:00:00+00:00,2231.75
2020-03-07 20:00:00+00:00,5806.25
2020-03-07 21:00:00+00:00,894.5
2020-03-07 22:00:00+00:00,404.5
2020-03-07 23:00:00+00:00,347.25
2020-03-08 00:00:00+00:00,340.25
2020-03-08 01:00:00+00:00,332.25
2020-03-08 02:00:00+00:00,407.0
2020-03-08 03:00:00+00:00,448.0
2020-03-08 04:00:00+00:00,497.0
2020-03-08 05:00:00+00:00,468.5
2020-03-08 06:00:00+00:00,561.5
2020-03-08 07:00:00+00:00,696.75
2020-03-08 08:00:00+00:00,636.5
2020-03-08 09:00:00+00:00,877.0
2020-03-08 10:00:00+00:00,1612.0
2020-03-08 11:00:00+00:00,690.25
2020-03-08 12:00:00+00:00,566.5
2020-03-08 13:00:00+00:00,640.5
2020-03-08 14:00:00+00:00,1441.5
2020-03-08 15:00:00+00:00,1342.5
2020-03-08 16:00:00+00:00,3242.75
2020-03-08 17:00:00+00:00,4384.25
2020-03-08 18:00:00+00:00,3663.0
2020-03-08 19:00:00+00:00,3609.25
2020-03-08 20:00:00+00:00,4125.0
2020-03-08 21:00:00+00:00,1661.5
2020-03-08 22:00:00+00:00,421.5
2020-03-08 23:00:00+00:00,459.0
2020-03-09 00:00:00+00:00,416.5
2020-03-09 01:00:00+00:00,368.25
2020-03-09 02:00:00+00:00,352.0
2020-03-09 03:00:00+00:00,354.75
2020-03-09 04:00:00+00:00,739.75
2020-03-09 05:00:00+00:00,431.75
2020-03-09 06:00:00+00:00,377.25
2020-03-09 07:00:00+00:00,213.5
2020-03-09 08:00:00+00:00,391.25
2020-03-09 09:00:00+00:00,570.0
2020-03-09 10:00:00+00:00,641.5
2020-03-09 11:00:00+00:00,1415.5
2020-03-09 12:00:00+00:00,940.75
2020-03-09 13:00:00+00:00,814.5
2020-03-09 14:00:00+00:00,552.0
2020-03-09 15:00:00+00:00,451.25
2020-03-09 16:00:00+00:00,3510.0
2020-03-09 17:00:00+00:00,1792.0
2020-03-09 18:00:00+00:00,1780.25
2020-03-09 19:00:00+00:00,1244.0
2020-03-09 20:00:00+00:00,1057.0
2020-03-09 21:00:00+00:00,570.0
2020-03-09 22:00:00+00:00,295.25
2020-03-09 23:00:00+00:00,354.75
2020-03-10 00:00:00+00:00,383.0
2020-03-10 01:00:00+00:00,426.5
2020-03-10 02:00:00+00:00,434.0
2020-03-10 03:00:00+00:00,760.25
2020-03-10 04:00:00+00:00,1572.25
2020-03-10 05:00:00+00:00,689.0
2020-03-10 06:00:00+00:00,356.75
2020-03-10 07:00:00+00:00,482.0
2020-03-10 08:00:00+00:00,368.75
2020-03-10 09:00:00+00:00,500.75
2020-03-10 10:00:00+00:00,1111.25
2020-03-10 11:00:00+00:00,880.25
2020-03-10 12:00:00+00:00,478.25
2020-03-10 13:00:00+00:00,473.75
2020-03-10 14:00:00+00:00,488.0
2020-03-10 15:00:00+00:00,338.0
2020-03-10 16:00:00+00:00,558.5
2020-03-10 17:00:00+00:00,2194.5
2020-03-10 18:00:00+00:00,1636.25
2020-03-10 19:00:00+00:00,5953.5
2020-03-10 20:00:00+00:00,3589.5
2020-03-10 21:00:00+00:00,1233.75
2020-03-10 22:00:00+00:00,405.75
2020-03-10 23:00:00+00:00,325.25
2020-03-11 00:00:00+00:00,306.25
2020-03-11 01:00:00+00:00,311.5
2020-03-11 02:00:00+00:00,255.75
2020-03-11 03:00:00+00:00,318.0
2020-03-11 04:00:00+00:00,789.0
2020-03-11 05:00:00+00:00,519.25
2020-03-11 06:00:00+00:00,432.75
2020-03-11 07:00:00+00:00,535.25
2020-03-11 08:00:00+00:00,392.5
2020-03-11 09:00:00+00:00,443.5
2020-03-11 10:00:00+00:00,571.5
2020-03-11 11:00:00+00:00,468.5
2020-03-11 12:00:00+00:00,1324.75
2020-03-11 13:00:00+00:00,519.25
2020-03-11 14:00:00+00:00,3685.25
2020-03-11 15:00:00+00:00,3371.5
2020-03-11 16:00:00+00:00,447.5
2020-03-11 17:00:00+00:00,796.5
2020-03-11 18:00:00+00:00,766.25
2020-03-11 19:00:00+00:00,888.75
2020-03-11 20:00:00+00:00,1371.0
2020-03-11 21:00:00+00:00,942.5
2020-03-11 22:00:00+00:00,456.0
2020-03-11 23:00:00+00:00,369.25
2020-03-12 00:00:00+00:00,406.5
2020-03-12 01:00:00+00:00,403.0
2020-03-12 02:00:00+00:00,337.0
2020-03-12 03:00:00+00:00,329.75
2020-03-12 04:00:00+00:00,786.25
2020-03-12 05:00:00+00:00,373.0
2020-03-12 06:00:00+00:00,423.0
2020-03-12 07:00:00+00:00,450.0
2020-03-12 08:00:00+00:00,398.0
2020-03-12 09:00:00+00:00,472.5
2020-03-12 10:00:00+00:00,585.75
2020-03-12 11:00:00+00:00,647.75
2020-03-12 12:00:00+00:00,680.5
2020-03-12 13:00:00+00:00,551.5
2020-03-12 14:00:00+00:00,1298.5
2020-03-12 15:00:00+00:00,627.75
2020-03-12 16:00:00+00:00,588.75
2020-03-12 17:00:00+00:00,846.0
2020-03-12 18:00:00+00:00,1191.25
2020-03-12 19:00:00+00:00,5485.25
2020-03-12 20:00:00+00:00,2086.0
2020-03-12 21:00:00+00:00,569.75
2020-03-12 22:00:00+00:00,396.25
2020-03-12 23:00:00+00:00,283.25
2020-03-13 00:00:00+00:00,363.25
2020-03-13 01:00:00+00:00,384.5
2020-03-13 02:00:00+00:00,380.25
2020-03-13 03:00:00+00:00,439.5
2020-03-13 04:00:00+00:00,645.75
2020-03-13 05:00:00+00:00,530.5
2020-03-13 06:00:00+00:00,656.75
2020-03-13 07:00:00+00:00,697.25
2020-03-13 08:00:00+00:00,346.25
2020-03-13 09:00:00+00:00,392.75
2020-03-13 10:00:00+00:00,927.0
2020-03-13 11:00:00+00:00,2805.5
2020-03-13 12:00:00+00:00,2433.25
2020-03-13 13:00:00+00:00,865.25
2020-03-13 14:00:00+00:00,1616.25
2020-03-13 15:00:00+00:00,627.0
2020-03-13 16:00:00+00:00,494.5
2020-03-13 17:00:00+00:00,2861.75
2020-03-13 18:00:00+00:00,3128.5
2020-03-13 19:00:00+00:00,802.5
2020-03-13 20:00:00+00:00,1320.0
2020-03-13 21:00:00+00:00,891.5
2020-03-13 22:00:00+00:00,525.0
2020-03-13 23:00:00+00:00,347.0
2020-03-14 00:00:00+00:00,351.75
2020-03-14 01:00:00+00:00,343.75
2020-03-14 02:00:00+00:00,392.25
2020-03-14 03:00:00+00:00,323.5
2020-03-14 04:00:00+00:00,456.25
2020-03-14 05:00:00+00:00,388.5
2020-03-14 06:00:00+00:00,463.0
2020-03-14 07:00:00+00:00,665.5
2020-03-14 08:00:00+00:00,1044.5
2020-03-14 09:00:00+00:00,1373.25
2020-03-14 10:00:00+00:00,515.75
2020-03-14 11:00:00+00:00,589.25
2020-03-14 12:00:00+00:00,450.25
2020-03-14 13:00:00+00:00,1286.5
2020-03-14 14:00:00+00:00,2443.75
2020-03-14 15:00:00+00:00,625.25
2020-03-14 16:00:00+00:00,567.25
2020-03-14 17:00:00+00:00,624.75
2020-03-14 18:00:00+00:00,621.25
2020-03-14 19:00:00+00:00,4873.0
2020-03-14 20:00:00+00:00,4523.5
2020-03-14 21:00:00+00:00,714.75
2020-03-14 22:00:00+00:00,434.75
2020-03-14 23:00:00+00:00,385.75
2020-03-15 00:00:00+00:00,413.0
2020-03-15 01:00:00+00:00,418.0
2020-03-15 02:00:00+00:00,421.25
2020-03-15 03:00:00+00:00,532.25
2020-03-15 04:00:00+00:00,485.25
2020-03-15 05:00:00+00:00,344.0
2020-03-15 06:00:00+00:00,370.75
2020-03-15 07:00:00+00:00,1344.25
2020-03-15 08:00:00+00:00,1783.25
2020-03-15 09:00:00+00:00,1279.75
2020-03-15 10:00:00+00:00,1440.25
2020-03-15 11:00:00+00:00,2300.0
2020-03-15 12:00:00+00:00,816.5
2020-03-15 13:00:00+00:00,525.0
2020-03-15 14:00:00+00:00,593.0
2020-03-15 15:00:00+00:00,722.25
2020-03-15 16:00:00+00:00,625.75
2020-03-15 17:00:00+00:00,1077.5
2020-03-15 18:00:00+00:00,1849.75
2020-03-15 19:00:00+00:00,6201.5
2020-03-15 20:00:00+00:00,1617.0
2020-03-15 21:00:00+00:00,551.5
2020-03-15 22:00:00+00:00,524.25
2020-03-15 23:00:00+00:00,347.75
2020-03-16 00:00:00+00:00,314.5
2020-03-16 01:00:00+00:00,293.5
2020-03-16 02:00:00+00:00,341.0
2020-03-16 03:00:00+00:00,354.75
2020-03-16 04:00:00+00:00,929.0
2020-03-16 05:00:00+00:00,581.25
2020-03-16 06:00:00+00:00,508.75
2020-03-16 07:00:00+00:00,492.0
2020-03-16 08:00:00+00:00,536.0
2020-03-16 09:00:00+00:00,643.25
2020-03-16 10:00:00+00:00,565.0
2020-03-16 11:00:00+00:00,577.0
2020-03-16 12:00:00+00:00,469.25
2020-03-16 13:00:00+00:00,438.5
2020-03-16 14:00:00+00:00,511.75
2020-03-16 15:00:00+00:00,389.25
2020-03-16 16:00:00+00:00,496.25
2020-03-16 17:00:00+00:00,775.25
2020-03-16 18:00:00+00:00,1067.0
2020-03-16 19:00:00+00:00,1013.75
2020-03-16 20:00:00+00:00,752.75
2020-03-16 21:00:00+00:00,388.5
2020-03-16 22:00:00+00:00,291.25
2020-03-16 23:00:00+00:00,296.25
2020-03-17 00:00:00+00:00,338.0
2020-03-17 01:00:00+00:00,314.75
2020-03-17 02:00:00+00:00,275.25
2020-03-17 03:00:00+00:00,421.5
2020-03-17 04:00:00+00:00,925.25
2020-03-17 05:00:00+00:00,453.0
2020-03-17 06:00:00+00:00,374.75
2020-03-17 07:00:00+00:00,583.5
2020-03-17 08:00:00+00:00,1039.25
2020-03-17 09:00:00+00:00,556.75
2020-03-17 10:00:00+00:00,496.5
2020-03-17 11:00:00+00:00,679.75
2020-03-17 12:00:00+00:00,413.25
2020-03-17 13:00:00+00:00,371.5
2020-03-17 14:00:00+00:00,182.75
2020-03-17 15:00:00+00:00,307.5
2020-03-17 16:00:00+00:00,291.25
2020-03-17 17:00:00+00:00,1518.5
2020-03-17 18:00:00+00:00,1176.0
2020-03-17 19:00:00+00:00,7512.75
2020-03-17 20:00:00+00:00,2226.5
2020-03-17 21:00:00+00:00,653.5
2020-03-17 22:00:00+00:00,516.75
2020-03-17 23:00:00+00:00,364.25
2020-03-18 00:00:00+00:00,393.25
2020-03-18 01:00:00+00:00,393.5
2020-03-18 02:00:00+00:00,421.0
2020-03-18 03:00:00+00:00,456.0
2020-03-18 04:00:00+00:00,821.0
2020-03-18 05:00:00+00:00,477.0
2020-03-18 06:00:00+00:00,368.25
2020-03-18 07:00:00+00:00,382.25
2020-03-18 08:00:00+00:00,349.75
2020-03-18 09:00:00+00:00,471.0
2020-03-18 10:00:00+00:00,428.0
2020-03-18 11:00:00+00:00,679.0
2020-03-18 12:00:00+00:00,377.75
2020-03-18 13:00:00+00:00,594.75
2020-03-18 14:00:00+00:00,1792.5
2020-03-18 15:00:00+00:00,890.75
2020-03-18 16:00:00+00:00,728.75
2020-03-18 17:00:00+00:00,1627.5
2020-03-18 18:00:00+00:00,3299.25
2020-03-18 19:00:00+00:00,1332.75
2020-03-18 20:00:00+00:00,744.5
2020-03-18 21:00:00+00:00,654.75
2020-03-18 22:00:00+00:00,830.25
2020-03-18 23:00:00+00:00,481.0
2020-03-19 00:00:00+00:00,306.25
2020-03-19 01:00:00+00:00,359.75
2020-03-19 02:00:00+00:00,272.5
2020-03-19 03:00:00+00:00,389.75
2020-03-19 04:00:00+00:00,654.5
2020-03-19 05:00:00+00:00,372.75
2020-03-19 06:00:00+00:00,278.0
2020-03-19 07:00:00+00:00,450.75
2020-03-19 08:00:00+00:00,378.0
2020-03-19 09:00:00+00:00,456.75
2020-03-19 10:00:00+00:00,432.5
2020-03-19 11:00:00+00:00,1427.0
2020-03-19 12:00:00+00:00,532.25
2020-03-19 13:00:00+00:00,465.0
2020-03-19 14:00:00+00:00,380.25
2020-03-19 15:00:00+00:00,377.5
2020-03-19 16:00:00+00:00,315.0
2020-03-19 17:00:00+00:00,471.0
2020-03-19 18:00:00+00:00,1763.25
2020-03-19 19:00:00+00:00,6033.75
2020-03-19 20:00:00+00:00,4469.5
2020-03-19 21:00:00+00:00,1451.25
2020-03-19 22:00:00+00:00,494.5
2020-03-19 23:00:00+00:00,366.25
2020-03-20 00:00:00+00:00,352.25
2020-03-20 01:00:00+00:00,371.75
2020-03-20 02:00:00+00:00,367.0
2020-03-20 03:00:00+00:00,439.5
2020-03-20 04:00:00+00:00,654.0
2020-03-20 05:00:00+00:00,481.5
2020-03-20 06:00:00+00:00,346.75
2020-03-20 07:00:00+00:00,413.5
2020-03-20 08:00:00+00:00,337.0
2020-03-20 09:00:00+00:00,431.5
2020-03-20 10:00:00+00:00,454.25
2020-03-20 11:00:00+00:00,665.5
2020-03-20 12:00:00+00:00,907.25
2020-03-20 13:00:00+00:00,1496.0
2020-03-20 14:00:00+00:00,1428.25
2020-03-20 15:00:00+00:00,697.25
2020-03-20 16:00:00+00:00,780.25
2020-03-20 17:00:00+00:00,1779.0
2020-03-20 18:00:00+00:00,1639.0
2020-03-20 19:00:00+00:00,817.25
2020-03-20 20:00:00+00:00,617.75
2020-03-20 21:00:00+00:00,541.75
2020-03-20 22:00:00+00:00,378.75
2020-03-20 23:00:00+00:00,356.75
2020-03-21 00:00:00+00:00,372.5
2020-03-21 01:00:00+00:00,305.5
2020-03-21 02:00:00+00:00,287.5
2020-03-21 03:00:00+00:00,366.0
2020-03-21 04:00:00+00:00,388.75
2020-03-21 05:00:00+00:00,342.5
2020-03-21 06:00:00+00:00,337.5
2020-03-21 07:00:00+00:00,530.5
2020-03-21 08:00:00+00:00,1639.0
2020-03-21 09:00:00+00:00,807.5
2020-03-21 10:00:00+00:00,4296.5
2020-03-21 11:00:00+00:00,1624.0
2020-03-21 12:00:00+00:00,613.75
2020-03-21 13:00:00+00:00,661.0
2020-03-21 14:00:00+00:00,663.5
2020-03-21 15:00:00+00:00,494.0
2020-03-21 16:00:00+00:00,492.25
2020-03-21 17:00:00+00:00,1721.0
2020-03-21 18:00:00+00:00,7316.75
2020-03-21 19:00:00+00:00,2331.75
2020-03-21 20:00:00+00:00,1290.5
2020-03-21 21:00:00+00:00,862.25
2020-03-21 22:00:00+00:00,359.75
2020-03-21 23:00:00+00:00,448.75
2020-03-22 00:00:00+00:00,460.25
2020-03-22 01:00:00+00:00,381.75
2020-03-22 02:00:00+00:00,415.0
2020-03-22 03:00:00+00:00,395.5
2020-03-22 04:00:00+00:00,487.5
2020-03-22 05:00:00+00:00,579.5
2020-03-22 06:00:00+00:00,1286.5
2020-03-22 07:00:00+00:00,1461.75
2020-03-22 08:00:00+00:00,1440.25
2020-03-22 09:00:00+00:00,4029.25
2020-03-22 10:00:00+00:00,2858.0
2020-03-22 11:00:00+00:00,2934.25
2020-03-22 12:00:00+00:00,626.25
2020-03-22 13:00:00+00:00,601.75
2020-03-22 14:00:00+00:00,630.75
2020-03-22 15:00:00+00:00,597.75
2020-03-22 16:00:00+00:00,905.5
2020-03-22 17:00:00+00:00,1092.0
2020-03-22 18:00:00+00:00,1212.75
2020-03-22 19:00:00+00:00,1708.25
2020-03-22 20:00:00+00:00,806.25
2020-03-22 21:00:00+00:00,647.25
2020-03-22 22:00:00+00:00,378.0
2020-03-22 23:00:00+00:00,351.75
2020-03-23 00:00:00+00:00,297.25
2020-03-23 01:00:00+00:00,292.5
2020-03-23 02:00:00+00:00,331.5
2020-03-23 03:00:00+00:00,362.5
2020-03-23 04:00:00+00:00,762.25
2020-03-23 05:00:00+00:00,385.75
2020-03-23 06:00:00+00:00,384.0
2020-03-23 07:00:00+00:00,992.5
2020-03-23 08:00:00+00:00,934.5
2020-03-23 09:00:00+00:00,618.0
2020-03-23 10:00:00+00:00,664.5
2020-03-23 11:00:00+00:00,732.75
2020-03-23 12:00:00+00:00,631.5
2020-03-23 13:00:00+00:00,652.5
2020-03-23 14:00:00+00:00,812.0
2020-03-23 15:00:00+00:00,630.75
2020-03-23 16:00:00+00:00,607.25
2020-03-23 17:00:00+00:00,758.25
2020-03-23 18:00:00+00:00,1936.75
2020-03-23 19:00:00+00:00,1634.0
2020-03-23 20:00:00+00:00,1021.25
2020-03-23 21:00:00+00:00,558.75
2020-03-23 22:00:00+00:00,392.25
2020-03-23 23:00:00+00:00,406.0
2020-03-24 00:00:00+00:00,378.5
2020-03-24 01:00:00+00:00,436.75
2020-03-24 02:00:00+00:00,390.5
2020-03-24 03:00:00+00:00,331.5
2020-03-24 04:00:00+00:00,884.0
2020-03-24 05:00:00+00:00,331.0
2020-03-24 06:00:00+00:00,414.0
2020-03-24 07:00:00+00:00,346.75
2020-03-24 08:00:00+00:00,405.75
2020-03-24 09:00:00+00:00,509.5
2020-03-24 10:00:00+00:00,602.5
2020-03-24 11:00:00+00:00,773.25
2020-03-24 12:00:00+00:00,558.0
2020-03-24 13:00:00+00:00,558.75
2020-03-24 14:00:00+00:00,502.0
2020-03-24 15:00:00+00:00,491.25
2020-03-24 16:00:00+00:00,577.25
2020-03-24 17:00:00+00:00,1353.25
2020-03-24 18:00:00+00:00,1702.25
2020-03-24 19:00:00+00:00,6646.5
2020-03-24 20:00:00+00:00,2135.0
2020-03-24 21:00:00+00:00,812.0
2020-03-24 22:00:00+00:00,570.75
2020-03-24 23:00:00+00:00,424.75
2020-03-25 00:00:00+00:00,404.25
2020-03-25 01:00:00+00:00,350.5
2020-03-25 02:00:00+00:00,440.25
2020-03-25 03:00:00+00:00,433.75
2020-03-25 04:00:00+00:00,722.75
2020-03-25 05:00:00+00:00,414.25
2020-03-25 06:00:00+00:00,473.5
2020-03-25 07:00:00+00:00,426.0
2020-03-25 08:00:00+00:00,403.5
2020-03-25 09:00:00+00:00,511.0
2020-03-25 10:00:00+00:00,508.75
2020-03-25 11:00:00+00:00,522.5
2020-03-25 12:00:00+00:00,527.75
2020-03-25 13:00:00+00:00,468.25
2020-03-25 14:00:00+00:00,472.5
2020-03-25 15:00:00+00:00,291.0
2020-03-25 16:00:00+00:00,531.25
2020-03-25 17:00:00+00:00,698.0
2020-03-25 18:00:00+00:00,1108.75
2020-03-25 19:00:00+00:00,1246.0
2020-03-25 20:00:00+00:00,876.75
2020-03-25 21:00:00+00:00,619.0
2020-03-25 22:00:00+00:00,520.5
2020-03-25 23:00:00+00:00,390.25
2020-03-26 00:00:00+00:00,401.75
2020-03-26 01:00:00+00:00,423.25
2020-03-26 02:00:00+00:00,377.0
2020-03-26 03:00:00+00:00,413.5
2020-03-26 04:00:00+00:00,685.0
2020-03-26 05:00:00+00:00,413.25
2020-03-26 06:00:00+00:00,481.25
2020-03-26 07:00:00+00:00,523.75
2020-03-26 08:00:00+00:00,528.5
2020-03-26 09:00:00+00:00,531.75
2020-03-26 10:00:00+00:00,1098.0
2020-03-26 11:00:00+00:00,1268.25
2020-03-26 12:00:00+00:00,445.0
2020-03-26 13:00:00+00:00,589.25
2020-03-26 14:00:00+00:00,1059.5
2020-03-26 15:00:00+00:00,652.25
2020-03-26 16:00:00+00:00,1102.25
2020-03-26 17:00:00+00:00,913.75
2020-03-26 18:00:00+00:00,2523.25
2020-03-26 19:00:00+00:00,1274.75
2020-03-26 20:00:00+00:00,889.75
2020-03-26 21:00:00+00:00,574.5
2020-03-26 22:00:00+00:00,382.25
2020-03-26 23:00:00+00:00,393.0
2020-03-27 00:00:00+00:00,389.5
2020-03-27 01:00:00+00:00,403.25
2020-03-27 02:00:00+00:00,346.5
2020-03-27 03:00:00+00:00,302.25
2020-03-27 04:00:00+00:00,558.75
2020-03-27 05:00:00+00:00,638.0
2020-03-27 06:00:00+00:00,744.0
2020-03-27 07:00:00+00:00,1914.5
2020-03-27 08:00:00+00:00,1680.0
2020-03-27 09:00:00+00:00,3251.25
2020-03-27 10:00:00+00:00,665.5
2020-03-27 11:00:00+00:00,1172.25
2020-03-27 12:00:00+00:00,534.25
2020-03-27 13:00:00+00:00,561.0
2020-03-27 14:00:00+00:00,517.5
2020-03-27 15:00:00+00:00,1597.0
2020-03-27 16:00:00+00:00,455.75
2020-03-27 17:00:00+00:00,637.0
2020-03-27 18:00:00+00:00,2669.75
2020-03-27 19:00:00+00:00,6061.5
2020-03-27 20:00:00+00:00,4500.25
2020-03-27 21:00:00+00:00,798.5
2020-03-27 22:00:00+00:00,441.5
2020-03-27 23:00:00+00:00,356.75
2020-03-28 00:00:00+00:00,347.5
2020-03-28 01:00:00+00:00,425.0
2020-03-28 02:00:00+00:00,418.0
2020-03-28 03:00:00+00:00,370.75
2020-03-28 04:00:00+00:00,506.0
2020-03-28 05:00:00+00:00,317.25
2020-03-28 06:00:00+00:00,401.0
2020-03-28 07:00:00+00:00,477.75
2020-03-28 08:00:00+00:00,388.25
2020-03-28 09:00:00+00:00,866.5
2020-03-28 10:00:00+00:00,2344.5
2020-03-28 11:00:00+00:00,1404.25
2020-03-28 12:00:00+00:00,1481.25
2020-03-28 13:00:00+00:00,1173.25
2020-03-28 14:00:00+00:00,951.5
2020-03-28 15:00:00+00:00,1314.0
2020-03-28 16:00:00+00:00,1483.75
2020-03-28 17:00:00+00:00,1753.5
2020-03-28 18:00:00+00:00,907.25
2020-03-28 19:00:00+00:00,932.25
2020-03-28 20:00:00+00:00,736.25
2020-03-28 21:00:00+00:00,552.0
2020-03-28 22:00:00+00:00,457.75
2020-03-28 23:00:00+00:00,384.25
2020-03-29 00:00:00+00:00,378.25
2020-03-29 01:00:00+00:00,376.0
2020-03-29 02:00:00+00:00,428.25
2020-03-29 03:00:00+00:00,475.75
2020-03-29 04:00:00+00:00,399.25
2020-03-29 05:00:00+00:00,405.75
2020-03-29 06:00:00+00:00,447.5
2020-03-29 07:00:00+00:00,394.75
2020-03-29 08:00:00+00:00,1255.25
2020-03-29 09:00:00+00:00,1209.25
2020-03-29 10:00:00+00:00,3174.75
2020-03-29 11:00:00+00:00,2523.75
2020-03-29 12:00:00+00:00,3798.25
2020-03-29 13:00:00+00:00,1758.5
2020-03-29 14:00:00+00:00,3106.0
2020-03-29 15:00:00+00:00,1903.0
2020-03-29 16:00:00+00:00,807.0
2020-03-29 17:00:00+00:00,3783.5
2020-03-29 18:00:00+00:00,3890.0
2020-03-29 19:00:00+00:00,6933.0
2020-03-29 20:00:00+00:00,1245.25
2020-03-29 21:00:00+00:00,647.25
2020-03-29 22:00:00+00:00,386.25
2020-03-29 23:00:00+00:00,343.0
2020-03-30 00:00:00+00:00,284.5
2020-03-30 01:00:00+00:00,344.0
2020-03-30 02:00:00+00:00,435.5
2020-03-30 03:00:00+00:00,779.75
2020-03-30 04:00:00+00:00,579.0
2020-03-30 05:00:00+00:00,407.0
2020-03-30 06:00:00+00:00,446.0
2020-03-30 07:00:00+00:00,458.25
2020-03-30 08:00:00+00:00,502.25
2020-03-30 09:00:00+00:00,559.75
2020-03-30 10:00:00+00:00,615.0
2020-03-30 11:00:00+00:00,542.6666666666666
2020-03-30 12:00:00+00:00,572.75
2020-03-30 13:00:00+00:00,517.25
2020-03-30 14:00:00+00:00,507.0
2020-03-30 15:00:00+00:00,484.5
2020-03-30 16:00:00+00:00,2464.25
2020-03-30 17:00:00+00:00,1296.5
2020-03-30 18:00:00+00:00,2014.75
2020-03-30 19:00:00+00:00,2844.5
2020-03-30 20:00:00+00:00,739.75
2020-03-30 21:00:00+00:00,503.0
2020-03-30 22:00:00+00:00,413.5
2020-03-30 23:00:00+00:00,420.5
2020-03-31 00:00:00+00:00,324.75
2020-03-31 01:00:00+00:00,356.25
2020-03-31 02:00:00+00:00,409.5
2020-03-31 03:00:00+00:00,770.75
2020-03-31 04:00:00+00:00,748.75
2020-03-31 05:00:00+00:00,290.75
2020-03-31 06:00:00+00:00,1113.25
2020-03-31 07:00:00+00:00,559.75
2020-03-31 08:00:00+00:00,1219.0
2020-03-31 09:00:00+00:00,546.0
2020-03-31 10:00:00+00:00,628.5
2020-03-31 11:00:00+00:00,819.25
2020-03-31 12:00:00+00:00,543.25
2020-03-31 13:00:00+00:00,493.5
2020-03-31 14:00:00+00:00,453.0
2020-03-31 15:00:00+00:00,905.75
2020-03-31 16:00:00+00:00,1223.25
2020-03-31 17:00:00+00:00,1085.25
2020-03-31 18:00:00+00:00,6342.75
2020-03-31 19:00:00+00:00,5935.75
2020-03-31 20:00:00+00:00,2065.25
2020-03-31 21:00:00+00:00,599.0
2020-03-31 22:00:00+00:00,403.0
2020-03-31 23:00:00+00:00,385.25
2020-04-01 00:00:00+00:00,459.0
2020-04-01 01:00:00+00:00,393.0
2020-04-01 02:00:00+00:00,335.75
2020-04-01 03:00:00+00:00,791.25
2020-04-01 04:00:00+00:00,441.0
2020-04-01 05:00:00+00:00,324.75
2020-04-01 06:00:00+00:00,377.75
2020-04-01 07:00:00+00:00,386.5
2020-04-01 08:00:00+00:00,404.5
2020-04-01 09:00:00+00:00,647.25
2020-04-01 10:00:00+00:00,640.25
2020-04-01 11:00:00+00:00,599.75
2020-04-01 12:00:00+00:00,564.25
2020-04-01 13:00:00+00:00,566.25
2020-04-01 14:00:00+00:00,644.25
2020-04-01 15:00:00+00:00,1643.5
2020-04-01 16:00:00+00:00,1049.75
2020-04-01 17:00:00+00:00,613.75
2020-04-01 18:00:00+00:00,779.0
2020-04-01 19:00:00+00:00,569.75
2020-04-01 20:00:00+00:00,505.5
2020-04-01 21:00:00+00:00,458.75
2020-04-01 22:00:00+00:00,414.75
2020-04-01 23:00:00+00:00,423.5
2020-04-02 00:00:00+00:00,496.5
2020-04-02 01:00:00+00:00,403.5
2020-04-02 02:00:00+00:00,443.0
2020-04-02 03:00:00+00:00,720.75
2020-04-02 04:00:00+00:00,555.0
2020-04-02 05:00:00+00:00,375.75
2020-04-02 06:00:00+00:00,506.25
2020-04-02 07:00:00+00:00,444.0
2020-04-02 08:00:00+00:00,394.25
2020-04-02 09:00:00+00:00,418.5
2020-04-02 10:00:00+00:00,469.5
2020-04-02 11:00:00+00:00,453.75
2020-04-02 12:00:00+00:00,436.0
2020-04-02 13:00:00+00:00,629.75
2020-04-02 14:00:00+00:00,775.0
2020-04-02 15:00:00+00:00,560.75
2020-04-02 16:00:00+00:00,1532.25
2020-04-02 17:00:00+00:00,1638.0
2020-04-02 18:00:00+00:00,6746.25
2020-04-02 19:00:00+00:00,4011.75
2020-04-02 20:00:00+00:00,518.5
2020-04-02 21:00:00+00:00,407.5
2020-04-02 22:00:00+00:00,404.75
2020-04-02 23:00:00+00:00,380.5
2020-04-03 00:00:00+00:00,436.75
2020-04-03 01:00:00+00:00,395.0
2020-04-03 02:00:00+00:00,432.75
2020-04-03 03:00:00+00:00,642.0
2020-04-03 04:00:00+00:00,2093.5
2020-04-03 05:00:00+00:00,1196.0
2020-04-03 06:00:00+00:00,471.0
2020-04-03 07:00:00+00:00,470.5
2020-04-03 08:00:00+00:00,750.75
2020-04-03 09:00:00+00:00,2902.0
2020-04-03 10:00:00+00:00,2780.5
2020-04-03 11:00:00+00:00,1324.25
2020-04-03 12:00:00+00:00,528.25
2020-04-03 13:00:00+00:00,487.0
2020-04-03 14:00:00+00:00,3076.75
2020-04-03 15:00:00+00:00,1886.5
2020-04-03 16:00:00+00:00,2698.75
2020-04-03 17:00:00+00:00,1073.5
2020-04-03 18:00:00+00:00,854.5
2020-04-03 19:00:00+00:00,777.5
2020-04-03 20:00:00+00:00,641.5
2020-04-03 21:00:00+00:00,463.75
2020-04-03 22:00:00+00:00,377.75
2020-04-03 23:00:00+00:00,329.0
2020-04-04 00:00:00+00:00,309.25
2020-04-04 01:00:00+00:00,325.25
2020-04-04 02:00:00+00:00,304.5
2020-04-04 03:00:00+00:00,420.0
2020-04-04 04:00:00+00:00,352.5
2020-04-04 05:00:00+00:00,425.75
2020-04-04 06:00:00+00:00,1835.5
2020-04-04 07:00:00+00:00,576.0
2020-04-04 08:00:00+00:00,554.25
2020-04-04 09:00:00+00:00,3911.75
2020-04-04 10:00:00+00:00,667.25
2020-04-04 11:00:00+00:00,866.25
2020-04-04 12:00:00+00:00,499.5
2020-04-04 13:00:00+00:00,680.75
2020-04-04 14:00:00+00:00,476.75
2020-04-04 15:00:00+00:00,622.75
2020-04-04 16:00:00+00:00,1642.5
2020-04-04 17:00:00+00:00,583.25
2020-04-04 18:00:00+00:00,732.75
2020-04-04 19:00:00+00:00,677.5
2020-04-04 20:00:00+00:00,554.5
2020-04-04 21:00:00+00:00,432.25
2020-04-04 22:00:00+00:00,390.25
2020-04-04 23:00:00+00:00,436.5
2020-04-05 00:00:00+00:00,383.5
2020-04-05 01:00:00+00:00,420.0
2020-04-05 02:00:00+00:00,413.0
2020-04-05 03:00:00+00:00,450.25
2020-04-05 04:00:00+00:00,448.0
2020-04-05 05:00:00+00:00,371.75
2020-04-05 06:00:00+00:00,931.25
2020-04-05 07:00:00+00:00,504.25
2020-04-05 08:00:00+00:00,427.75
2020-04-05 09:00:00+00:00,614.25
2020-04-05 10:00:00+00:00,1018.25
2020-04-05 11:00:00+00:00,382.5
2020-04-05 12:00:00+00:00,799.0
2020-04-05 13:00:00+00:00,1174.75
2020-04-05 14:00:00+00:00,1069.0
2020-04-05 15:00:00+00:00,1053.75
2020-04-05 16:00:00+00:00,1424.5
2020-04-05 17:00:00+00:00,2977.75
2020-04-05 18:00:00+00:00,6521.5
2020-04-05 19:00:00+00:00,2028.75
2020-04-05 20:00:00+00:00,654.0
2020-04-05 21:00:00+00:00,553.75
2020-04-05 22:00:00+00:00,412.0
2020-04-05 23:00:00+00:00,391.0
2020-04-06 00:00:00+00:00,408.75
2020-04-06 01:00:00+00:00,414.1
2020-04-06 02:00:00+00:00,419.45
2020-04-06 03:00:00+00:00,424.8
2020-04-06 04:00:00+00:00,430.15
2020-04-06 05:00:00+00:00,435.5
2020-04-06 06:00:00+00:00,449.25
2020-04-06 07:00:00+00:00,500.5
2020-04-06 08:00:00+00:00,1202.5
2020-04-06 09:00:00+00:00,607.75
2020-04-06 10:00:00+00:00,1220.25
2020-04-06 11:00:00+00:00,668.25
2020-04-06 12:00:00+00:00,498.0
2020-04-06 13:00:00+00:00,486.75
2020-04-06 14:00:00+00:00,565.0
2020-04-06 15:00:00+00:00,1768.75
2020-04-06 16:00:00+00:00,1044.0
2020-04-06 17:00:00+00:00,1110.75
2020-04-06 18:00:00+00:00,1184.5
2020-04-06 19:00:00+00:00,1105.25
2020-04-06 20:00:00+00:00,666.75
2020-04-06 21:00:00+00:00,389.25
2020-04-06 22:00:00+00:00,376.25
2020-04-06 23:00:00+00:00,389.25
2020-04-07 00:00:00+00:00,428.25
2020-04-07 01:00:00+00:00,401.75
2020-04-07 02:00:00+00:00,378.0
2020-04-07 03:00:00+00:00,755.0
2020-04-07 04:00:00+00:00,552.0
2020-04-07 05:00:00+00:00,425.75
2020-04-07 06:00:00+00:00,755.5
2020-04-07 07:00:00+00:00,450.75
2020-04-07 08:00:00+00:00,1321.0
2020-04-07 09:00:00+00:00,1358.25
2020-04-07 10:00:00+00:00,573.25
2020-04-07 11:00:00+00:00,394.25
2020-04-07 12:00:00+00:00,370.0
2020-04-07 13:00:00+00:00,285.75
2020-04-07 14:00:00+00:00,327.5
2020-04-07 15:00:00+00:00,432.5
2020-04-07 16:00:00+00:00,1174.5
2020-04-07 17:00:00+00:00,1559.25
2020-04-07 18:00:00+00:00,6055.5
2020-04-07 19:00:00+00:00,4607.5
2020-04-07 20:00:00+00:00,2320.5
2020-04-07 21:00:00+00:00,1108.0
2020-04-07 22:00:00+00:00,515.0
2020-04-07 23:00:00+00:00,345.5
2020-04-08 00:00:00+00:00,340.25
2020-04-08 01:00:00+00:00,416.75
2020-04-08 02:00:00+00:00,399.75
2020-04-08 03:00:00+00:00,792.5
2020-04-08 04:00:00+00:00,479.0
2020-04-08 05:00:00+00:00,409.75
2020-04-08 06:00:00+00:00,444.25
2020-04-08 07:00:00+00:00,464.75
2020-04-08 08:00:00+00:00,478.25
2020-04-08 09:00:00+00:00,530.75
2020-04-08 10:00:00+00:00,929.0
2020-04-08 11:00:00+00:00,524.0
2020-04-08 12:00:00+00:00,473.0
2020-04-08 13:00:00+00:00,401.25
2020-04-08 14:00:00+00:00,425.25
2020-04-08 15:00:00+00:00,463.5
2020-04-08 16:00:00+00:00,593.0
2020-04-08 17:00:00+00:00,2050.75
2020-04-08 18:00:00+00:00,2251.25
2020-04-08 19:00:00+00:00,1553.25
2020-04-08 20:00:00+00:00,1172.75
2020-04-08 21:00:00+00:00,462.25
2020-04-08 22:00:00+00:00,514.0
2020-04-08 23:00:00+00:00,424.0
2020-04-09 00:00:00+00:00,407.5
2020-04-09 01:00:00+00:00,424.0
2020-04-09 02:00:00+00:00,394.5
2020-04-09 03:00:00+00:00,842.5
2020-04-09 04:00:00+00:00,550.0
2020-04-09 05:00:00+00:00,471.75
2020-04-09 06:00:00+00:00,517.75
2020-04-09 07:00:00+00:00,495.5
2020-04-09 08:00:00+00:00,1233.75
2020-04-09 09:00:00+00:00,1447.0
2020-04-09 10:00:00+00:00,1223.5
2020-04-09 11:00:00+00:00,1195.5
2020-04-09 12:00:00+00:00,563.0
2020-04-09 13:00:00+00:00,1303.5
2020-04-09 14:00:00+00:00,512.5
2020-04-09 15:00:00+00:00,497.0
2020-04-09 16:00:00+00:00,1500.0
2020-04-09 17:00:00+00:00,4246.25
2020-04-09 18:00:00+00:00,2235.25
2020-04-09 19:00:00+00:00,1478.75
2020-04-09 20:00:00+00:00,1096.25
2020-04-09 21:00:00+00:00,375.0
2020-04-09 22:00:00+00:00,374.5
2020-04-09 23:00:00+00:00,402.25
2020-04-10 00:00:00+00:00,413.0
2020-04-10 01:00:00+00:00,357.5
2020-04-10 02:00:00+00:00,453.0
2020-04-10 03:00:00+00:00,522.0
2020-04-10 04:00:00+00:00,438.75
2020-04-10 05:00:00+00:00,435.0
2020-04-10 06:00:00+00:00,1596.75
2020-04-10 07:00:00+00:00,2379.5
2020-04-10 08:00:00+00:00,1466.75
2020-04-10 09:00:00+00:00,1473.25
2020-04-10 10:00:00+00:00,2461.25
2020-04-10 11:00:00+00:00,1026.0
2020-04-10 12:00:00+00:00,1078.0
2020-04-10 13:00:00+00:00,850.0
2020-04-10 14:00:00+00:00,373.25
2020-04-10 15:00:00+00:00,359.0
2020-04-10 16:00:00+00:00,510.0
2020-04-10 17:00:00+00:00,908.75
2020-04-10 18:00:00+00:00,855.25
2020-04-10 19:00:00+00:00,809.5
2020-04-10 20:00:00+00:00,542.5
2020-04-10 21:00:00+00:00,470.25
2020-04-10 22:00:00+00:00,556.25
2020-04-10 23:00:00+00:00,404.5
2020-04-11 00:00:00+00:00,420.75
2020-04-11 01:00:00+00:00,499.0
2020-04-11 02:00:00+00:00,468.75
2020-04-11 03:00:00+00:00,502.0
2020-04-11 04:00:00+00:00,316.5
2020-04-11 05:00:00+00:00,464.0
2020-04-11 06:00:00+00:00,585.25
2020-04-11 07:00:00+00:00,523.75
2020-04-11 08:00:00+00:00,587.75
2020-04-11 09:00:00+00:00,858.25
2020-04-11 10:00:00+00:00,661.0
2020-04-11 11:00:00+00:00,518.75
2020-04-11 12:00:00+00:00,1360.5
2020-04-11 13:00:00+00:00,754.0
2020-04-11 14:00:00+00:00,1206.0
2020-04-11 15:00:00+00:00,457.75
2020-04-11 16:00:00+00:00,511.0
2020-04-11 17:00:00+00:00,686.25
2020-04-11 18:00:00+00:00,4420.0
2020-04-11 19:00:00+00:00,4892.5
2020-04-11 20:00:00+00:00,1621.0
2020-04-11 21:00:00+00:00,734.25
2020-04-11 22:00:00+00:00,593.0
2020-04-11 23:00:00+00:00,366.25
2020-04-12 00:00:00+00:00,401.5
2020-04-12 01:00:00+00:00,395.75
2020-04-12 02:00:00+00:00,423.3333333333333
2020-04-12 03:00:00+00:00,468.0
2020-04-12 04:00:00+00:00,401.25
2020-04-12 05:00:00+00:00,425.0
2020-04-12 06:00:00+00:00,1028.75
2020-04-12 07:00:00+00:00,990.0
2020-04-12 08:00:00+00:00,1075.25
2020-04-12 09:00:00+00:00,1521.0
2020-04-12 10:00:00+00:00,1572.75
2020-04-12 11:00:00+00:00,1113.75
2020-04-12 12:00:00+00:00,1934.25
2020-04-12 13:00:00+00:00,1394.5
2020-04-12 14:00:00+00:00,1140.0
2020-04-12 15:00:00+00:00,378.0
2020-04-12 16:00:00+00:00,447.25
2020-04-12 17:00:00+00:00,927.75
2020-04-12 18:00:00+00:00,1502.0
2020-04-12 19:00:00+00:00,925.0
2020-04-12 20:00:00+00:00,673.25
2020-04-12 21:00:00+00:00,434.5
2020-04-12 22:00:00+00:00,386.0
2020-04-12 23:00:00+00:00,385.75
2020-04-13 00:00:00+00:00,419.25
2020-04-13 01:00:00+00:00,381.5
2020-04-13 02:00:00+00:00,403.25
2020-04-13 03:00:00+00:00,502.25
2020-04-13 04:00:00+00:00,402.75
2020-04-13 05:00:00+00:00,393.25
2020-04-13 06:00:00+00:00,508.0
2020-04-13 07:00:00+00:00,652.0
2020-04-13 08:00:00+00:00,466.0
2020-04-13 09:00:00+00:00,526.25
2020-04-13 10:00:00+00:00,702.0
2020-04-13 11:00:00+00:00,347.0
2020-04-13 12:00:00+00:00,6361.0
2020-04-13 13:00:00+00:00,4404.5
2020-04-13 14:00:00+00:00,4544.25
2020-04-13 15:00:00+00:00,3926.5
2020-04-13 16:00:00+00:00,1175.5
2020-04-13 17:00:00+00:00,1864.25
2020-04-13 18:00:00+00:00,1322.0
2020-04-13 19:00:00+00:00,1248.0
2020-04-13 20:00:00+00:00,569.0
2020-04-13 21:00:00+00:00,469.25
2020-04-13 22:00:00+00:00,436.75
2020-04-13 23:00:00+00:00,409.0
2020-04-14 00:00:00+00:00,423.0
2020-04-14 01:00:00+00:00,370.5
2020-04-14 02:00:00+00:00,401.5
2020-04-14 03:00:00+00:00,737.6666666666666
2020-04-14 04:00:00+00:00,440.25
2020-04-14 05:00:00+00:00,779.75
2020-04-14 06:00:00+00:00,865.5
2020-04-14 07:00:00+00:00,462.25
2020-04-14 08:00:00+00:00,526.75
2020-04-14 09:00:00+00:00,495.5
2020-04-14 10:00:00+00:00,475.0
2020-04-14 11:00:00+00:00,380.25
2020-04-14 12:00:00+00:00,594.6666666666666
2020-04-14 13:00:00+00:00,900.25
2020-04-14 14:00:00+00:00,644.5
2020-04-14 15:00:00+00:00,1411.25
2020-04-14 16:00:00+00:00,2693.5
2020-04-14 17:00:00+00:00,1147.25
2020-04-14 18:00:00+00:00,1055.25
2020-04-14 19:00:00+00:00,2019.5
2020-04-14 20:00:00+00:00,751.25
2020-04-14 21:00:00+00:00,429.25
2020-04-14 22:00:00+00:00,419.5
2020-04-14 23:00:00+00:00,444.25
2020-04-15 00:00:00+00:00,394.5
2020-04-15 01:00:00+00:00,382.5
2020-04-15 02:00:00+00:00,431.5
2020-04-15 03:00:00+00:00,691.5
2020-04-15 04:00:00+00:00,500.75
2020-04-15 05:00:00+00:00,460.0
2020-04-15 06:00:00+00:00,1306.75
2020-04-15 07:00:00+00:00,476.0
2020-04-15 08:00:00+00:00,521.25
2020-04-15 09:00:00+00:00,559.5
2020-04-15 10:00:00+00:00,650.5
2020-04-15 11:00:00+00:00,522.0
2020-04-15 12:00:00+00:00,592.25
2020-04-15 13:00:00+00:00,1083.0
2020-04-15 14:00:00+00:00,533.0
2020-04-15 15:00:00+00:00,821.0
2020-04-15 16:00:00+00:00,1520.25
2020-04-15 17:00:00+00:00,1349.75
2020-04-15 18:00:00+00:00,877.5
2020-04-15 19:00:00+00:00,685.5
2020-04-15 20:00:00+00:00,458.0
2020-04-15 21:00:00+00:00,422.25
2020-04-15 22:00:00+00:00,443.5
2020-04-15 23:00:00+00:00,431.5
2020-04-16 00:00:00+00:00,389.25
2020-04-16 01:00:00+00:00,381.25
2020-04-16 02:00:00+00:00,533.25
2020-04-16 03:00:00+00:00,778.75
2020-04-16 04:00:00+00:00,414.25
2020-04-16 05:00:00+00:00,451.25
2020-04-16 06:00:00+00:00,444.75
2020-04-16 07:00:00+00:00,502.25
2020-04-16 08:00:00+00:00,1222.25
2020-04-16 09:00:00+00:00,609.75
2020-04-16 10:00:00+00:00,641.5
2020-04-16 11:00:00+00:00,507.5
2020-04-16 12:00:00+00:00,1099.0
2020-04-16 13:00:00+00:00,487.75
2020-04-16 14:00:00+00:00,386.25
2020-04-16 15:00:00+00:00,458.0
2020-04-16 16:00:00+00:00,835.25
2020-04-16 17:00:00+00:00,2548.5
2020-04-16 18:00:00+00:00,1435.5
2020-04-16 19:00:00+00:00,713.5
2020-04-16 20:00:00+00:00,614.75
2020-04-16 21:00:00+00:00,501.25
2020-04-16 22:00:00+00:00,396.75
2020-04-16 23:00:00+00:00,367.5
2020-04-17 00:00:00+00:00,382.5
2020-04-17 01:00:00+00:00,388.75
2020-04-17 02:00:00+00:00,401.5
2020-04-17 03:00:00+00:00,675.0
2020-04-17 04:00:00+00:00,926.75
2020-04-17 05:00:00+00:00,468.0
2020-04-17 06:00:00+00:00,471.75
2020-04-17 07:00:00+00:00,438.0
2020-04-17 08:00:00+00:00,695.5
2020-04-17 09:00:00+00:00,1398.5
2020-04-17 10:00:00+00:00,2287.25
2020-04-17 11:00:00+00:00,727.75
2020-04-17 12:00:00+00:00,1140.25
2020-04-17 13:00:00+00:00,1642.0
2020-04-17 14:00:00+00:00,237.25
2020-04-17 15:00:00+00:00,418.25
2020-04-17 16:00:00+00:00,776.0
2020-04-17 17:00:00+00:00,2010.0
2020-04-17 18:00:00+00:00,1049.25
2020-04-17 19:00:00+00:00,1246.0
2020-04-17 20:00:00+00:00,639.75
2020-04-17 21:00:00+00:00,582.25
2020-04-17 22:00:00+00:00,502.75
2020-04-17 23:00:00+00:00,444.75
2020-04-18 00:00:00+00:00,363.0
2020-04-18 01:00:00+00:00,410.5
2020-04-18 02:00:00+00:00,403.0
2020-04-18 03:00:00+00:00,467.22222222222223
2020-04-18 04:00:00+00:00,531.4444444444445
2020-04-18 05:00:00+00:00,595.6666666666667
2020-04-18 06:00:00+00:00,659.8888888888889
2020-04-18 07:00:00+00:00,
2020-04-18 08:00:00+00:00,788.3333333333334
2020-04-18 09:00:00+00:00,724.75
2020-04-18 10:00:00+00:00,595.5
2020-04-18 11:00:00+00:00,336.5
2020-04-18 12:00:00+00:00,298.25
2020-04-18 13:00:00+00:00,373.0
2020-04-18 14:00:00+00:00,350.75
2020-04-18 15:00:00+00:00,677.5
2020-04-18 16:00:00+00:00,1471.0
2020-04-18 17:00:00+00:00,570.0
2020-04-18 18:00:00+00:00,1581.0
2020-04-18 19:00:00+00:00,1364.75
2020-04-18 20:00:00+00:00,1026.75
2020-04-18 21:00:00+00:00,910.5
2020-04-18 22:00:00+00:00,491.25
2020-04-18 23:00:00+00:00,418.75
2020-04-19 00:00:00+00:00,365.75
2020-04-19 01:00:00+00:00,361.5
2020-04-19 02:00:00+00:00,425.75
2020-04-19 03:00:00+00:00,492.75
2020-04-19 04:00:00+00:00,391.75
2020-04-19 05:00:00+00:00,289.0
2020-04-19 06:00:00+00:00,1331.75
2020-04-19 07:00:00+00:00,1360.25
2020-04-19 08:00:00+00:00,2099.25
2020-04-19 09:00:00+00:00,2700.25
2020-04-19 10:00:00+00:00,2648.0
2020-04-19 11:00:00+00:00,601.5
2020-04-19 12:00:00+00:00,1366.0
2020-04-19 13:00:00+00:00,947.5
2020-04-19 14:00:00+00:00,526.75
2020-04-19 15:00:00+00:00,634.25
2020-04-19 16:00:00+00:00,1144.0
2020-04-19 17:00:00+00:00,2305.5
2020-04-19 18:00:00+00:00,7083.75
2020-04-19 19:00:00+00:00,4842.0
2020-04-19 20:00:00+00:00,958.0
2020-04-19 21:00:00+00:00,419.0
2020-04-19 22:00:00+00:00,356.5
2020-04-19 23:00:00+00:00,438.5
2020-04-20 00:00:00+00:00,327.25
2020-04-20 01:00:00+00:00,313.0
2020-04-20 02:00:00+00:00,347.75
2020-04-20 03:00:00+00:00,667.5
2020-04-20 04:00:00+00:00,324.0
2020-04-20 05:00:00+00:00,334.25
2020-04-20 06:00:00+00:00,359.75
2020-04-20 07:00:00+00:00,758.5
2020-04-20 08:00:00+00:00,854.75
2020-04-20 09:00:00+00:00,589.5
2020-04-20 10:00:00+00:00,665.0
2020-04-20 11:00:00+00:00,553.25
2020-04-20 12:00:00+00:00,1370.0
2020-04-20 13:00:00+00:00,474.75
2020-04-20 14:00:00+00:00,748.5
2020-04-20 15:00:00+00:00,648.0
2020-04-20 16:00:00+00:00,1261.5
2020-04-20 17:00:00+00:00,1234.25
2020-04-20 18:00:00+00:00,1520.25
2020-04-20 19:00:00+00:00,1602.25
2020-04-20 20:00:00+00:00,1004.25
2020-04-20 21:00:00+00:00,512.5
2020-04-20 22:00:00+00:00,389.25
2020-04-20 23:00:00+00:00,407.75
2020-04-21 00:00:00+00:00,374.0
2020-04-21 01:00:00+00:00,357.75
2020-04-21 02:00:00+00:00,340.75
2020-04-21 03:00:00+00:00,1010.25
2020-04-21 04:00:00+00:00,415.0
2020-04-21 05:00:00+00:00,320.0
2020-04-21 06:00:00+00:00,485.0
2020-04-21 07:00:00+00:00,574.0
2020-04-21 08:00:00+00:00,798.75
2020-04-21 09:00:00+00:00,904.75
2020-04-21 10:00:00+00:00,666.25
2020-04-21 11:00:00+00:00,808.25
2020-04-21 12:00:00+00:00,512.25
2020-04-21 13:00:00+00:00,423.0
2020-04-21 14:00:00+00:00,486.5
2020-04-21 15:00:00+00:00,534.5
2020-04-21 16:00:00+00:00,1518.0
2020-04-21 17:00:00+00:00,1934.75
2020-04-21 18:00:00+00:00,1206.0
2020-04-21 19:00:00+00:00,1056.0
2020-04-21 20:00:00+00:00,1029.75
2020-04-21 21:00:00+00:00,462.25
2020-04-21 22:00:00+00:00,387.75
2020-04-21 23:00:00+00:00,386.5
2020-04-22 00:00:00+00:00,400.5
2020-04-22 01:00:00+00:00,360.75
2020-04-22 02:00:00+00:00,342.0
2020-04-22 03:00:00+00:00,950.5
2020-04-22 04:00:00+00:00,331.75
2020-04-22 05:00:00+00:00,458.0
2020-04-22 06:00:00+00:00,461.25
2020-04-22 07:00:00+00:00,539.0
2020-04-22 08:00:00+00:00,563.75
2020-04-22 09:00:00+00:00,570.0
2020-04-22 10:00:00+00:00,749.75
2020-04-22 11:00:00+00:00,1710.75
2020-04-22 12:00:00+00:00,1060.75
2020-04-22 13:00:00+00:00,434.25
2020-04-22 14:00:00+00:00,483.25
2020-04-22 15:00:00+00:00,450.0
2020-04-22 16:00:00+00:00,670.75
2020-04-22 17:00:00+00:00,627.5
2020-04-22 18:00:00+00:00,506.75
2020-04-22 19:00:00+00:00,787.25
2020-04-22 20:00:00+00:00,679.5
2020-04-22 21:00:00+00:00,462.25
2020-04-22 22:00:00+00:00,392.5
2020-04-22 23:00:00+00:00,424.0
2020-04-23 00:00:00+00:00,362.0
2020-04-23 01:00:00+00:00,404.5
2020-04-23 02:00:00+00:00,358.75
2020-04-23 03:00:00+00:00,811.75
2020-04-23 04:00:00+00:00,352.25
2020-04-23 05:00:00+00:00,472.25
2020-04-23 06:00:00+00:00,325.75
2020-04-23 07:00:00+00:00,347.75
2020-04-23 08:00:00+00:00,412.5
2020-04-23 09:00:00+00:00,541.3333333333334
2020-04-23 10:00:00+00:00,645.0
2020-04-23 11:00:00+00:00,499.25
2020-04-23 12:00:00+00:00,747.75
2020-04-23 13:00:00+00:00,491.5
2020-04-23 14:00:00+00:00,428.5
2020-04-23 15:00:00+00:00,400.75
2020-04-23 16:00:00+00:00,739.25
2020-04-23 17:00:00+00:00,1291.75
2020-04-23 18:00:00+00:00,1211.5
2020-04-23 19:00:00+00:00,1421.75
2020-04-23 20:00:00+00:00,1165.5
2020-04-23 21:00:00+00:00,939.5
2020-04-23 22:00:00+00:00,402.75
2020-04-23 23:00:00+00:00,422.0
2020-04-24 00:00:00+00:00,406.5
2020-04-24 01:00:00+00:00,341.5
2020-04-24 02:00:00+00:00,386.0
2020-04-24 03:00:00+00:00,701.5
2020-04-24 04:00:00+00:00,1129.75
2020-04-24 05:00:00+00:00,983.25
2020-04-24 06:00:00+00:00,454.25
2020-04-24 07:00:00+00:00,495.75
2020-04-24 08:00:00+00:00,485.5
2020-04-24 09:00:00+00:00,531.75
2020-04-24 10:00:00+00:00,2213.75
2020-04-24 11:00:00+00:00,669.75
2020-04-24 12:00:00+00:00,549.25
2020-04-24 13:00:00+00:00,800.0
2020-04-24 14:00:00+00:00,495.5
2020-04-24 15:00:00+00:00,411.5
2020-04-24 16:00:00+00:00,458.25
2020-04-24 17:00:00+00:00,443.0
2020-04-24 18:00:00+00:00,526.75
2020-04-24 19:00:00+00:00,619.75
2020-04-24 20:00:00+00:00,663.75
2020-04-24 21:00:00+00:00,393.75
2020-04-24 22:00:00+00:00,382.5
2020-04-24 23:00:00+00:00,430.0
2020-04-25 00:00:00+00:00,389.5
2020-04-25 01:00:00+00:00,384.75
2020-04-25 02:00:00+00:00,382.5
2020-04-25 03:00:00+00:00,493.5
2020-04-25 04:00:00+00:00,318.0
2020-04-25 05:00:00+00:00,456.25
2020-04-25 06:00:00+00:00,2149.75
2020-04-25 07:00:00+00:00,1694.25
2020-04-25 08:00:00+00:00,680.5
2020-04-25 09:00:00+00:00,639.25
2020-04-25 10:00:00+00:00,1068.0
2020-04-25 11:00:00+00:00,598.0
2020-04-25 12:00:00+00:00,882.5
2020-04-25 13:00:00+00:00,1440.0
2020-04-25 14:00:00+00:00,1985.0
2020-04-25 15:00:00+00:00,1756.75
2020-04-25 16:00:00+00:00,2565.25
2020-04-25 17:00:00+00:00,1315.25
2020-04-25 18:00:00+00:00,1236.0
2020-04-25 19:00:00+00:00,770.75
2020-04-25 20:00:00+00:00,822.5
2020-04-25 21:00:00+00:00,485.5
2020-04-25 22:00:00+00:00,440.25
2020-04-25 23:00:00+00:00,418.75
2020-04-26 00:00:00+00:00,400.5
2020-04-26 01:00:00+00:00,322.0
2020-04-26 02:00:00+00:00,285.25
2020-04-26 03:00:00+00:00,379.5
2020-04-26 04:00:00+00:00,239.75
2020-04-26 05:00:00+00:00,696.25
2020-04-26 06:00:00+00:00,594.0
2020-04-26 07:00:00+00:00,679.0
2020-04-26 08:00:00+00:00,975.0
2020-04-26 09:00:00+00:00,736.0
2020-04-26 10:00:00+00:00,846.5
2020-04-26 11:00:00+00:00,651.0
2020-04-26 12:00:00+00:00,500.25
2020-04-26 13:00:00+00:00,533.0
2020-04-26 14:00:00+00:00,512.75
2020-04-26 15:00:00+00:00,926.5
2020-04-26 16:00:00+00:00,1860.0
2020-04-26 17:00:00+00:00,1222.0
2020-04-26 18:00:00+00:00,1275.0
2020-04-26 19:00:00+00:00,850.0
2020-04-26 20:00:00+00:00,667.0
2020-04-26 21:00:00+00:00,387.25
2020-04-26 22:00:00+00:00,385.75
2020-04-26 23:00:00+00:00,418.5
2020-04-27 00:00:00+00:00,393.5
2020-04-27 01:00:00+00:00,396.5
2020-04-27 02:00:00+00:00,494.75
2020-04-27 03:00:00+00:00,732.0
2020-04-27 04:00:00+00:00,398.75
2020-04-27 05:00:00+00:00,408.5
2020-04-27 06:00:00+00:00,441.0
2020-04-27 07:00:00+00:00,451.5
2020-04-27 08:00:00+00:00,443.5
2020-04-27 09:00:00+00:00,848.75
2020-04-27 10:00:00+00:00,884.0
2020-04-27 11:00:00+00:00,602.5
2020-04-27 12:00:00+00:00,500.0
2020-04-27 13:00:00+00:00,568.0
2020-04-27 14:00:00+00:00,811.25
2020-04-27 15:00:00+00:00,986.75
2020-04-27 16:00:00+00:00,959.75
2020-04-27 17:00:00+00:00,812.5
2020-04-27 18:00:00+00:00,1683.75
2020-04-27 19:00:00+00:00,2014.0
2020-04-27 20:00:00+00:00,763.25
2020-04-27 21:00:00+00:00,464.0
2020-04-27 22:00:00+00:00,368.0
2020-04-27 23:00:00+00:00,378.0
2020-04-28 00:00:00+00:00,382.5
2020-04-28 01:00:00+00:00,344.0
2020-04-28 02:00:00+00:00,397.25
2020-04-28 03:00:00+00:00,666.75
2020-04-28 04:00:00+00:00,312.3333333333333
2020-04-28 05:00:00+00:00,348.25
2020-04-28 06:00:00+00:00,355.0
2020-04-28 07:00:00+00:00,319.25
2020-04-28 08:00:00+00:00,301.0
2020-04-28 09:00:00+00:00,272.5
2020-04-28 10:00:00+00:00,1318.5
2020-04-28 11:00:00+00:00,828.5
2020-04-28 12:00:00+00:00,604.75
2020-04-28 13:00:00+00:00,741.25
2020-04-28 14:00:00+00:00,836.5
2020-04-28 15:00:00+00:00,662.75
2020-04-28 16:00:00+00:00,452.5
2020-04-28 17:00:00+00:00,1003.5
2020-04-28 18:00:00+00:00,5082.75
2020-04-28 19:00:00+00:00,4744.25
2020-04-28 20:00:00+00:00,750.25
2020-04-28 21:00:00+00:00,516.0
2020-04-28 22:00:00+00:00,362.0
2020-04-28 23:00:00+00:00,334.0
2020-04-29 00:00:00+00:00,412.5
2020-04-29 01:00:00+00:00,370.5
2020-04-29 02:00:00+00:00,401.5
2020-04-29 03:00:00+00:00,644.25
2020-04-29 04:00:00+00:00,532.0
2020-04-29 05:00:00+00:00,596.75
2020-04-29 06:00:00+00:00,771.75
2020-04-29 07:00:00+00:00,837.5
2020-04-29 08:00:00+00:00,875.75
2020-04-29 09:00:00+00:00,308.25
2020-04-29 10:00:00+00:00,894.5
2020-04-29 11:00:00+00:00,767.5
2020-04-29 12:00:00+00:00,505.0
2020-04-29 13:00:00+00:00,476.25
2020-04-29 14:00:00+00:00,695.25
2020-04-29 15:00:00+00:00,571.75
2020-04-29 16:00:00+00:00,956.0
2020-04-29 17:00:00+00:00,665.5
2020-04-29 18:00:00+00:00,503.75
2020-04-29 19:00:00+00:00,893.75
2020-04-29 20:00:00+00:00,626.75
2020-04-29 21:00:00+00:00,367.0
2020-04-29 22:00:00+00:00,345.75
2020-04-29 23:00:00+00:00,299.0
2020-04-30 00:00:00+00:00,324.5
2020-04-30 01:00:00+00:00,350.0
2020-04-30 02:00:00+00:00,375.5
2020-04-30 03:00:00+00:00,768.25
2020-04-30 04:00:00+00:00,1849.75
2020-04-30 05:00:00+00:00,552.5
2020-04-30 06:00:00+00:00,468.75
2020-04-30 07:00:00+00:00,1210.0
2020-04-30 08:00:00+00:00,3038.75
2020-04-30 09:00:00+00:00,1743.5
2020-04-30 10:00:00+00:00,2347.0
2020-04-30 11:00:00+00:00,1426.25
2020-04-30 12:00:00+00:00,426.0
2020-04-30 13:00:00+00:00,2105.25
2020-04-30 14:00:00+00:00,2676.25
2020-04-30 15:00:00+00:00,492.75
2020-04-30 16:00:00+00:00,2119.5
2020-04-30 17:00:00+00:00,459.25
2020-04-30 18:00:00+00:00,533.5
2020-04-30 19:00:00+00:00,604.5
2020-04-30 20:00:00+00:00,741.5
2020-04-30 21:00:00+00:00,572.5
2020-04-30 22:00:00+00:00,382.0
2020-04-30 23:00:00+00:00,379.75
2020-05-01 00:00:00+00:00,353.25
2020-05-01 01:00:00+00:00,395.25
2020-05-01 02:00:00+00:00,461.3333333333333
2020-05-01 03:00:00+00:00,465.0
2020-05-01 04:00:00+00:00,356.75
2020-05-01 05:00:00+00:00,354.75
2020-05-01 06:00:00+00:00,916.75
2020-05-01 07:00:00+00:00,818.0
2020-05-01 08:00:00+00:00,621.75
2020-05-01 09:00:00+00:00,2766.6666666666665
2020-05-01 10:00:00+00:00,3068.75
2020-05-01 11:00:00+00:00,784.25
2020-05-01 12:00:00+00:00,2903.0
2020-05-01 13:00:00+00:00,1413.75
2020-05-01 14:00:00+00:00,1095.5
2020-05-01 15:00:00+00:00,493.5
2020-05-01 16:00:00+00:00,3380.5
2020-05-01 17:00:00+00:00,4063.0
2020-05-01 18:00:00+00:00,3159.75
2020-05-01 19:00:00+00:00,1121.5
2020-05-01 20:00:00+00:00,595.5
2020-05-01 21:00:00+00:00,483.75
2020-05-01 22:00:00+00:00,419.5
2020-05-01 23:00:00+00:00,376.5
2020-05-02 00:00:00+00:00,380.0
2020-05-02 01:00:00+00:00,377.5
2020-05-02 02:00:00+00:00,431.3333333333333
2020-05-02 03:00:00+00:00,644.0
2020-05-02 04:00:00+00:00,339.75
2020-05-02 05:00:00+00:00,417.75
2020-05-02 06:00:00+00:00,473.75
2020-05-02 07:00:00+00:00,549.25
2020-05-02 08:00:00+00:00,489.25
2020-05-02 09:00:00+00:00,1196.75
2020-05-02 10:00:00+00:00,914.0
2020-05-02 11:00:00+00:00,902.0
2020-05-02 12:00:00+00:00,571.5
2020-05-02 13:00:00+00:00,696.5
2020-05-02 14:00:00+00:00,812.0
2020-05-02 15:00:00+00:00,1227.25
2020-05-02 16:00:00+00:00,1027.5
2020-05-02 17:00:00+00:00,1287.75
2020-05-02 18:00:00+00:00,647.25
2020-05-02 19:00:00+00:00,847.0
2020-05-02 20:00:00+00:00,646.25
2020-05-02 21:00:00+00:00,631.25
2020-05-02 22:00:00+00:00,459.25
2020-05-02 23:00:00+00:00,431.25
2020-05-03 00:00:00+00:00,436.5
2020-05-03 01:00:00+00:00,342.25
2020-05-03 02:00:00+00:00,360.75
2020-05-03 03:00:00+00:00,402.0
2020-05-03 04:00:00+00:00,213.75
2020-05-03 05:00:00+00:00,335.0
2020-05-03 06:00:00+00:00,371.5
2020-05-03 07:00:00+00:00,1046.0
2020-05-03 08:00:00+00:00,820.0
2020-05-03 09:00:00+00:00,1369.75
2020-05-03 10:00:00+00:00,1242.25
2020-05-03 11:00:00+00:00,727.25
2020-05-03 12:00:00+00:00,783.0
2020-05-03 13:00:00+00:00,682.5
2020-05-03 14:00:00+00:00,776.75
2020-05-03 15:00:00+00:00,569.0
2020-05-03 16:00:00+00:00,1836.25
2020-05-03 17:00:00+00:00,796.75
2020-05-03 18:00:00+00:00,554.0
2020-05-03 19:00:00+00:00,1286.5
2020-05-03 20:00:00+00:00,746.25
2020-05-03 21:00:00+00:00,423.75
2020-05-03 22:00:00+00:00,379.75
2020-05-03 23:00:00+00:00,415.25
2020-05-04 00:00:00+00:00,374.75
2020-05-04 01:00:00+00:00,376.5
2020-05-04 02:00:00+00:00,628.25
2020-05-04 03:00:00+00:00,702.0
2020-05-04 04:00:00+00:00,321.75
2020-05-04 05:00:00+00:00,378.0
2020-05-04 06:00:00+00:00,376.75
2020-05-04 07:00:00+00:00,337.25
2020-05-04 08:00:00+00:00,431.25
2020-05-04 09:00:00+00:00,448.75
2020-05-04 10:00:00+00:00,1393.0
2020-05-04 11:00:00+00:00,502.75
2020-05-04 12:00:00+00:00,358.75
2020-05-04 13:00:00+00:00,354.5
2020-05-04 14:00:00+00:00,521.5
2020-05-04 15:00:00+00:00,472.0
2020-05-04 16:00:00+00:00,350.75
2020-05-04 17:00:00+00:00,620.25
2020-05-04 18:00:00+00:00,987.5
2020-05-04 19:00:00+00:00,1246.75
2020-05-04 20:00:00+00:00,685.25
2020-05-04 21:00:00+00:00,496.25
2020-05-04 22:00:00+00:00,387.25
2020-05-04 23:00:00+00:00,375.25
2020-05-05 00:00:00+00:00,394.75
2020-05-05 01:00:00+00:00,387.25
2020-05-05 02:00:00+00:00,527.75
2020-05-05 03:00:00+00:00,708.0
2020-05-05 04:00:00+00:00,373.5
2020-05-05 05:00:00+00:00,428.5
2020-05-05 06:00:00+00:00,1230.0
2020-05-05 07:00:00+00:00,569.25
2020-05-05 08:00:00+00:00,1228.25
2020-05-05 09:00:00+00:00,631.25
2020-05-05 10:00:00+00:00,1585.25
2020-05-05 11:00:00+00:00,1133.25
2020-05-05 12:00:00+00:00,1520.25
2020-05-05 13:00:00+00:00,1170.0
2020-05-05 14:00:00+00:00,463.75
2020-05-05 15:00:00+00:00,1038.0
2020-05-05 16:00:00+00:00,833.75
2020-05-05 17:00:00+00:00,1067.25
2020-05-05 18:00:00+00:00,554.75
2020-05-05 19:00:00+00:00,1955.75
2020-05-05 20:00:00+00:00,1098.5
2020-05-05 21:00:00+00:00,432.0
2020-05-05 22:00:00+00:00,381.25
2020-05-05 23:00:00+00:00,419.25
2020-05-06 00:00:00+00:00,392.5
2020-05-06 01:00:00+00:00,416.5
2020-05-06 02:00:00+00:00,979.5
2020-05-06 03:00:00+00:00,1459.0
2020-05-06 04:00:00+00:00,496.5
2020-05-06 05:00:00+00:00,452.25
2020-05-06 06:00:00+00:00,441.25
2020-05-06 07:00:00+00:00,1161.0
2020-05-06 08:00:00+00:00,603.0
2020-05-06 09:00:00+00:00,1635.25
2020-05-06 10:00:00+00:00,1236.75
2020-05-06 11:00:00+00:00,850.5
2020-05-06 12:00:00+00:00,499.0
2020-05-06 13:00:00+00:00,450.5
2020-05-06 14:00:00+00:00,394.75
2020-05-06 15:00:00+00:00,571.25
2020-05-06 16:00:00+00:00,554.5
2020-05-06 17:00:00+00:00,595.0
2020-05-06 18:00:00+00:00,783.25
2020-05-06 19:00:00+00:00,1168.75
2020-05-06 20:00:00+00:00,690.25
2020-05-06 21:00:00+00:00,481.25
2020-05-06 22:00:00+00:00,429.75
2020-05-06 23:00:00+00:00,394.25
2020-05-07 00:00:00+00:00,417.0
2020-05-07 01:00:00+00:00,383.25
2020-05-07 02:00:00+00:00,1034.75
2020-05-07 03:00:00+00:00,1369.5
2020-05-07 04:00:00+00:00,498.75
2020-05-07 05:00:00+00:00,415.5
2020-05-07 06:00:00+00:00,435.0
2020-05-07 07:00:00+00:00,461.0
2020-05-07 08:00:00+00:00,490.75
2020-05-07 09:00:00+00:00,646.75
2020-05-07 10:00:00+00:00,666.25
2020-05-07 11:00:00+00:00,472.75
2020-05-07 12:00:00+00:00,460.25
2020-05-07 13:00:00+00:00,534.5
2020-05-07 14:00:00+00:00,672.5
2020-05-07 15:00:00+00:00,1623.75
2020-05-07 16:00:00+00:00,608.5
2020-05-07 17:00:00+00:00,755.25
2020-05-07 18:00:00+00:00,460.75
2020-05-07 19:00:00+00:00,661.25
2020-05-07 20:00:00+00:00,435.0
2020-05-07 21:00:00+00:00,400.75
2020-05-07 22:00:00+00:00,406.25
2020-05-07 23:00:00+00:00,400.5
2020-05-08 00:00:00+00:00,393.75
2020-05-08 01:00:00+00:00,434.5
2020-05-08 02:00:00+00:00,427.75
2020-05-08 03:00:00+00:00,1358.25
2020-05-08 04:00:00+00:00,1416.5
2020-05-08 05:00:00+00:00,1124.75
2020-05-08 06:00:00+00:00,1098.0
2020-05-08 07:00:00+00:00,768.6666666666666
2020-05-08 08:00:00+00:00,420.0
2020-05-08 09:00:00+00:00,1222.25
2020-05-08 10:00:00+00:00,1642.25
2020-05-08 11:00:00+00:00,2571.0
2020-05-08 12:00:00+00:00,641.0
2020-05-08 13:00:00+00:00,517.0
2020-05-08 14:00:00+00:00,456.25
2020-05-08 15:00:00+00:00,473.25
2020-05-08 16:00:00+00:00,675.25
2020-05-08 17:00:00+00:00,1430.25
2020-05-08 18:00:00+00:00,477.75
2020-05-08 19:00:00+00:00,786.0
2020-05-08 20:00:00+00:00,414.0
2020-05-08 21:00:00+00:00,383.0
2020-05-08 22:00:00+00:00,381.5
2020-05-08 23:00:00+00:00,352.0
2020-05-09 00:00:00+00:00,406.75
2020-05-09 01:00:00+00:00,355.5
2020-05-09 02:00:00+00:00,421.5
2020-05-09 03:00:00+00:00,493.25
2020-05-09 04:00:00+00:00,316.5
2020-05-09 05:00:00+00:00,433.75
2020-05-09 06:00:00+00:00,595.0
2020-05-09 07:00:00+00:00,438.25
2020-05-09 08:00:00+00:00,476.0
2020-05-09 09:00:00+00:00,810.75
2020-05-09 10:00:00+00:00,1572.5
2020-05-09 11:00:00+00:00,2419.75
2020-05-09 12:00:00+00:00,1096.75
2020-05-09 13:00:00+00:00,1023.0
2020-05-09 14:00:00+00:00,558.5
2020-05-09 15:00:00+00:00,475.5
2020-05-09 16:00:00+00:00,391.75
2020-05-09 17:00:00+00:00,518.5
2020-05-09 18:00:00+00:00,652.0
2020-05-09 19:00:00+00:00,658.5
2020-05-09 20:00:00+00:00,498.0
2020-05-09 21:00:00+00:00,336.75
2020-05-09 22:00:00+00:00,331.75
2020-05-09 23:00:00+00:00,380.0
2020-05-10 00:00:00+00:00,348.5
2020-05-10 01:00:00+00:00,397.5
2020-05-10 02:00:00+00:00,399.0
2020-05-10 03:00:00+00:00,499.75
2020-05-10 04:00:00+00:00,307.25
2020-05-10 05:00:00+00:00,500.75
2020-05-10 06:00:00+00:00,893.75
2020-05-10 07:00:00+00:00,676.75
2020-05-10 08:00:00+00:00,564.0
2020-05-10 09:00:00+00:00,1175.75
2020-05-10 10:00:00+00:00,2379.75
2020-05-10 11:00:00+00:00,911.75
2020-05-10 12:00:00+00:00,1031.5
2020-05-10 13:00:00+00:00,712.25
2020-05-10 14:00:00+00:00,646.0
2020-05-10 15:00:00+00:00,860.0
2020-05-10 16:00:00+00:00,746.5
2020-05-10 17:00:00+00:00,582.0
2020-05-10 18:00:00+00:00,551.5
2020-05-10 19:00:00+00:00,1217.25
2020-05-10 20:00:00+00:00,596.5
2020-05-10 21:00:00+00:00,482.0
2020-05-10 22:00:00+00:00,296.25
2020-05-10 23:00:00+00:00,302.5
2020-05-11 00:00:00+00:00,374.75
2020-05-11 01:00:00+00:00,369.5
2020-05-11 02:00:00+00:00,964.0
2020-05-11 03:00:00+00:00,1297.25
2020-05-11 04:00:00+00:00,653.75
2020-05-11 05:00:00+00:00,501.5
2020-05-11 06:00:00+00:00,820.5
2020-05-11 07:00:00+00:00,754.75
2020-05-11 08:00:00+00:00,1139.5
2020-05-11 09:00:00+00:00,724.25
2020-05-11 10:00:00+00:00,670.0
2020-05-11 11:00:00+00:00,484.25
2020-05-11 12:00:00+00:00,316.25
2020-05-11 13:00:00+00:00,552.75
2020-05-11 14:00:00+00:00,587.25
2020-05-11 15:00:00+00:00,448.0
2020-05-11 16:00:00+00:00,444.25
2020-05-11 17:00:00+00:00,2458.5
2020-05-11 18:00:00+00:00,5707.75
2020-05-11 19:00:00+00:00,2260.75
2020-05-11 20:00:00+00:00,853.25
2020-05-11 21:00:00+00:00,740.25
2020-05-11 22:00:00+00:00,374.25
2020-05-11 23:00:00+00:00,390.5
2020-05-12 00:00:00+00:00,410.75
2020-05-12 01:00:00+00:00,896.75
2020-05-12 02:00:00+00:00,1176.25
2020-05-12 03:00:00+00:00,1309.5
2020-05-12 04:00:00+00:00,1654.25
2020-05-12 05:00:00+00:00,683.5
2020-05-12 06:00:00+00:00,573.75
2020-05-12 07:00:00+00:00,500.0
2020-05-12 08:00:00+00:00,403.75
2020-05-12 09:00:00+00:00,352.75
2020-05-12 10:00:00+00:00,664.25
2020-05-12 11:00:00+00:00,1204.75
2020-05-12 12:00:00+00:00,809.0
2020-05-12 13:00:00+00:00,662.0833333333334
2020-05-12 14:00:00+00:00,515.1666666666667
2020-05-12 15:00:00+00:00,368.25
2020-05-12 16:00:00+00:00,723.0
2020-05-12 17:00:00+00:00,1614.0
2020-05-12 18:00:00+00:00,505.0
2020-05-12 19:00:00+00:00,1089.5
2020-05-12 20:00:00+00:00,548.25
2020-05-12 21:00:00+00:00,413.75
2020-05-12 22:00:00+00:00,406.25
2020-05-12 23:00:00+00:00,415.5
2020-05-13 00:00:00+00:00,394.0
2020-05-13 01:00:00+00:00,448.5
2020-05-13 02:00:00+00:00,1289.25
2020-05-13 03:00:00+00:00,1252.25
2020-05-13 04:00:00+00:00,781.75
2020-05-13 05:00:00+00:00,611.0
2020-05-13 06:00:00+00:00,588.75
2020-05-13 07:00:00+00:00,466.0
2020-05-13 08:00:00+00:00,504.25
2020-05-13 09:00:00+00:00,565.0
2020-05-13 10:00:00+00:00,2675.0
2020-05-13 11:00:00+00:00,3584.5
2020-05-13 12:00:00+00:00,1755.0
2020-05-13 13:00:00+00:00,3034.75
2020-05-13 14:00:00+00:00,1931.5
2020-05-13 15:00:00+00:00,1698.75
2020-05-13 16:00:00+00:00,558.5
2020-05-13 17:00:00+00:00,519.25
2020-05-13 18:00:00+00:00,766.0
2020-05-13 19:00:00+00:00,742.75
2020-05-13 20:00:00+00:00,593.0
2020-05-13 21:00:00+00:00,458.0
2020-05-13 22:00:00+00:00,439.25
2020-05-13 23:00:00+00:00,445.0
2020-05-14 00:00:00+00:00,406.5
2020-05-14 01:00:00+00:00,418.25
2020-05-14 02:00:00+00:00,433.5
2020-05-14 03:00:00+00:00,700.75
2020-05-14 04:00:00+00:00,520.0
2020-05-14 05:00:00+00:00,1337.0
2020-05-14 06:00:00+00:00,1448.0
2020-05-14 07:00:00+00:00,761.25
2020-05-14 08:00:00+00:00,2484.75
2020-05-14 09:00:00+00:00,2048.0
2020-05-14 10:00:00+00:00,783.75
2020-05-14 11:00:00+00:00,1017.25
2020-05-14 12:00:00+00:00,1683.5
2020-05-14 13:00:00+00:00,606.25
2020-05-14 14:00:00+00:00,435.5
2020-05-14 15:00:00+00:00,464.75
2020-05-14 16:00:00+00:00,504.25
2020-05-14 17:00:00+00:00,817.0
2020-05-14 18:00:00+00:00,3838.5
2020-05-14 19:00:00+00:00,4575.25
2020-05-14 20:00:00+00:00,1791.75
2020-05-14 21:00:00+00:00,397.5
2020-05-14 22:00:00+00:00,413.0
2020-05-14 23:00:00+00:00,461.75
2020-05-15 00:00:00+00:00,451.0
2020-05-15 01:00:00+00:00,443.75
2020-05-15 02:00:00+00:00,475.5
2020-05-15 03:00:00+00:00,635.5
2020-05-15 04:00:00+00:00,441.75
2020-05-15 05:00:00+00:00,645.25
2020-05-15 06:00:00+00:00,3342.0
2020-05-15 07:00:00+00:00,2085.25
2020-05-15 08:00:00+00:00,1119.5
2020-05-15 09:00:00+00:00,640.5
2020-05-15 10:00:00+00:00,1172.5
2020-05-15 11:00:00+00:00,700.25
2020-05-15 12:00:00+00:00,3029.75
2020-05-15 13:00:00+00:00,1253.0
2020-05-15 14:00:00+00:00,621.25
2020-05-15 15:00:00+00:00,550.5
2020-05-15 16:00:00+00:00,1889.75
2020-05-15 17:00:00+00:00,616.5
2020-05-15 18:00:00+00:00,405.25
2020-05-15 19:00:00+00:00,635.75
2020-05-15 20:00:00+00:00,584.25
2020-05-15 21:00:00+00:00,428.0
2020-05-15 22:00:00+00:00,381.0
2020-05-15 23:00:00+00:00,391.75
2020-05-16 00:00:00+00:00,384.0
2020-05-16 01:00:00+00:00,383.75
2020-05-16 02:00:00+00:00,412.0
2020-05-16 03:00:00+00:00,475.5
2020-05-16 04:00:00+00:00,388.25
2020-05-16 05:00:00+00:00,406.25
2020-05-16 06:00:00+00:00,1552.0
2020-05-16 07:00:00+00:00,1358.0
2020-05-16 08:00:00+00:00,1036.25
2020-05-16 09:00:00+00:00,1946.0
2020-05-16 10:00:00+00:00,1784.75
2020-05-16 11:00:00+00:00,1493.75
2020-05-16 12:00:00+00:00,855.0
2020-05-16 13:00:00+00:00,669.75
2020-05-16 14:00:00+00:00,558.5
2020-05-16 15:00:00+00:00,438.5
2020-05-16 16:00:00+00:00,483.0
2020-05-16 17:00:00+00:00,675.75
2020-05-16 18:00:00+00:00,697.75
2020-05-16 19:00:00+00:00,985.25
2020-05-16 20:00:00+00:00,882.5
2020-05-16 21:00:00+00:00,824.75
2020-05-16 22:00:00+00:00,589.75
2020-05-16 23:00:00+00:00,428.0
2020-05-17 00:00:00+00:00,356.5
2020-05-17 01:00:00+00:00,355.75
2020-05-17 02:00:00+00:00,324.0
2020-05-17 03:00:00+00:00,375.0
2020-05-17 04:00:00+00:00,292.25
2020-05-17 05:00:00+00:00,332.75
2020-05-17 06:00:00+00:00,393.75
2020-05-17 07:00:00+00:00,792.75
2020-05-17 08:00:00+00:00,677.0
2020-05-17 09:00:00+00:00,778.5
2020-05-17 10:00:00+00:00,1708.0
2020-05-17 11:00:00+00:00,770.0
2020-05-17 12:00:00+00:00,1270.0
2020-05-17 13:00:00+00:00,479.5
2020-05-17 14:00:00+00:00,456.5
2020-05-17 15:00:00+00:00,430.0
2020-05-17 16:00:00+00:00,639.0
2020-05-17 17:00:00+00:00,845.25
2020-05-17 18:00:00+00:00,736.5
2020-05-17 19:00:00+00:00,752.5
2020-05-17 20:00:00+00:00,671.25
2020-05-17 21:00:00+00:00,723.25
2020-05-17 22:00:00+00:00,456.5
2020-05-17 23:00:00+00:00,425.25
2020-05-18 00:00:00+00:00,400.75
2020-05-18 01:00:00+00:00,702.0
2020-05-18 02:00:00+00:00,1111.5
2020-05-18 03:00:00+00:00,916.25
2020-05-18 04:00:00+00:00,497.75
2020-05-18 05:00:00+00:00,418.0
2020-05-18 06:00:00+00:00,725.5
2020-05-18 07:00:00+00:00,1147.75
2020-05-18 08:00:00+00:00,1516.5
2020-05-18 09:00:00+00:00,842.25
2020-05-18 10:00:00+00:00,688.0
2020-05-18 11:00:00+00:00,1271.75
2020-05-18 12:00:00+00:00,832.25
2020-05-18 13:00:00+00:00,627.25
2020-05-18 14:00:00+00:00,492.5
2020-05-18 15:00:00+00:00,444.5
2020-05-18 16:00:00+00:00,478.5
2020-05-18 17:00:00+00:00,562.0
2020-05-18 18:00:00+00:00,213.5
2020-05-18 19:00:00+00:00,445.5
2020-05-18 20:00:00+00:00,601.5
2020-05-18 21:00:00+00:00,672.5
2020-05-18 22:00:00+00:00,663.5
2020-05-18 23:00:00+00:00,431.5
2020-05-19 00:00:00+00:00,666.75
2020-05-19 01:00:00+00:00,1118.0
2020-05-19 02:00:00+00:00,1129.5
2020-05-19 03:00:00+00:00,410.75
2020-05-19 04:00:00+00:00,313.25
2020-05-19 05:00:00+00:00,430.25
2020-05-19 06:00:00+00:00,445.75
2020-05-19 07:00:00+00:00,419.5
2020-05-19 08:00:00+00:00,624.5
2020-05-19 09:00:00+00:00,526.5
2020-05-19 10:00:00+00:00,692.75
2020-05-19 11:00:00+00:00,451.5
2020-05-19 12:00:00+00:00,447.0
2020-05-19 13:00:00+00:00,423.0
2020-05-19 14:00:00+00:00,402.25
2020-05-19 15:00:00+00:00,388.0
2020-05-19 16:00:00+00:00,307.3333333333333
2020-05-19 17:00:00+00:00,785.5
2020-05-19 18:00:00+00:00,640.75
2020-05-19 19:00:00+00:00,997.5
2020-05-19 20:00:00+00:00,789.3333333333334
2020-05-19 21:00:00+00:00,489.25
2020-05-19 22:00:00+00:00,340.5
2020-05-19 23:00:00+00:00,303.75
2020-05-20 00:00:00+00:00,620.75
2020-05-20 01:00:00+00:00,1109.5
2020-05-20 02:00:00+00:00,1110.5
2020-05-20 03:00:00+00:00,569.0
2020-05-20 04:00:00+00:00,294.0
2020-05-20 05:00:00+00:00,539.25
2020-05-20 06:00:00+00:00,680.75
2020-05-20 07:00:00+00:00,878.5
2020-05-20 08:00:00+00:00,907.0
2020-05-20 09:00:00+00:00,1724.5
2020-05-20 10:00:00+00:00,1179.5
2020-05-20 11:00:00+00:00,457.75
2020-05-20 12:00:00+00:00,480.25
2020-05-20 13:00:00+00:00,401.25
2020-05-20 14:00:00+00:00,515.5
2020-05-20 15:00:00+00:00,640.75
2020-05-20 16:00:00+00:00,495.75
2020-05-20 17:00:00+00:00,655.25
2020-05-20 18:00:00+00:00,534.0
2020-05-20 19:00:00+00:00,652.25
2020-05-20 20:00:00+00:00,686.0
2020-05-20 21:00:00+00:00,436.5
2020-05-20 22:00:00+00:00,296.5
2020-05-20 23:00:00+00:00,313.75
2020-05-21 00:00:00+00:00,371.25
2020-05-21 01:00:00+00:00,389.0
2020-05-21 02:00:00+00:00,407.75
2020-05-21 03:00:00+00:00,444.25
2020-05-21 04:00:00+00:00,344.75
2020-05-21 05:00:00+00:00,705.5
2020-05-21 06:00:00+00:00,1241.75
2020-05-21 07:00:00+00:00,678.25
2020-05-21 08:00:00+00:00,898.25
2020-05-21 09:00:00+00:00,3500.5
2020-05-21 10:00:00+00:00,2697.5
2020-05-21 11:00:00+00:00,620.25
2020-05-21 12:00:00+00:00,895.5
2020-05-21 13:00:00+00:00,961.25
2020-05-21 14:00:00+00:00,471.0
2020-05-21 15:00:00+00:00,568.75
2020-05-21 16:00:00+00:00,773.5
2020-05-21 17:00:00+00:00,914.5
2020-05-21 18:00:00+00:00,614.0
2020-05-21 19:00:00+00:00,996.0
2020-05-21 20:00:00+00:00,600.75
2020-05-21 21:00:00+00:00,657.5
2020-05-21 22:00:00+00:00,392.5
2020-05-21 23:00:00+00:00,365.5
2020-05-22 00:00:00+00:00,573.75
2020-05-22 01:00:00+00:00,1149.5
2020-05-22 02:00:00+00:00,1117.0
2020-05-22 03:00:00+00:00,550.0
2020-05-22 04:00:00+00:00,379.5
2020-05-22 05:00:00+00:00,407.0
2020-05-22 06:00:00+00:00,464.25
2020-05-22 07:00:00+00:00,528.75
2020-05-22 08:00:00+00:00,577.75
2020-05-22 09:00:00+00:00,549.75
2020-05-22 10:00:00+00:00,972.75
2020-05-22 11:00:00+00:00,466.0
2020-05-22 12:00:00+00:00,431.75
2020-05-22 13:00:00+00:00,501.25
2020-05-22 14:00:00+00:00,459.0
2020-05-22 15:00:00+00:00,850.25
2020-05-22 16:00:00+00:00,1410.5
2020-05-22 17:00:00+00:00,1442.25
2020-05-22 18:00:00+00:00,1172.75
2020-05-22 19:00:00+00:00,630.25
2020-05-22 20:00:00+00:00,688.75
2020-05-22 21:00:00+00:00,470.75
2020-05-22 22:00:00+00:00,308.25
2020-05-22 23:00:00+00:00,279.25
2020-05-23 00:00:00+00:00,248.25
2020-05-23 01:00:00+00:00,256.5
2020-05-23 02:00:00+00:00,287.75
2020-05-23 03:00:00+00:00,854.25
2020-05-23 04:00:00+00:00,610.5
2020-05-23 05:00:00+00:00,324.5
2020-05-23 06:00:00+00:00,518.5
2020-05-23 07:00:00+00:00,524.25
2020-05-23 08:00:00+00:00,975.0
2020-05-23 09:00:00+00:00,1007.0
2020-05-23 10:00:00+00:00,780.0
2020-05-23 11:00:00+00:00,4310.0
2020-05-23 12:00:00+00:00,2406.25
2020-05-23 13:00:00+00:00,502.5
2020-05-23 14:00:00+00:00,504.5
2020-05-23 15:00:00+00:00,479.5
2020-05-23 16:00:00+00:00,471.0
2020-05-23 17:00:00+00:00,560.25
2020-05-23 18:00:00+00:00,529.75
2020-05-23 19:00:00+00:00,680.75
2020-05-23 20:00:00+00:00,626.0
2020-05-23 21:00:00+00:00,710.25
2020-05-23 22:00:00+00:00,538.5
2020-05-23 23:00:00+00:00,383.25
2020-05-24 00:00:00+00:00,354.0
2020-05-24 01:00:00+00:00,394.25
2020-05-24 02:00:00+00:00,331.5
2020-05-24 03:00:00+00:00,418.25
2020-05-24 04:00:00+00:00,334.25
2020-05-24 05:00:00+00:00,285.0
2020-05-24 06:00:00+00:00,1616.25
2020-05-24 07:00:00+00:00,1726.25
2020-05-24 08:00:00+00:00,1671.75
2020-05-24 09:00:00+00:00,939.0
2020-05-24 10:00:00+00:00,2782.25
2020-05-24 11:00:00+00:00,1529.0
2020-05-24 12:00:00+00:00,1681.0
2020-05-24 13:00:00+00:00,456.5
2020-05-24 14:00:00+00:00,622.25
2020-05-24 15:00:00+00:00,640.0
2020-05-24 16:00:00+00:00,566.5
2020-05-24 17:00:00+00:00,635.0
2020-05-24 18:00:00+00:00,744.75
2020-05-24 19:00:00+00:00,2026.75
2020-05-24 20:00:00+00:00,720.0
2020-05-24 21:00:00+00:00,473.0
2020-05-24 22:00:00+00:00,514.6666666666666
2020-05-24 23:00:00+00:00,373.6666666666667
2020-05-25 00:00:00+00:00,393.5
2020-05-25 01:00:00+00:00,324.5
2020-05-25 02:00:00+00:00,383.25
2020-05-25 03:00:00+00:00,814.25
2020-05-25 04:00:00+00:00,341.25
2020-05-25 05:00:00+00:00,428.75
2020-05-25 06:00:00+00:00,385.75
2020-05-25 07:00:00+00:00,439.75
2020-05-25 08:00:00+00:00,376.25
2020-05-25 09:00:00+00:00,487.0
2020-05-25 10:00:00+00:00,563.0
2020-05-25 11:00:00+00:00,558.25
2020-05-25 12:00:00+00:00,476.25
2020-05-25 13:00:00+00:00,456.25
2020-05-25 14:00:00+00:00,621.0
2020-05-25 15:00:00+00:00,556.75
2020-05-25 16:00:00+00:00,742.75
2020-05-25 17:00:00+00:00,810.25
2020-05-25 18:00:00+00:00,458.5
2020-05-25 19:00:00+00:00,598.25
2020-05-25 20:00:00+00:00,654.0
2020-05-25 21:00:00+00:00,404.75
2020-05-25 22:00:00+00:00,378.5
2020-05-25 23:00:00+00:00,415.0
2020-05-26 00:00:00+00:00,405.25
2020-05-26 01:00:00+00:00,350.75
2020-05-26 02:00:00+00:00,570.75
2020-05-26 03:00:00+00:00,664.0
2020-05-26 04:00:00+00:00,391.25
2020-05-26 05:00:00+00:00,393.75
2020-05-26 06:00:00+00:00,421.5
2020-05-26 07:00:00+00:00,347.75
2020-05-26 08:00:00+00:00,408.0
2020-05-26 09:00:00+00:00,457.5
2020-05-26 10:00:00+00:00,631.25
2020-05-26 11:00:00+00:00,451.25
2020-05-26 12:00:00+00:00,381.25
2020-05-26 13:00:00+00:00,465.25
2020-05-26 14:00:00+00:00,316.0
2020-05-26 15:00:00+00:00,531.25
2020-05-26 16:00:00+00:00,745.25
2020-05-26 17:00:00+00:00,656.5
2020-05-26 18:00:00+00:00,447.0
2020-05-26 19:00:00+00:00,516.0
2020-05-26 20:00:00+00:00,557.0
2020-05-26 21:00:00+00:00,413.25
2020-05-26 22:00:00+00:00,358.5
2020-05-26 23:00:00+00:00,404.75
2020-05-27 00:00:00+00:00,372.25
2020-05-27 01:00:00+00:00,373.75
2020-05-27 02:00:00+00:00,568.5
2020-05-27 03:00:00+00:00,687.25
2020-05-27 04:00:00+00:00,332.5
2020-05-27 05:00:00+00:00,313.0
2020-05-27 06:00:00+00:00,311.5
2020-05-27 07:00:00+00:00,277.0
2020-05-27 08:00:00+00:00,346.3333333333333
2020-05-27 09:00:00+00:00,369.5
2020-05-27 10:00:00+00:00,486.75
2020-05-27 11:00:00+00:00,321.25
2020-05-27 12:00:00+00:00,336.0
2020-05-27 13:00:00+00:00,438.5
2020-05-27 14:00:00+00:00,350.25
2020-05-27 15:00:00+00:00,398.0
2020-05-27 16:00:00+00:00,618.25
2020-05-27 17:00:00+00:00,1001.25
2020-05-27 18:00:00+00:00,1216.25
2020-05-27 19:00:00+00:00,726.0
2020-05-27 20:00:00+00:00,596.0
2020-05-27 21:00:00+00:00,410.25
2020-05-27 22:00:00+00:00,371.5
2020-05-27 23:00:00+00:00,401.5
2020-05-28 00:00:00+00:00,370.5
2020-05-28 01:00:00+00:00,384.25
2020-05-28 02:00:00+00:00,546.5
2020-05-28 03:00:00+00:00,589.75
2020-05-28 04:00:00+00:00,285.25
2020-05-28 05:00:00+00:00,441.75
2020-05-28 06:00:00+00:00,498.5
2020-05-28 07:00:00+00:00,397.0
2020-05-28 08:00:00+00:00,393.5
2020-05-28 09:00:00+00:00,609.25
2020-05-28 10:00:00+00:00,789.5
2020-05-28 11:00:00+00:00,1985.25
2020-05-28 12:00:00+00:00,814.5
2020-05-28 13:00:00+00:00,2560.0
2020-05-28 14:00:00+00:00,931.5
2020-05-28 15:00:00+00:00,533.0
2020-05-28 16:00:00+00:00,638.0
2020-05-28 17:00:00+00:00,708.25
2020-05-28 18:00:00+00:00,393.0
2020-05-28 19:00:00+00:00,534.0
2020-05-28 20:00:00+00:00,561.5
2020-05-28 21:00:00+00:00,482.0
2020-05-28 22:00:00+00:00,422.5
2020-05-28 23:00:00+00:00,397.25
2020-05-29 00:00:00+00:00,371.5
2020-05-29 01:00:00+00:00,394.5
2020-05-29 02:00:00+00:00,480.0
2020-05-29 03:00:00+00:00,537.0
2020-05-29 04:00:00+00:00,397.25
2020-05-29 05:00:00+00:00,400.25
2020-05-29 06:00:00+00:00,391.5
2020-05-29 07:00:00+00:00,396.5
2020-05-29 08:00:00+00:00,919.5
2020-05-29 09:00:00+00:00,605.0
2020-05-29 10:00:00+00:00,1033.25
2020-05-29 11:00:00+00:00,548.5
2020-05-29 12:00:00+00:00,525.75
2020-05-29 13:00:00+00:00,1249.25
2020-05-29 14:00:00+00:00,472.5
2020-05-29 15:00:00+00:00,526.25
2020-05-29 16:00:00+00:00,554.25
2020-05-29 17:00:00+00:00,639.0
2020-05-29 18:00:00+00:00,584.25
2020-05-29 19:00:00+00:00,1014.0
2020-05-29 20:00:00+00:00,596.0
2020-05-29 21:00:00+00:00,532.0
2020-05-29 22:00:00+00:00,368.0
2020-05-29 23:00:00+00:00,407.5
2020-05-30 00:00:00+00:00,341.25
2020-05-30 01:00:00+00:00,408.25
2020-05-30 02:00:00+00:00,385.25
2020-05-30 03:00:00+00:00,517.75
2020-05-30 04:00:00+00:00,282.5
2020-05-30 05:00:00+00:00,391.0
2020-05-30 06:00:00+00:00,561.0
2020-05-30 07:00:00+00:00,639.75
2020-05-30 08:00:00+00:00,527.0
2020-05-30 09:00:00+00:00,1736.5
2020-05-30 10:00:00+00:00,3320.25
2020-05-30 11:00:00+00:00,1646.0
2020-05-30 12:00:00+00:00,1036.25
2020-05-30 13:00:00+00:00,1614.0
2020-05-30 14:00:00+00:00,755.5
2020-05-30 15:00:00+00:00,850.0
2020-05-30 16:00:00+00:00,647.75
2020-05-30 17:00:00+00:00,762.5
2020-05-30 18:00:00+00:00,1074.0
2020-05-30 19:00:00+00:00,661.25
2020-05-30 20:00:00+00:00,694.75
2020-05-30 21:00:00+00:00,707.75
2020-05-30 22:00:00+00:00,363.75
2020-05-30 23:00:00+00:00,411.5
2020-05-31 00:00:00+00:00,416.25
2020-05-31 01:00:00+00:00,1130.5
2020-05-31 02:00:00+00:00,1091.25
2020-05-31 03:00:00+00:00,763.75
2020-05-31 04:00:00+00:00,1115.25
2020-05-31 05:00:00+00:00,1286.75
2020-05-31 06:00:00+00:00,1213.25
2020-05-31 07:00:00+00:00,496.5
2020-05-31 08:00:00+00:00,1188.75
2020-05-31 09:00:00+00:00,788.5
2020-05-31 10:00:00+00:00,752.75
2020-05-31 11:00:00+00:00,852.5
2020-05-31 12:00:00+00:00,546.75
2020-05-31 13:00:00+00:00,640.5
2020-05-31 14:00:00+00:00,542.0
2020-05-31 15:00:00+00:00,968.75
2020-05-31 16:00:00+00:00,356.25
2020-05-31 17:00:00+00:00,423.75
2020-05-31 18:00:00+00:00,397.25
2020-05-31 19:00:00+00:00,388.75
2020-05-31 20:00:00+00:00,778.5
2020-05-31 21:00:00+00:00,367.75
2020-05-31 22:00:00+00:00,211.0
2020-05-31 23:00:00+00:00,278.25
2020-06-01 00:00:00+00:00,402.0
2020-06-01 01:00:00+00:00,688.5
2020-06-01 02:00:00+00:00,1146.25
2020-06-01 03:00:00+00:00,1182.25
2020-06-01 04:00:00+00:00,411.75
2020-06-01 05:00:00+00:00,394.75
2020-06-01 06:00:00+00:00,529.0
2020-06-01 07:00:00+00:00,1923.5
2020-06-01 08:00:00+00:00,1747.75
2020-06-01 09:00:00+00:00,854.75
2020-06-01 10:00:00+00:00,1170.75
2020-06-01 11:00:00+00:00,732.75
2020-06-01 12:00:00+00:00,1239.25
2020-06-01 13:00:00+00:00,1926.75
2020-06-01 14:00:00+00:00,1624.5
2020-06-01 15:00:00+00:00,1145.75
2020-06-01 16:00:00+00:00,2037.5
2020-06-01 17:00:00+00:00,803.75
2020-06-01 18:00:00+00:00,757.5
2020-06-01 19:00:00+00:00,998.0
2020-06-01 20:00:00+00:00,596.25
2020-06-01 21:00:00+00:00,435.25
2020-06-01 22:00:00+00:00,293.0
2020-06-01 23:00:00+00:00,341.25
2020-06-02 00:00:00+00:00,389.25
2020-06-02 01:00:00+00:00,845.75
2020-06-02 02:00:00+00:00,1212.3333333333333
2020-06-02 03:00:00+00:00,1085.5
2020-06-02 04:00:00+00:00,354.25
2020-06-02 05:00:00+00:00,412.75
2020-06-02 06:00:00+00:00,429.75
2020-06-02 07:00:00+00:00,481.75
2020-06-02 08:00:00+00:00,458.75
2020-06-02 09:00:00+00:00,514.5
2020-06-02 10:00:00+00:00,733.75
2020-06-02 11:00:00+00:00,688.0
2020-06-02 12:00:00+00:00,533.75
2020-06-02 13:00:00+00:00,462.25
2020-06-02 14:00:00+00:00,1175.75
2020-06-02 15:00:00+00:00,556.25
2020-06-02 16:00:00+00:00,969.5
2020-06-02 17:00:00+00:00,1171.25
2020-06-02 18:00:00+00:00,431.75
2020-06-02 19:00:00+00:00,1207.75
2020-06-02 20:00:00+00:00,897.0
2020-06-02 21:00:00+00:00,367.75
2020-06-02 22:00:00+00:00,292.0
2020-06-02 23:00:00+00:00,399.25
2020-06-03 00:00:00+00:00,552.0
2020-06-03 01:00:00+00:00,1106.0
2020-06-03 02:00:00+00:00,1086.25
2020-06-03 03:00:00+00:00,857.25
2020-06-03 04:00:00+00:00,389.25
2020-06-03 05:00:00+00:00,384.25
2020-06-03 06:00:00+00:00,362.25
2020-06-03 07:00:00+00:00,393.75
2020-06-03 08:00:00+00:00,434.25
2020-06-03 09:00:00+00:00,376.5
2020-06-03 10:00:00+00:00,463.25
2020-06-03 11:00:00+00:00,468.25
2020-06-03 12:00:00+00:00,330.25
2020-06-03 13:00:00+00:00,422.5
2020-06-03 14:00:00+00:00,377.0
2020-06-03 15:00:00+00:00,1111.5
2020-06-03 16:00:00+00:00,905.0
2020-06-03 17:00:00+00:00,625.75
2020-06-03 18:00:00+00:00,484.25
2020-06-03 19:00:00+00:00,478.25
2020-06-03 20:00:00+00:00,553.5
2020-06-03 21:00:00+00:00,375.25
2020-06-03 22:00:00+00:00,273.5
2020-06-03 23:00:00+00:00,278.75
2020-06-04 00:00:00+00:00,332.0
2020-06-04 01:00:00+00:00,377.75
2020-06-04 02:00:00+00:00,477.75
2020-06-04 03:00:00+00:00,717.75
2020-06-04 04:00:00+00:00,384.0
2020-06-04 05:00:00+00:00,435.75
2020-06-04 06:00:00+00:00,432.75
2020-06-04 07:00:00+00:00,371.0
2020-06-04 08:00:00+00:00,337.25
2020-06-04 09:00:00+00:00,313.25
2020-06-04 10:00:00+00:00,903.0
2020-06-04 11:00:00+00:00,335.75
2020-06-04 12:00:00+00:00,340.5
2020-06-04 13:00:00+00:00,324.25
2020-06-04 14:00:00+00:00,359.5
2020-06-04 15:00:00+00:00,983.25
2020-06-04 16:00:00+00:00,2078.5
2020-06-04 17:00:00+00:00,1411.5
2020-06-04 18:00:00+00:00,455.75
2020-06-04 19:00:00+00:00,897.75
2020-06-04 20:00:00+00:00,551.0
2020-06-04 21:00:00+00:00,301.25
2020-06-04 22:00:00+00:00,310.0
2020-06-04 23:00:00+00:00,277.75
2020-06-05 00:00:00+00:00,330.0
2020-06-05 01:00:00+00:00,373.5
2020-06-05 02:00:00+00:00,387.0
2020-06-05 03:00:00+00:00,606.75
2020-06-05 04:00:00+00:00,301.0
2020-06-05 05:00:00+00:00,383.75
2020-06-05 06:00:00+00:00,630.25
2020-06-05 07:00:00+00:00,418.0
2020-06-05 08:00:00+00:00,192.25
2020-06-05 09:00:00+00:00,869.5
2020-06-05 10:00:00+00:00,1078.0
2020-06-05 11:00:00+00:00,403.0
2020-06-05 12:00:00+00:00,400.75
2020-06-05 13:00:00+00:00,-2.5
2020-06-05 14:00:00+00:00,127.11111111111111
2020-06-05 15:00:00+00:00,256.72222222222223
2020-06-05 16:00:00+00:00,386.3333333333333
2020-06-05 17:00:00+00:00,636.5
2020-06-05 18:00:00+00:00,455.5
2020-06-05 19:00:00+00:00,758.5
2020-06-05 20:00:00+00:00,711.75
2020-06-05 21:00:00+00:00,390.0
2020-06-05 22:00:00+00:00,263.75
2020-06-05 23:00:00+00:00,291.0
2020-06-06 00:00:00+00:00,308.0
2020-06-06 01:00:00+00:00,338.5
2020-06-06 02:00:00+00:00,424.25
2020-06-06 03:00:00+00:00,472.75
2020-06-06 04:00:00+00:00,311.75
2020-06-06 05:00:00+00:00,300.0
2020-06-06 06:00:00+00:00,1269.5
2020-06-06 07:00:00+00:00,690.0
2020-06-06 08:00:00+00:00,1913.5
2020-06-06 09:00:00+00:00,1392.5
2020-06-06 10:00:00+00:00,2608.5
2020-06-06 11:00:00+00:00,2278.0
2020-06-06 12:00:00+00:00,2252.5
2020-06-06 13:00:00+00:00,615.25
2020-06-06 14:00:00+00:00,705.0
2020-06-06 15:00:00+00:00,862.5
2020-06-06 16:00:00+00:00,1810.5
2020-06-06 17:00:00+00:00,711.75
2020-06-06 18:00:00+00:00,434.75
2020-06-06 19:00:00+00:00,648.75
2020-06-06 20:00:00+00:00,692.0
2020-06-06 21:00:00+00:00,523.5
2020-06-06 22:00:00+00:00,407.25
2020-06-06 23:00:00+00:00,370.5
2020-06-07 00:00:00+00:00,408.25
2020-06-07 01:00:00+00:00,366.0
2020-06-07 02:00:00+00:00,379.5
2020-06-07 03:00:00+00:00,516.5
2020-06-07 04:00:00+00:00,238.25
2020-06-07 05:00:00+00:00,373.0
2020-06-07 06:00:00+00:00,501.5
2020-06-07 07:00:00+00:00,560.0
2020-06-07 08:00:00+00:00,858.0
2020-06-07 09:00:00+00:00,1427.75
2020-06-07 10:00:00+00:00,1721.75
2020-06-07 11:00:00+00:00,704.75
2020-06-07 12:00:00+00:00,1397.0
2020-06-07 13:00:00+00:00,1902.5
2020-06-07 14:00:00+00:00,4973.5
2020-06-07 15:00:00+00:00,4075.75
2020-06-07 16:00:00+00:00,2352.75
2020-06-07 17:00:00+00:00,954.0
2020-06-07 18:00:00+00:00,1109.75
2020-06-07 19:00:00+00:00,1225.75
2020-06-07 20:00:00+00:00,765.0
2020-06-07 21:00:00+00:00,434.25
2020-06-07 22:00:00+00:00,389.5
2020-06-07 23:00:00+00:00,380.75
2020-06-08 00:00:00+00:00,398.5
2020-06-08 01:00:00+00:00,362.5
2020-06-08 02:00:00+00:00,399.5
2020-06-08 03:00:00+00:00,641.0
2020-06-08 04:00:00+00:00,474.75
2020-06-08 05:00:00+00:00,392.25
2020-06-08 06:00:00+00:00,391.75
2020-06-08 07:00:00+00:00,1270.25
2020-06-08 08:00:00+00:00,716.5
2020-06-08 09:00:00+00:00,1112.5
2020-06-08 10:00:00+00:00,1027.25
2020-06-08 11:00:00+00:00,1274.0
2020-06-08 12:00:00+00:00,808.75
2020-06-08 13:00:00+00:00,336.25
2020-06-08 14:00:00+00:00,382.5
2020-06-08 15:00:00+00:00,305.25
2020-06-08 16:00:00+00:00,537.75
2020-06-08 17:00:00+00:00,679.75
2020-06-08 18:00:00+00:00,806.75
2020-06-08 19:00:00+00:00,609.25
2020-06-08 20:00:00+00:00,710.25
2020-06-08 21:00:00+00:00,522.0
2020-06-08 22:00:00+00:00,401.25
2020-06-08 23:00:00+00:00,342.75
2020-06-09 00:00:00+00:00,374.75
2020-06-09 01:00:00+00:00,377.0
2020-06-09 02:00:00+00:00,350.0
2020-06-09 03:00:00+00:00,858.0
2020-06-09 04:00:00+00:00,300.5
2020-06-09 05:00:00+00:00,376.5
2020-06-09 06:00:00+00:00,436.0
2020-06-09 07:00:00+00:00,420.25
2020-06-09 08:00:00+00:00,488.5
2020-06-09 09:00:00+00:00,391.75
2020-06-09 10:00:00+00:00,577.5
2020-06-09 11:00:00+00:00,606.5
2020-06-09 12:00:00+00:00,413.75
2020-06-09 13:00:00+00:00,461.75
2020-06-09 14:00:00+00:00,421.5
2020-06-09 15:00:00+00:00,401.0
2020-06-09 16:00:00+00:00,715.25
2020-06-09 17:00:00+00:00,414.0
2020-06-09 18:00:00+00:00,900.25
2020-06-09 19:00:00+00:00,889.0
2020-06-09 20:00:00+00:00,559.25
2020-06-09 21:00:00+00:00,529.25
2020-06-09 22:00:00+00:00,371.5
2020-06-09 23:00:00+00:00,372.75
2020-06-10 00:00:00+00:00,346.75
2020-06-10 01:00:00+00:00,392.0
2020-06-10 02:00:00+00:00,529.25
2020-06-10 03:00:00+00:00,688.75
2020-06-10 04:00:00+00:00,326.0
2020-06-10 05:00:00+00:00,323.5
2020-06-10 06:00:00+00:00,1201.75
2020-06-10 07:00:00+00:00,418.75
2020-06-10 08:00:00+00:00,380.25
2020-06-10 09:00:00+00:00,349.0
2020-06-10 10:00:00+00:00,390.25
2020-06-10 11:00:00+00:00,384.75
2020-06-10 12:00:00+00:00,361.5
2020-06-10 13:00:00+00:00,450.25
2020-06-10 14:00:00+00:00,442.0
2020-06-10 15:00:00+00:00,450.25
2020-06-10 16:00:00+00:00,449.75
2020-06-10 17:00:00+00:00,352.75
2020-06-10 18:00:00+00:00,1139.25
2020-06-10 19:00:00+00:00,1069.0
2020-06-10 20:00:00+00:00,600.5
2020-06-10 21:00:00+00:00,428.75
2020-06-10 22:00:00+00:00,376.25
2020-06-10 23:00:00+00:00,400.25
2020-06-11 00:00:00+00:00,336.5
2020-06-11 01:00:00+00:00,310.5
2020-06-11 02:00:00+00:00,249.5
2020-06-11 03:00:00+00:00,424.25
2020-06-11 04:00:00+00:00,242.25
2020-06-11 05:00:00+00:00,272.0
2020-06-11 06:00:00+00:00,513.5
2020-06-11 07:00:00+00:00,574.5
2020-06-11 08:00:00+00:00,1230.5
2020-06-11 09:00:00+00:00,619.5
2020-06-11 10:00:00+00:00,2062.25
2020-06-11 11:00:00+00:00,1482.25
2020-06-11 12:00:00+00:00,900.0
2020-06-11 13:00:00+00:00,495.5
2020-06-11 14:00:00+00:00,428.25
2020-06-11 15:00:00+00:00,345.75
2020-06-11 16:00:00+00:00,474.25
2020-06-11 17:00:00+00:00,744.0
2020-06-11 18:00:00+00:00,4778.5
2020-06-11 19:00:00+00:00,3865.75
2020-06-11 20:00:00+00:00,725.75
2020-06-11 21:00:00+00:00,421.25
2020-06-11 22:00:00+00:00,297.25
2020-06-11 23:00:00+00:00,333.5
2020-06-12 00:00:00+00:00,339.0
2020-06-12 01:00:00+00:00,381.25
2020-06-12 02:00:00+00:00,379.0
2020-06-12 03:00:00+00:00,617.0
2020-06-12 04:00:00+00:00,766.25
2020-06-12 05:00:00+00:00,368.25
2020-06-12 06:00:00+00:00,435.75
2020-06-12 07:00:00+00:00,378.75
2020-06-12 08:00:00+00:00,402.75
2020-06-12 09:00:00+00:00,589.75
2020-06-12 10:00:00+00:00,917.25
2020-06-12 11:00:00+00:00,2766.25
2020-06-12 12:00:00+00:00,598.25
2020-06-12 13:00:00+00:00,531.75
2020-06-12 14:00:00+00:00,2829.75
2020-06-12 15:00:00+00:00,1711.0
2020-06-12 16:00:00+00:00,762.0
2020-06-12 17:00:00+00:00,1014.75
2020-06-12 18:00:00+00:00,538.25
2020-06-12 19:00:00+00:00,704.25
2020-06-12 20:00:00+00:00,703.75
2020-06-12 21:00:00+00:00,418.0
2020-06-12 22:00:00+00:00,254.5
2020-06-12 23:00:00+00:00,288.5
2020-06-13 00:00:00+00:00,269.75
2020-06-13 01:00:00+00:00,264.75
2020-06-13 02:00:00+00:00,305.0
2020-06-13 03:00:00+00:00,392.0
2020-06-13 04:00:00+00:00,462.25
2020-06-13 05:00:00+00:00,250.75
2020-06-13 06:00:00+00:00,536.25
2020-06-13 07:00:00+00:00,385.75
2020-06-13 08:00:00+00:00,2168.75
2020-06-13 09:00:00+00:00,2432.0
2020-06-13 10:00:00+00:00,625.0
2020-06-13 11:00:00+00:00,572.25
2020-06-13 12:00:00+00:00,479.75
2020-06-13 13:00:00+00:00,618.5
2020-06-13 14:00:00+00:00,2617.75
2020-06-13 15:00:00+00:00,1573.75
2020-06-13 16:00:00+00:00,770.0
2020-06-13 17:00:00+00:00,682.5
2020-06-13 18:00:00+00:00,284.75
2020-06-13 19:00:00+00:00,421.25
2020-06-13 20:00:00+00:00,732.25
2020-06-13 21:00:00+00:00,863.25
2020-06-13 22:00:00+00:00,690.75
2020-06-13 23:00:00+00:00,293.0
2020-06-14 00:00:00+00:00,269.5
2020-06-14 01:00:00+00:00,292.5
2020-06-14 02:00:00+00:00,275.5
2020-06-14 03:00:00+00:00,534.25
2020-06-14 04:00:00+00:00,298.25
2020-06-14 05:00:00+00:00,331.25
2020-06-14 06:00:00+00:00,498.25
2020-06-14 07:00:00+00:00,504.75
2020-06-14 08:00:00+00:00,789.5
2020-06-14 09:00:00+00:00,2456.0
2020-06-14 10:00:00+00:00,1637.25
2020-06-14 11:00:00+00:00,2384.0
2020-06-14 12:00:00+00:00,1806.75
2020-06-14 13:00:00+00:00,793.0
2020-06-14 14:00:00+00:00,547.25
2020-06-14 15:00:00+00:00,582.75
2020-06-14 16:00:00+00:00,1029.25
2020-06-14 17:00:00+00:00,781.75
2020-06-14 18:00:00+00:00,1630.25
2020-06-14 19:00:00+00:00,728.25
2020-06-14 20:00:00+00:00,479.75
2020-06-14 21:00:00+00:00,279.0
2020-06-14 22:00:00+00:00,351.0
2020-06-14 23:00:00+00:00,280.75
2020-06-15 00:00:00+00:00,248.0
2020-06-15 01:00:00+00:00,242.75
2020-06-15 02:00:00+00:00,272.5
2020-06-15 03:00:00+00:00,927.0
2020-06-15 04:00:00+00:00,423.75
2020-06-15 05:00:00+00:00,272.25
2020-06-15 06:00:00+00:00,361.5
2020-06-15 07:00:00+00:00,281.5
2020-06-15 08:00:00+00:00,327.75
2020-06-15 09:00:00+00:00,564.75
2020-06-15 10:00:00+00:00,454.75
2020-06-15 11:00:00+00:00,383.75
2020-06-15 12:00:00+00:00,305.25
2020-06-15 13:00:00+00:00,358.5
2020-06-15 14:00:00+00:00,716.5
2020-06-15 15:00:00+00:00,625.0
2020-06-15 16:00:00+00:00,1077.5
2020-06-15 17:00:00+00:00,542.75
2020-06-15 18:00:00+00:00,817.0
2020-06-15 19:00:00+00:00,576.25
2020-06-15 20:00:00+00:00,462.0
2020-06-15 21:00:00+00:00,268.75
2020-06-15 22:00:00+00:00,288.75
2020-06-15 23:00:00+00:00,298.5
2020-06-16 00:00:00+00:00,269.75
2020-06-16 01:00:00+00:00,299.5
2020-06-16 02:00:00+00:00,436.25
2020-06-16 03:00:00+00:00,798.75
2020-06-16 04:00:00+00:00,203.5
2020-06-16 05:00:00+00:00,301.0
2020-06-16 06:00:00+00:00,361.75
2020-06-16 07:00:00+00:00,336.5
2020-06-16 08:00:00+00:00,328.5
2020-06-16 09:00:00+00:00,373.5
2020-06-16 10:00:00+00:00,495.25
2020-06-16 11:00:00+00:00,198.75
2020-06-16 12:00:00+00:00,389.0
2020-06-16 13:00:00+00:00,341.25
2020-06-16 14:00:00+00:00,411.75
2020-06-16 15:00:00+00:00,809.25
2020-06-16 16:00:00+00:00,1911.5
2020-06-16 17:00:00+00:00,1222.5
2020-06-16 18:00:00+00:00,742.0
2020-06-16 19:00:00+00:00,815.75
2020-06-16 20:00:00+00:00,863.75
2020-06-16 21:00:00+00:00,678.75
2020-06-16 22:00:00+00:00,700.5
2020-06-16 23:00:00+00:00,604.25
2020-06-17 00:00:00+00:00,623.75
2020-06-17 01:00:00+00:00,679.5
2020-06-17 02:00:00+00:00,735.25
2020-06-17 03:00:00+00:00,791.0
2020-06-17 04:00:00+00:00,1136.0
2020-06-17 05:00:00+00:00,1178.25
2020-06-17 06:00:00+00:00,713.75
2020-06-17 07:00:00+00:00,757.75
2020-06-17 08:00:00+00:00,815.0
2020-06-17 09:00:00+00:00,669.5
2020-06-17 10:00:00+00:00,866.5
2020-06-17 11:00:00+00:00,701.5
2020-06-17 12:00:00+00:00,1074.0
2020-06-17 13:00:00+00:00,251.75
2020-06-17 14:00:00+00:00,292.5
2020-06-17 15:00:00+00:00,361.25
2020-06-17 16:00:00+00:00,289.75
2020-06-17 17:00:00+00:00,366.0
2020-06-17 18:00:00+00:00,1037.5
2020-06-17 19:00:00+00:00,712.75
2020-06-17 20:00:00+00:00,726.0
2020-06-17 21:00:00+00:00,503.5
2020-06-17 22:00:00+00:00,438.75
2020-06-17 23:00:00+00:00,273.5
2020-06-18 00:00:00+00:00,300.75
2020-06-18 01:00:00+00:00,268.25
2020-06-18 02:00:00+00:00,269.0
2020-06-18 03:00:00+00:00,609.5
2020-06-18 04:00:00+00:00,242.5
2020-06-18 05:00:00+00:00,308.75
2020-06-18 06:00:00+00:00,323.5
2020-06-18 07:00:00+00:00,350.0
2020-06-18 08:00:00+00:00,464.75
2020-06-18 09:00:00+00:00,324.5
2020-06-18 10:00:00+00:00,502.0
2020-06-18 11:00:00+00:00,345.25
2020-06-18 12:00:00+00:00,475.25
2020-06-18 13:00:00+00:00,384.0
2020-06-18 14:00:00+00:00,378.75
2020-06-18 15:00:00+00:00,436.5
2020-06-18 16:00:00+00:00,391.25
2020-06-18 17:00:00+00:00,552.0
2020-06-18 18:00:00+00:00,295.5
2020-06-18 19:00:00+00:00,533.75
2020-06-18 20:00:00+00:00,613.25
2020-06-18 21:00:00+00:00,521.75
2020-06-18 22:00:00+00:00,425.25
2020-06-18 23:00:00+00:00,373.25
2020-06-19 00:00:00+00:00,409.75
2020-06-19 01:00:00+00:00,385.75
2020-06-19 02:00:00+00:00,404.0
2020-06-19 03:00:00+00:00,580.75
2020-06-19 04:00:00+00:00,648.5
2020-06-19 05:00:00+00:00,1005.25
2020-06-19 06:00:00+00:00,788.25
2020-06-19 07:00:00+00:00,1630.25
2020-06-19 08:00:00+00:00,1133.0
2020-06-19 09:00:00+00:00,935.25
2020-06-19 10:00:00+00:00,507.75
2020-06-19 11:00:00+00:00,416.25
2020-06-19 12:00:00+00:00,427.75
2020-06-19 13:00:00+00:00,386.0
2020-06-19 14:00:00+00:00,382.5
2020-06-19 15:00:00+00:00,520.5
2020-06-19 16:00:00+00:00,1365.5
2020-06-19 17:00:00+00:00,1900.5
2020-06-19 18:00:00+00:00,3277.25
2020-06-19 19:00:00+00:00,2419.75
2020-06-19 20:00:00+00:00,1342.75
2020-06-19 21:00:00+00:00,1923.0
2020-06-19 22:00:00+00:00,380.5
2020-06-19 23:00:00+00:00,262.0
2020-06-20 00:00:00+00:00,287.75
2020-06-20 01:00:00+00:00,267.75
2020-06-20 02:00:00+00:00,273.0
2020-06-20 03:00:00+00:00,502.5
2020-06-20 04:00:00+00:00,255.5
2020-06-20 05:00:00+00:00,389.75
2020-06-20 06:00:00+00:00,494.0
2020-06-20 07:00:00+00:00,711.5
2020-06-20 08:00:00+00:00,827.25
2020-06-20 09:00:00+00:00,1324.0
2020-06-20 10:00:00+00:00,874.25
2020-06-20 11:00:00+00:00,666.25
2020-06-20 12:00:00+00:00,647.5
2020-06-20 13:00:00+00:00,495.5
2020-06-20 14:00:00+00:00,484.5
2020-06-20 15:00:00+00:00,434.0
2020-06-20 16:00:00+00:00,635.75
2020-06-20 17:00:00+00:00,1687.75
2020-06-20 18:00:00+00:00,733.0
2020-06-20 19:00:00+00:00,1271.75
2020-06-20 20:00:00+00:00,852.0
2020-06-20 21:00:00+00:00,460.75
2020-06-20 22:00:00+00:00,291.5
2020-06-20 23:00:00+00:00,266.0
2020-06-21 00:00:00+00:00,284.25
2020-06-21 01:00:00+00:00,254.5
2020-06-21 02:00:00+00:00,246.5
2020-06-21 03:00:00+00:00,485.5
2020-06-21 04:00:00+00:00,264.25
2020-06-21 05:00:00+00:00,554.75
2020-06-21 06:00:00+00:00,558.25
2020-06-21 07:00:00+00:00,444.5
2020-06-21 08:00:00+00:00,1841.5
2020-06-21 09:00:00+00:00,750.25
2020-06-21 10:00:00+00:00,1759.25
2020-06-21 11:00:00+00:00,1365.5
2020-06-21 12:00:00+00:00,365.75
2020-06-21 13:00:00+00:00,566.75
2020-06-21 14:00:00+00:00,470.5
2020-06-21 15:00:00+00:00,384.75
2020-06-21 16:00:00+00:00,457.75
2020-06-21 17:00:00+00:00,676.75
2020-06-21 18:00:00+00:00,346.25
2020-06-21 19:00:00+00:00,670.75
2020-06-21 20:00:00+00:00,573.75
2020-06-21 21:00:00+00:00,315.25
2020-06-21 22:00:00+00:00,309.75
2020-06-21 23:00:00+00:00,283.5
2020-06-22 00:00:00+00:00,394.25
2020-06-22 01:00:00+00:00,393.75
2020-06-22 02:00:00+00:00,374.75
2020-06-22 03:00:00+00:00,915.25
2020-06-22 04:00:00+00:00,897.5
2020-06-22 05:00:00+00:00,394.75
2020-06-22 06:00:00+00:00,386.0
2020-06-22 07:00:00+00:00,370.0
2020-06-22 08:00:00+00:00,433.5
2020-06-22 09:00:00+00:00,1029.0
2020-06-22 10:00:00+00:00,607.0
2020-06-22 11:00:00+00:00,619.25
2020-06-22 12:00:00+00:00,559.75
2020-06-22 13:00:00+00:00,383.0
2020-06-22 14:00:00+00:00,440.0
2020-06-22 15:00:00+00:00,349.75
2020-06-22 16:00:00+00:00,1115.5
2020-06-22 17:00:00+00:00,2063.0
2020-06-22 18:00:00+00:00,596.0
2020-06-22 19:00:00+00:00,586.75
2020-06-22 20:00:00+00:00,484.75
2020-06-22 21:00:00+00:00,1028.25
2020-06-22 22:00:00+00:00,459.25
2020-06-22 23:00:00+00:00,264.5
2020-06-23 00:00:00+00:00,298.5
2020-06-23 01:00:00+00:00,286.5
2020-06-23 02:00:00+00:00,261.0
2020-06-23 03:00:00+00:00,662.25
2020-06-23 04:00:00+00:00,334.0
2020-06-23 05:00:00+00:00,381.25
2020-06-23 06:00:00+00:00,343.75
2020-06-23 07:00:00+00:00,400.25
2020-06-23 08:00:00+00:00,357.0
2020-06-23 09:00:00+00:00,609.25
2020-06-23 10:00:00+00:00,911.0
2020-06-23 11:00:00+00:00,514.0
2020-06-23 12:00:00+00:00,528.5
2020-06-23 13:00:00+00:00,431.0
2020-06-23 14:00:00+00:00,448.0
2020-06-23 15:00:00+00:00,582.25
2020-06-23 16:00:00+00:00,2741.25
2020-06-23 17:00:00+00:00,2072.0
2020-06-23 18:00:00+00:00,1237.25
2020-06-23 19:00:00+00:00,704.25
2020-06-23 20:00:00+00:00,961.0
2020-06-23 21:00:00+00:00,298.25
2020-06-23 22:00:00+00:00,266.0
2020-06-23 23:00:00+00:00,416.25
2020-06-24 00:00:00+00:00,341.5
2020-06-24 01:00:00+00:00,382.75
2020-06-24 02:00:00+00:00,380.5
2020-06-24 03:00:00+00:00,617.25
2020-06-24 04:00:00+00:00,400.0
2020-06-24 05:00:00+00:00,377.25
2020-06-24 06:00:00+00:00,998.25
2020-06-24 07:00:00+00:00,1296.75
2020-06-24 08:00:00+00:00,572.0
2020-06-24 09:00:00+00:00,482.75
2020-06-24 10:00:00+00:00,1069.25
2020-06-24 11:00:00+00:00,839.0
2020-06-24 12:00:00+00:00,787.5
2020-06-24 13:00:00+00:00,509.5
2020-06-24 14:00:00+00:00,426.5
2020-06-24 15:00:00+00:00,810.25
2020-06-24 16:00:00+00:00,862.75
2020-06-24 17:00:00+00:00,1282.75
2020-06-24 18:00:00+00:00,568.25
2020-06-24 19:00:00+00:00,845.5
2020-06-24 20:00:00+00:00,1134.25
2020-06-24 21:00:00+00:00,450.25
2020-06-24 22:00:00+00:00,321.5
2020-06-24 23:00:00+00:00,307.5
2020-06-25 00:00:00+00:00,278.75
2020-06-25 01:00:00+00:00,278.5
2020-06-25 02:00:00+00:00,364.5
2020-06-25 03:00:00+00:00,626.75
2020-06-25 04:00:00+00:00,313.0
2020-06-25 05:00:00+00:00,405.0
2020-06-25 06:00:00+00:00,1196.25
2020-06-25 07:00:00+00:00,409.5
2020-06-25 08:00:00+00:00,394.5
2020-06-25 09:00:00+00:00,1931.5
2020-06-25 10:00:00+00:00,676.0
2020-06-25 11:00:00+00:00,1117.0
2020-06-25 12:00:00+00:00,435.5
2020-06-25 13:00:00+00:00,759.0
2020-06-25 14:00:00+00:00,511.5
2020-06-25 15:00:00+00:00,461.25
2020-06-25 16:00:00+00:00,526.25
2020-06-25 17:00:00+00:00,745.75
2020-06-25 18:00:00+00:00,409.5
2020-06-25 19:00:00+00:00,504.5
2020-06-25 20:00:00+00:00,444.0
2020-06-25 21:00:00+00:00,338.75
2020-06-25 22:00:00+00:00,329.25
2020-06-25 23:00:00+00:00,316.5
2020-06-26 00:00:00+00:00,322.0
2020-06-26 01:00:00+00:00,375.25
2020-06-26 02:00:00+00:00,392.25
2020-06-26 03:00:00+00:00,606.5
2020-06-26 04:00:00+00:00,390.75
2020-06-26 05:00:00+00:00,352.25
2020-06-26 06:00:00+00:00,425.5
2020-06-26 07:00:00+00:00,399.0
2020-06-26 08:00:00+00:00,430.5
2020-06-26 09:00:00+00:00,498.0
2020-06-26 10:00:00+00:00,579.5
2020-06-26 11:00:00+00:00,532.0
2020-06-26 12:00:00+00:00,349.5
2020-06-26 13:00:00+00:00,534.5
2020-06-26 14:00:00+00:00,544.25
2020-06-26 15:00:00+00:00,492.0
2020-06-26 16:00:00+00:00,476.75
2020-06-26 17:00:00+00:00,576.75
2020-06-26 18:00:00+00:00,382.0
2020-06-26 19:00:00+00:00,1321.0
2020-06-26 20:00:00+00:00,751.0
2020-06-26 21:00:00+00:00,504.0
2020-06-26 22:00:00+00:00,316.5
2020-06-26 23:00:00+00:00,301.0
2020-06-27 00:00:00+00:00,266.0
2020-06-27 01:00:00+00:00,317.5
2020-06-27 02:00:00+00:00,274.5
2020-06-27 03:00:00+00:00,478.75
2020-06-27 04:00:00+00:00,291.5
2020-06-27 05:00:00+00:00,383.25
2020-06-27 06:00:00+00:00,571.75
2020-06-27 07:00:00+00:00,1095.75
2020-06-27 08:00:00+00:00,609.5
2020-06-27 09:00:00+00:00,578.5
2020-06-27 10:00:00+00:00,1482.75
2020-06-27 11:00:00+00:00,1216.5
2020-06-27 12:00:00+00:00,1349.5
2020-06-27 13:00:00+00:00,1071.0
2020-06-27 14:00:00+00:00,373.0
2020-06-27 15:00:00+00:00,1345.25
2020-06-27 16:00:00+00:00,1026.75
2020-06-27 17:00:00+00:00,1173.25
2020-06-27 18:00:00+00:00,1752.5
2020-06-27 19:00:00+00:00,1749.25
2020-06-27 20:00:00+00:00,571.5
2020-06-27 21:00:00+00:00,460.75
2020-06-27 22:00:00+00:00,408.25
2020-06-27 23:00:00+00:00,340.25
2020-06-28 00:00:00+00:00,299.5
2020-06-28 01:00:00+00:00,271.0
2020-06-28 02:00:00+00:00,314.0
2020-06-28 03:00:00+00:00,393.25
2020-06-28 04:00:00+00:00,362.5
2020-06-28 05:00:00+00:00,393.5
2020-06-28 06:00:00+00:00,943.5
2020-06-28 07:00:00+00:00,318.75
2020-06-28 08:00:00+00:00,360.25
2020-06-28 09:00:00+00:00,491.0
2020-06-28 10:00:00+00:00,667.0
2020-06-28 11:00:00+00:00,446.75
2020-06-28 12:00:00+00:00,452.75
2020-06-28 13:00:00+00:00,854.0
2020-06-28 14:00:00+00:00,1566.75
2020-06-28 15:00:00+00:00,870.25
2020-06-28 16:00:00+00:00,335.25
2020-06-28 17:00:00+00:00,851.0
2020-06-28 18:00:00+00:00,634.75
2020-06-28 19:00:00+00:00,1504.0
2020-06-28 20:00:00+00:00,552.5
2020-06-28 21:00:00+00:00,528.25
2020-06-28 22:00:00+00:00,416.75
2020-06-28 23:00:00+00:00,287.5
2020-06-29 00:00:00+00:00,297.5
2020-06-29 01:00:00+00:00,297.25
2020-06-29 02:00:00+00:00,240.66666666666666
2020-06-29 03:00:00+00:00,506.25
2020-06-29 04:00:00+00:00,292.25
2020-06-29 05:00:00+00:00,227.25
2020-06-29 06:00:00+00:00,464.25
2020-06-29 07:00:00+00:00,1102.5
2020-06-29 08:00:00+00:00,682.5
2020-06-29 09:00:00+00:00,508.25
2020-06-29 10:00:00+00:00,1012.5
2020-06-29 11:00:00+00:00,1467.25
2020-06-29 12:00:00+00:00,1015.25
2020-06-29 13:00:00+00:00,701.5
2020-06-29 14:00:00+00:00,524.0
2020-06-29 15:00:00+00:00,848.5
2020-06-29 16:00:00+00:00,475.75
2020-06-29 17:00:00+00:00,651.0
2020-06-29 18:00:00+00:00,426.0
2020-06-29 19:00:00+00:00,761.5
2020-06-29 20:00:00+00:00,1008.0
2020-06-29 21:00:00+00:00,610.0
2020-06-29 22:00:00+00:00,417.25
2020-06-29 23:00:00+00:00,274.25
2020-06-30 00:00:00+00:00,388.5
2020-06-30 01:00:00+00:00,384.5
2020-06-30 02:00:00+00:00,442.75
2020-06-30 03:00:00+00:00,528.75
2020-06-30 04:00:00+00:00,318.5
2020-06-30 05:00:00+00:00,385.0
2020-06-30 06:00:00+00:00,471.5
2020-06-30 07:00:00+00:00,520.25
2020-06-30 08:00:00+00:00,467.0
2020-06-30 09:00:00+00:00,460.5
2020-06-30 10:00:00+00:00,618.25
2020-06-30 11:00:00+00:00,446.25
2020-06-30 12:00:00+00:00,587.75
2020-06-30 13:00:00+00:00,1412.0
2020-06-30 14:00:00+00:00,1172.75
2020-06-30 15:00:00+00:00,1177.0
2020-06-30 16:00:00+00:00,1051.25
2020-06-30 17:00:00+00:00,501.25
2020-06-30 18:00:00+00:00,380.75
2020-06-30 19:00:00+00:00,527.0
2020-06-30 20:00:00+00:00,815.25
2020-06-30 21:00:00+00:00,516.5
2020-06-30 22:00:00+00:00,285.25
2020-06-30 23:00:00+00:00,267.75
2020-07-01 00:00:00+00:00,369.25
2020-07-01 01:00:00+00:00,386.25
2020-07-01 02:00:00+00:00,412.5
2020-07-01 03:00:00+00:00,442.5
2020-07-01 04:00:00+00:00,412.25
2020-07-01 05:00:00+00:00,394.0
2020-07-01 06:00:00+00:00,650.75
2020-07-01 07:00:00+00:00,1516.0
2020-07-01 08:00:00+00:00,1073.5
2020-07-01 09:00:00+00:00,503.5
2020-07-01 10:00:00+00:00,831.25
2020-07-01 11:00:00+00:00,791.25
2020-07-01 12:00:00+00:00,1135.0
2020-07-01 13:00:00+00:00,948.25
2020-07-01 14:00:00+00:00,754.5
2020-07-01 15:00:00+00:00,627.75
2020-07-01 16:00:00+00:00,366.0
2020-07-01 17:00:00+00:00,488.25
2020-07-01 18:00:00+00:00,207.25
2020-07-01 19:00:00+00:00,398.75
2020-07-01 20:00:00+00:00,564.0
2020-07-01 21:00:00+00:00,706.75
2020-07-01 22:00:00+00:00,505.0
2020-07-01 23:00:00+00:00,287.5
2020-07-02 00:00:00+00:00,283.75
2020-07-02 01:00:00+00:00,282.75
2020-07-02 02:00:00+00:00,355.0
2020-07-02 03:00:00+00:00,451.5
2020-07-02 04:00:00+00:00,385.0
2020-07-02 05:00:00+00:00,384.5
2020-07-02 06:00:00+00:00,605.0
2020-07-02 07:00:00+00:00,1685.0
2020-07-02 08:00:00+00:00,595.5
2020-07-02 09:00:00+00:00,2275.0
2020-07-02 10:00:00+00:00,1240.25
2020-07-02 11:00:00+00:00,526.75
2020-07-02 12:00:00+00:00,1255.75
2020-07-02 13:00:00+00:00,1941.5
2020-07-02 14:00:00+00:00,482.0
2020-07-02 15:00:00+00:00,386.5
2020-07-02 16:00:00+00:00,429.75
2020-07-02 17:00:00+00:00,547.25
2020-07-02 18:00:00+00:00,545.5
2020-07-02 19:00:00+00:00,877.5
2020-07-02 20:00:00+00:00,491.5
2020-07-02 21:00:00+00:00,562.0
2020-07-02 22:00:00+00:00,287.75
2020-07-02 23:00:00+00:00,270.75
2020-07-03 00:00:00+00:00,269.5
2020-07-03 01:00:00+00:00,274.5
2020-07-03 02:00:00+00:00,369.75
2020-07-03 03:00:00+00:00,451.75
2020-07-03 04:00:00+00:00,486.5
2020-07-03 05:00:00+00:00,386.25
2020-07-03 06:00:00+00:00,450.0
2020-07-03 07:00:00+00:00,507.25
2020-07-03 08:00:00+00:00,412.0
2020-07-03 09:00:00+00:00,1024.0
2020-07-03 10:00:00+00:00,1152.5
2020-07-03 11:00:00+00:00,1571.0
2020-07-03 12:00:00+00:00,1222.5
2020-07-03 13:00:00+00:00,517.25
2020-07-03 14:00:00+00:00,484.5
2020-07-03 15:00:00+00:00,503.75
2020-07-03 16:00:00+00:00,1439.5
2020-07-03 17:00:00+00:00,739.25
2020-07-03 18:00:00+00:00,325.5
2020-07-03 19:00:00+00:00,1011.25
2020-07-03 20:00:00+00:00,1135.0
2020-07-03 21:00:00+00:00,544.25
2020-07-03 22:00:00+00:00,343.5
2020-07-03 23:00:00+00:00,359.25
2020-07-04 00:00:00+00:00,360.5
2020-07-04 01:00:00+00:00,383.0
2020-07-04 02:00:00+00:00,412.25
2020-07-04 03:00:00+00:00,466.0
2020-07-04 04:00:00+00:00,445.25
2020-07-04 05:00:00+00:00,431.25
2020-07-04 06:00:00+00:00,445.5
2020-07-04 07:00:00+00:00,513.0
2020-07-04 08:00:00+00:00,571.75
2020-07-04 09:00:00+00:00,988.25
2020-07-04 10:00:00+00:00,811.5
2020-07-04 11:00:00+00:00,998.25
2020-07-04 12:00:00+00:00,732.25
2020-07-04 13:00:00+00:00,406.75
2020-07-04 14:00:00+00:00,527.5
2020-07-04 15:00:00+00:00,374.75
2020-07-04 16:00:00+00:00,504.0
2020-07-04 17:00:00+00:00,994.5
2020-07-04 18:00:00+00:00,700.5
2020-07-04 19:00:00+00:00,747.0
2020-07-04 20:00:00+00:00,543.25
2020-07-04 21:00:00+00:00,473.75
2020-07-04 22:00:00+00:00,339.25
2020-07-04 23:00:00+00:00,301.0
2020-07-05 00:00:00+00:00,360.75
2020-07-05 01:00:00+00:00,334.75
2020-07-05 02:00:00+00:00,376.0
2020-07-05 03:00:00+00:00,424.25
2020-07-05 04:00:00+00:00,275.75
2020-07-05 05:00:00+00:00,363.5
2020-07-05 06:00:00+00:00,361.25
2020-07-05 07:00:00+00:00,445.0
2020-07-05 08:00:00+00:00,319.75
2020-07-05 09:00:00+00:00,881.0
2020-07-05 10:00:00+00:00,823.25
2020-07-05 11:00:00+00:00,1044.0
2020-07-05 12:00:00+00:00,851.25
2020-07-05 13:00:00+00:00,1720.5
2020-07-05 14:00:00+00:00,1069.25
2020-07-05 15:00:00+00:00,747.75
2020-07-05 16:00:00+00:00,1080.0
2020-07-05 17:00:00+00:00,973.75
2020-07-05 18:00:00+00:00,372.5
2020-07-05 19:00:00+00:00,1271.0
2020-07-05 20:00:00+00:00,599.75
2020-07-05 21:00:00+00:00,571.25
2020-07-05 22:00:00+00:00,302.0
2020-07-05 23:00:00+00:00,302.75
2020-07-06 00:00:00+00:00,279.5
2020-07-06 01:00:00+00:00,276.75
2020-07-06 02:00:00+00:00,329.75
2020-07-06 03:00:00+00:00,550.25
2020-07-06 04:00:00+00:00,295.25
2020-07-06 05:00:00+00:00,216.75
2020-07-06 06:00:00+00:00,403.25
2020-07-06 07:00:00+00:00,613.0
2020-07-06 08:00:00+00:00,1416.0
2020-07-06 09:00:00+00:00,958.75
2020-07-06 10:00:00+00:00,1765.0
2020-07-06 11:00:00+00:00,679.25
2020-07-06 12:00:00+00:00,670.25
2020-07-06 13:00:00+00:00,577.5
2020-07-06 14:00:00+00:00,515.75
2020-07-06 15:00:00+00:00,399.5
2020-07-06 16:00:00+00:00,800.0
2020-07-06 17:00:00+00:00,625.25
2020-07-06 18:00:00+00:00,565.75
2020-07-06 19:00:00+00:00,486.0
2020-07-06 20:00:00+00:00,1051.0
2020-07-06 21:00:00+00:00,335.5
2020-07-06 22:00:00+00:00,339.25
2020-07-06 23:00:00+00:00,376.5
2020-07-07 00:00:00+00:00,388.0
2020-07-07 01:00:00+00:00,389.0
2020-07-07 02:00:00+00:00,381.25
2020-07-07 03:00:00+00:00,430.5
2020-07-07 04:00:00+00:00,411.5
2020-07-07 05:00:00+00:00,451.5
2020-07-07 06:00:00+00:00,547.5
2020-07-07 07:00:00+00:00,404.0
2020-07-07 08:00:00+00:00,916.0
2020-07-07 09:00:00+00:00,1334.0
2020-07-07 10:00:00+00:00,825.5
2020-07-07 11:00:00+00:00,520.0
2020-07-07 12:00:00+00:00,417.25
2020-07-07 13:00:00+00:00,423.25
2020-07-07 14:00:00+00:00,433.5
2020-07-07 15:00:00+00:00,659.0
2020-07-07 16:00:00+00:00,1072.75
2020-07-07 17:00:00+00:00,1278.25
2020-07-07 18:00:00+00:00,1118.0
2020-07-07 19:00:00+00:00,1112.75
2020-07-07 20:00:00+00:00,830.25
2020-07-07 21:00:00+00:00,742.25
2020-07-07 22:00:00+00:00,569.75
2020-07-07 23:00:00+00:00,434.75
2020-07-08 00:00:00+00:00,382.25
2020-07-08 01:00:00+00:00,372.5
2020-07-08 02:00:00+00:00,361.25
2020-07-08 03:00:00+00:00,463.0
2020-07-08 04:00:00+00:00,338.25
2020-07-08 05:00:00+00:00,402.75
2020-07-08 06:00:00+00:00,378.75
2020-07-08 07:00:00+00:00,485.75
2020-07-08 08:00:00+00:00,810.5
2020-07-08 09:00:00+00:00,380.75
2020-07-08 10:00:00+00:00,747.5
2020-07-08 11:00:00+00:00,390.0
2020-07-08 12:00:00+00:00,1012.25
2020-07-08 13:00:00+00:00,918.0
2020-07-08 14:00:00+00:00,659.75
2020-07-08 15:00:00+00:00,432.25
2020-07-08 16:00:00+00:00,498.25
2020-07-08 17:00:00+00:00,908.25
2020-07-08 18:00:00+00:00,937.75
2020-07-08 19:00:00+00:00,719.5
2020-07-08 20:00:00+00:00,542.5
2020-07-08 21:00:00+00:00,375.0
2020-07-08 22:00:00+00:00,286.5
2020-07-08 23:00:00+00:00,285.75
2020-07-09 00:00:00+00:00,272.25
2020-07-09 01:00:00+00:00,272.0
2020-07-09 02:00:00+00:00,306.5
2020-07-09 03:00:00+00:00,452.0
2020-07-09 04:00:00+00:00,386.75
2020-07-09 05:00:00+00:00,384.0
2020-07-09 06:00:00+00:00,413.0
2020-07-09 07:00:00+00:00,552.25
2020-07-09 08:00:00+00:00,350.0
2020-07-09 09:00:00+00:00,223.0
2020-07-09 10:00:00+00:00,681.75
2020-07-09 11:00:00+00:00,433.25
2020-07-09 12:00:00+00:00,455.25
2020-07-09 13:00:00+00:00,25.75
2020-07-09 14:00:00+00:00,403.0
2020-07-09 15:00:00+00:00,462.0
2020-07-09 16:00:00+00:00,351.0
2020-07-09 17:00:00+00:00,444.0
2020-07-09 18:00:00+00:00,499.75
2020-07-09 19:00:00+00:00,619.75
2020-07-09 20:00:00+00:00,597.0
2020-07-09 21:00:00+00:00,473.5
2020-07-09 22:00:00+00:00,337.25
2020-07-09 23:00:00+00:00,285.75
2020-07-10 00:00:00+00:00,277.0
2020-07-10 01:00:00+00:00,283.0
2020-07-10 02:00:00+00:00,314.5
2020-07-10 03:00:00+00:00,480.0
2020-07-10 04:00:00+00:00,384.5
2020-07-10 05:00:00+00:00,329.5
2020-07-10 06:00:00+00:00,342.75
2020-07-10 07:00:00+00:00,705.75
2020-07-10 08:00:00+00:00,733.5
2020-07-10 09:00:00+00:00,654.5
2020-07-10 10:00:00+00:00,675.75
2020-07-10 11:00:00+00:00,1084.25
2020-07-10 12:00:00+00:00,495.25
2020-07-10 13:00:00+00:00,381.25
2020-07-10 14:00:00+00:00,346.25
2020-07-10 15:00:00+00:00,456.0
2020-07-10 16:00:00+00:00,638.0
2020-07-10 17:00:00+00:00,800.25
2020-07-10 18:00:00+00:00,423.0
2020-07-10 19:00:00+00:00,598.75
2020-07-10 20:00:00+00:00,692.25
2020-07-10 21:00:00+00:00,449.0
2020-07-10 22:00:00+00:00,288.75
2020-07-10 23:00:00+00:00,327.0
2020-07-11 00:00:00+00:00,290.25
2020-07-11 01:00:00+00:00,272.5
2020-07-11 02:00:00+00:00,305.75
2020-07-11 03:00:00+00:00,489.5
2020-07-11 04:00:00+00:00,273.5
2020-07-11 05:00:00+00:00,538.25
2020-07-11 06:00:00+00:00,361.0
2020-07-11 07:00:00+00:00,565.0
2020-07-11 08:00:00+00:00,255.5
2020-07-11 09:00:00+00:00,449.25
2020-07-11 10:00:00+00:00,1895.25
2020-07-11 11:00:00+00:00,1266.25
2020-07-11 12:00:00+00:00,1088.0
2020-07-11 13:00:00+00:00,1069.0
2020-07-11 14:00:00+00:00,698.25
2020-07-11 15:00:00+00:00,746.0
2020-07-11 16:00:00+00:00,570.25
2020-07-11 17:00:00+00:00,824.25
2020-07-11 18:00:00+00:00,1831.25
2020-07-11 19:00:00+00:00,1522.5
2020-07-11 20:00:00+00:00,1719.75
2020-07-11 21:00:00+00:00,576.0
2020-07-11 22:00:00+00:00,519.5
2020-07-11 23:00:00+00:00,325.75
2020-07-12 00:00:00+00:00,349.5
2020-07-12 01:00:00+00:00,368.5
2020-07-12 02:00:00+00:00,387.5
2020-07-12 03:00:00+00:00,406.5
2020-07-12 04:00:00+00:00,324.5
2020-07-12 05:00:00+00:00,409.25
2020-07-12 06:00:00+00:00,523.5
2020-07-12 07:00:00+00:00,1573.25
2020-07-12 08:00:00+00:00,1076.0
2020-07-12 09:00:00+00:00,963.75
2020-07-12 10:00:00+00:00,2259.0
2020-07-12 11:00:00+00:00,649.0
2020-07-12 12:00:00+00:00,903.0
2020-07-12 13:00:00+00:00,867.25
2020-07-12 14:00:00+00:00,392.25
2020-07-12 15:00:00+00:00,317.25
2020-07-12 16:00:00+00:00,740.5
2020-07-12 17:00:00+00:00,1385.75
2020-07-12 18:00:00+00:00,974.5
2020-07-12 19:00:00+00:00,1468.75
2020-07-12 20:00:00+00:00,706.5
2020-07-12 21:00:00+00:00,329.5
2020-07-12 22:00:00+00:00,369.25
2020-07-12 23:00:00+00:00,371.75
2020-07-13 00:00:00+00:00,413.0
2020-07-13 01:00:00+00:00,546.5
2020-07-13 02:00:00+00:00,469.25
2020-07-13 03:00:00+00:00,400.25
2020-07-13 04:00:00+00:00,334.0
2020-07-13 05:00:00+00:00,743.25
2020-07-13 06:00:00+00:00,328.5
2020-07-13 07:00:00+00:00,427.25
2020-07-13 08:00:00+00:00,400.0
2020-07-13 09:00:00+00:00,440.25
2020-07-13 10:00:00+00:00,922.75
2020-07-13 11:00:00+00:00,981.75
2020-07-13 12:00:00+00:00,896.5
2020-07-13 13:00:00+00:00,586.25
2020-07-13 14:00:00+00:00,510.0
2020-07-13 15:00:00+00:00,384.5
2020-07-13 16:00:00+00:00,378.5
2020-07-13 17:00:00+00:00,669.0
2020-07-13 18:00:00+00:00,533.75
2020-07-13 19:00:00+00:00,577.5
2020-07-13 20:00:00+00:00,477.75
2020-07-13 21:00:00+00:00,333.5
2020-07-13 22:00:00+00:00,310.5
2020-07-13 23:00:00+00:00,362.75
2020-07-14 00:00:00+00:00,363.0
2020-07-14 01:00:00+00:00,366.75
2020-07-14 02:00:00+00:00,403.0
2020-07-14 03:00:00+00:00,474.75
2020-07-14 04:00:00+00:00,1095.5
2020-07-14 05:00:00+00:00,1019.25
2020-07-14 06:00:00+00:00,1257.0
2020-07-14 07:00:00+00:00,688.0
2020-07-14 08:00:00+00:00,425.5
2020-07-14 09:00:00+00:00,596.0
2020-07-14 10:00:00+00:00,477.5
2020-07-14 11:00:00+00:00,460.5
2020-07-14 12:00:00+00:00,221.25
2020-07-14 13:00:00+00:00,416.5
2020-07-14 14:00:00+00:00,340.75
2020-07-14 15:00:00+00:00,366.5
2020-07-14 16:00:00+00:00,783.5
2020-07-14 17:00:00+00:00,549.25
2020-07-14 18:00:00+00:00,575.25
2020-07-14 19:00:00+00:00,762.0
2020-07-14 20:00:00+00:00,695.5
2020-07-14 21:00:00+00:00,342.0
2020-07-14 22:00:00+00:00,275.25
2020-07-14 23:00:00+00:00,265.25
2020-07-15 00:00:00+00:00,249.25
2020-07-15 01:00:00+00:00,275.25
2020-07-15 02:00:00+00:00,290.5
2020-07-15 03:00:00+00:00,478.5
2020-07-15 04:00:00+00:00,318.0
2020-07-15 05:00:00+00:00,363.25
2020-07-15 06:00:00+00:00,356.5
2020-07-15 07:00:00+00:00,397.25
2020-07-15 08:00:00+00:00,812.5
2020-07-15 09:00:00+00:00,1397.0
2020-07-15 10:00:00+00:00,1578.5
2020-07-15 11:00:00+00:00,3522.5
2020-07-15 12:00:00+00:00,1288.25
2020-07-15 13:00:00+00:00,499.0
2020-07-15 14:00:00+00:00,994.75
2020-07-15 15:00:00+00:00,458.5
2020-07-15 16:00:00+00:00,783.5
2020-07-15 17:00:00+00:00,602.75
2020-07-15 18:00:00+00:00,253.5
2020-07-15 19:00:00+00:00,1101.0
2020-07-15 20:00:00+00:00,766.5
2020-07-15 21:00:00+00:00,332.75
2020-07-15 22:00:00+00:00,388.25
2020-07-15 23:00:00+00:00,430.5
2020-07-16 00:00:00+00:00,335.25
2020-07-16 01:00:00+00:00,330.25
2020-07-16 02:00:00+00:00,345.0
2020-07-16 03:00:00+00:00,470.75
2020-07-16 04:00:00+00:00,286.0
2020-07-16 05:00:00+00:00,297.5
2020-07-16 06:00:00+00:00,474.75
2020-07-16 07:00:00+00:00,404.25
2020-07-16 08:00:00+00:00,278.25
2020-07-16 09:00:00+00:00,334.25
2020-07-16 10:00:00+00:00,616.0
2020-07-16 11:00:00+00:00,819.75
2020-07-16 12:00:00+00:00,671.75
2020-07-16 13:00:00+00:00,848.0
2020-07-16 14:00:00+00:00,374.0
2020-07-16 15:00:00+00:00,772.75
2020-07-16 16:00:00+00:00,1545.5
2020-07-16 17:00:00+00:00,1087.25
2020-07-16 18:00:00+00:00,2423.75
2020-07-16 19:00:00+00:00,1977.75
2020-07-16 20:00:00+00:00,805.5
2020-07-16 21:00:00+00:00,718.5
2020-07-16 22:00:00+00:00,553.75
2020-07-16 23:00:00+00:00,453.25
2020-07-17 00:00:00+00:00,370.75
2020-07-17 01:00:00+00:00,238.75
2020-07-17 02:00:00+00:00,234.75
2020-07-17 03:00:00+00:00,458.75
2020-07-17 04:00:00+00:00,388.25
2020-07-17 05:00:00+00:00,325.25
2020-07-17 06:00:00+00:00,420.5
2020-07-17 07:00:00+00:00,435.25
2020-07-17 08:00:00+00:00,366.5
2020-07-17 09:00:00+00:00,939.5
2020-07-17 10:00:00+00:00,699.0
2020-07-17 11:00:00+00:00,598.75
2020-07-17 12:00:00+00:00,378.75
2020-07-17 13:00:00+00:00,316.75
2020-07-17 14:00:00+00:00,415.5
2020-07-17 15:00:00+00:00,308.75
2020-07-17 16:00:00+00:00,478.0
2020-07-17 17:00:00+00:00,448.5
2020-07-17 18:00:00+00:00,520.0
2020-07-17 19:00:00+00:00,820.5
2020-07-17 20:00:00+00:00,758.75
2020-07-17 21:00:00+00:00,624.75
2020-07-17 22:00:00+00:00,292.25
2020-07-17 23:00:00+00:00,241.25
2020-07-18 00:00:00+00:00,306.25
2020-07-18 01:00:00+00:00,353.0
2020-07-18 02:00:00+00:00,346.0
2020-07-18 03:00:00+00:00,491.0
2020-07-18 04:00:00+00:00,288.75
2020-07-18 05:00:00+00:00,346.75
2020-07-18 06:00:00+00:00,344.5
2020-07-18 07:00:00+00:00,570.25
2020-07-18 08:00:00+00:00,425.25
2020-07-18 09:00:00+00:00,413.75
2020-07-18 10:00:00+00:00,1112.5
2020-07-18 11:00:00+00:00,556.0
2020-07-18 12:00:00+00:00,429.75
2020-07-18 13:00:00+00:00,594.75
2020-07-18 14:00:00+00:00,396.5
2020-07-18 15:00:00+00:00,425.25
2020-07-18 16:00:00+00:00,355.0
2020-07-18 17:00:00+00:00,591.75
2020-07-18 18:00:00+00:00,2092.0
2020-07-18 19:00:00+00:00,2680.5
2020-07-18 20:00:00+00:00,2540.5
2020-07-18 21:00:00+00:00,1296.75
2020-07-18 22:00:00+00:00,238.0
2020-07-18 23:00:00+00:00,228.0
2020-07-19 00:00:00+00:00,252.5
2020-07-19 01:00:00+00:00,243.75
2020-07-19 02:00:00+00:00,285.75
2020-07-19 03:00:00+00:00,436.5
2020-07-19 04:00:00+00:00,275.75
2020-07-19 05:00:00+00:00,1278.25
2020-07-19 06:00:00+00:00,1054.75
2020-07-19 07:00:00+00:00,2302.75
2020-07-19 08:00:00+00:00,807.5
2020-07-19 09:00:00+00:00,444.25
2020-07-19 10:00:00+00:00,1451.0
2020-07-19 11:00:00+00:00,852.25
2020-07-19 12:00:00+00:00,566.0
2020-07-19 13:00:00+00:00,935.5
2020-07-19 14:00:00+00:00,409.0
2020-07-19 15:00:00+00:00,703.0
2020-07-19 16:00:00+00:00,407.5
2020-07-19 17:00:00+00:00,1580.5
2020-07-19 18:00:00+00:00,518.0
2020-07-19 19:00:00+00:00,654.5
2020-07-19 20:00:00+00:00,527.25
2020-07-19 21:00:00+00:00,290.0
2020-07-19 22:00:00+00:00,233.5
2020-07-19 23:00:00+00:00,227.75
2020-07-20 00:00:00+00:00,176.75
2020-07-20 01:00:00+00:00,241.25
2020-07-20 02:00:00+00:00,251.25
2020-07-20 03:00:00+00:00,798.25
2020-07-20 04:00:00+00:00,283.5
2020-07-20 05:00:00+00:00,368.0
2020-07-20 06:00:00+00:00,331.0
2020-07-20 07:00:00+00:00,352.5
2020-07-20 08:00:00+00:00,352.0
2020-07-20 09:00:00+00:00,419.5
2020-07-20 10:00:00+00:00,612.0
2020-07-20 11:00:00+00:00,419.75
2020-07-20 12:00:00+00:00,319.5
2020-07-20 13:00:00+00:00,378.0
2020-07-20 14:00:00+00:00,398.0
2020-07-20 15:00:00+00:00,866.5
2020-07-20 16:00:00+00:00,833.25
2020-07-20 17:00:00+00:00,711.5
2020-07-20 18:00:00+00:00,1197.0
2020-07-20 19:00:00+00:00,1348.5
2020-07-20 20:00:00+00:00,469.5
2020-07-20 21:00:00+00:00,243.0
2020-07-20 22:00:00+00:00,226.25
2020-07-20 23:00:00+00:00,246.0
2020-07-21 00:00:00+00:00,247.5
2020-07-21 01:00:00+00:00,244.25
2020-07-21 02:00:00+00:00,246.75
2020-07-21 03:00:00+00:00,747.0
2020-07-21 04:00:00+00:00,292.25
2020-07-21 05:00:00+00:00,379.0
2020-07-21 06:00:00+00:00,298.25
2020-07-21 07:00:00+00:00,266.0
2020-07-21 08:00:00+00:00,407.75
2020-07-21 09:00:00+00:00,424.6666666666667
2020-07-21 10:00:00+00:00,460.5
2020-07-21 11:00:00+00:00,345.75
2020-07-21 12:00:00+00:00,361.25
2020-07-21 13:00:00+00:00,307.75
2020-07-21 14:00:00+00:00,348.0
2020-07-21 15:00:00+00:00,365.25
2020-07-21 16:00:00+00:00,1240.0
2020-07-21 17:00:00+00:00,709.5
2020-07-21 18:00:00+00:00,1374.0
2020-07-21 19:00:00+00:00,1354.75
2020-07-21 20:00:00+00:00,587.25
2020-07-21 21:00:00+00:00,299.75
2020-07-21 22:00:00+00:00,280.75
2020-07-21 23:00:00+00:00,277.5
2020-07-22 00:00:00+00:00,338.5
2020-07-22 01:00:00+00:00,656.75
2020-07-22 02:00:00+00:00,1045.25
2020-07-22 03:00:00+00:00,1243.75
2020-07-22 04:00:00+00:00,658.5
2020-07-22 05:00:00+00:00,746.25
2020-07-22 06:00:00+00:00,302.5
2020-07-22 07:00:00+00:00,301.0
2020-07-22 08:00:00+00:00,244.75
2020-07-22 09:00:00+00:00,259.0
2020-07-22 10:00:00+00:00,408.25
2020-07-22 11:00:00+00:00,274.75
2020-07-22 12:00:00+00:00,429.0
2020-07-22 13:00:00+00:00,447.0
2020-07-22 14:00:00+00:00,460.75
2020-07-22 15:00:00+00:00,503.75
2020-07-22 16:00:00+00:00,481.0
2020-07-22 17:00:00+00:00,923.75
2020-07-22 18:00:00+00:00,841.5
2020-07-22 19:00:00+00:00,498.75
2020-07-22 20:00:00+00:00,742.0
2020-07-22 21:00:00+00:00,254.0
2020-07-22 22:00:00+00:00,241.25
2020-07-22 23:00:00+00:00,282.0
2020-07-23 00:00:00+00:00,314.5
2020-07-23 01:00:00+00:00,677.0
2020-07-23 02:00:00+00:00,1209.0
2020-07-23 03:00:00+00:00,1010.75
2020-07-23 04:00:00+00:00,221.5
2020-07-23 05:00:00+00:00,311.5
2020-07-23 06:00:00+00:00,234.0
2020-07-23 07:00:00+00:00,297.25
2020-07-23 08:00:00+00:00,351.75
2020-07-23 09:00:00+00:00,413.25
2020-07-23 10:00:00+00:00,601.0
2020-07-23 11:00:00+00:00,440.0
2020-07-23 12:00:00+00:00,417.25
2020-07-23 13:00:00+00:00,325.75
2020-07-23 14:00:00+00:00,391.25
2020-07-23 15:00:00+00:00,388.0
2020-07-23 16:00:00+00:00,415.75
2020-07-23 17:00:00+00:00,765.5
2020-07-23 18:00:00+00:00,545.0
2020-07-23 19:00:00+00:00,1120.75
2020-07-23 20:00:00+00:00,426.5
2020-07-23 21:00:00+00:00,257.0
2020-07-23 22:00:00+00:00,241.75
2020-07-23 23:00:00+00:00,243.75
2020-07-24 00:00:00+00:00,258.5
2020-07-24 01:00:00+00:00,693.25
2020-07-24 02:00:00+00:00,1185.25
2020-07-24 03:00:00+00:00,1139.75
2020-07-24 04:00:00+00:00,985.75
2020-07-24 05:00:00+00:00,486.75
2020-07-24 06:00:00+00:00,363.25
2020-07-24 07:00:00+00:00,370.0
2020-07-24 08:00:00+00:00,807.5
2020-07-24 09:00:00+00:00,1326.0
2020-07-24 10:00:00+00:00,1105.25
2020-07-24 11:00:00+00:00,853.25
2020-07-24 12:00:00+00:00,505.25
2020-07-24 13:00:00+00:00,374.0
2020-07-24 14:00:00+00:00,1709.25
2020-07-24 15:00:00+00:00,713.5
2020-07-24 16:00:00+00:00,428.75
2020-07-24 17:00:00+00:00,482.75
2020-07-24 18:00:00+00:00,696.25
2020-07-24 19:00:00+00:00,1194.75
2020-07-24 20:00:00+00:00,832.75
2020-07-24 21:00:00+00:00,376.0
2020-07-24 22:00:00+00:00,280.5
2020-07-24 23:00:00+00:00,257.75
2020-07-25 00:00:00+00:00,262.25
2020-07-25 01:00:00+00:00,237.5
2020-07-25 02:00:00+00:00,259.75
2020-07-25 03:00:00+00:00,435.75
2020-07-25 04:00:00+00:00,193.5
2020-07-25 05:00:00+00:00,361.25
2020-07-25 06:00:00+00:00,529.75
2020-07-25 07:00:00+00:00,450.5
2020-07-25 08:00:00+00:00,706.25
2020-07-25 09:00:00+00:00,652.75
2020-07-25 10:00:00+00:00,540.75
2020-07-25 11:00:00+00:00,529.0
2020-07-25 12:00:00+00:00,576.0
2020-07-25 13:00:00+00:00,526.25
2020-07-25 14:00:00+00:00,719.75
2020-07-25 15:00:00+00:00,884.5
2020-07-25 16:00:00+00:00,445.5
2020-07-25 17:00:00+00:00,544.5
2020-07-25 18:00:00+00:00,284.0
2020-07-25 19:00:00+00:00,833.25
2020-07-25 20:00:00+00:00,824.75
2020-07-25 21:00:00+00:00,580.25
2020-07-25 22:00:00+00:00,419.75
2020-07-25 23:00:00+00:00,237.5
2020-07-26 00:00:00+00:00,252.5
2020-07-26 01:00:00+00:00,256.5
2020-07-26 02:00:00+00:00,278.75
2020-07-26 03:00:00+00:00,404.75
2020-07-26 04:00:00+00:00,268.75
2020-07-26 05:00:00+00:00,310.5
2020-07-26 06:00:00+00:00,821.25
2020-07-26 07:00:00+00:00,461.5
2020-07-26 08:00:00+00:00,765.25
2020-07-26 09:00:00+00:00,1253.0
2020-07-26 10:00:00+00:00,1030.75
2020-07-26 11:00:00+00:00,356.25
2020-07-26 12:00:00+00:00,390.5
2020-07-26 13:00:00+00:00,378.0
2020-07-26 14:00:00+00:00,417.0
2020-07-26 15:00:00+00:00,347.0
2020-07-26 16:00:00+00:00,672.25
2020-07-26 17:00:00+00:00,1252.25
2020-07-26 18:00:00+00:00,1664.25
2020-07-26 19:00:00+00:00,550.75
2020-07-26 20:00:00+00:00,377.0
2020-07-26 21:00:00+00:00,239.75
2020-07-26 22:00:00+00:00,259.75
2020-07-26 23:00:00+00:00,257.5
2020-07-27 00:00:00+00:00,219.0
2020-07-27 01:00:00+00:00,229.5
2020-07-27 02:00:00+00:00,279.25
2020-07-27 03:00:00+00:00,768.25
2020-07-27 04:00:00+00:00,709.5
2020-07-27 05:00:00+00:00,345.0
2020-07-27 06:00:00+00:00,312.75
2020-07-27 07:00:00+00:00,308.75
2020-07-27 08:00:00+00:00,330.5
2020-07-27 09:00:00+00:00,471.75
2020-07-27 10:00:00+00:00,574.75
2020-07-27 11:00:00+00:00,273.75
2020-07-27 12:00:00+00:00,407.0
2020-07-27 13:00:00+00:00,426.75
2020-07-27 14:00:00+00:00,400.25
2020-07-27 15:00:00+00:00,672.75
2020-07-27 16:00:00+00:00,978.25
2020-07-27 17:00:00+00:00,767.0
2020-07-27 18:00:00+00:00,1117.25
2020-07-27 19:00:00+00:00,726.0
2020-07-27 20:00:00+00:00,474.0
2020-07-27 21:00:00+00:00,354.75
2020-07-27 22:00:00+00:00,338.5
2020-07-27 23:00:00+00:00,310.0
2020-07-28 00:00:00+00:00,303.75
2020-07-28 01:00:00+00:00,286.25
2020-07-28 02:00:00+00:00,464.6666666666667
2020-07-28 03:00:00+00:00,810.0
2020-07-28 04:00:00+00:00,287.25
2020-07-28 05:00:00+00:00,305.0
2020-07-28 06:00:00+00:00,314.0
2020-07-28 07:00:00+00:00,327.75
2020-07-28 08:00:00+00:00,399.0
2020-07-28 09:00:00+00:00,437.0
2020-07-28 10:00:00+00:00,416.75
2020-07-28 11:00:00+00:00,441.5
2020-07-28 12:00:00+00:00,337.5
2020-07-28 13:00:00+00:00,378.25
2020-07-28 14:00:00+00:00,421.75
2020-07-28 15:00:00+00:00,404.75
2020-07-28 16:00:00+00:00,452.5
2020-07-28 17:00:00+00:00,1419.25
2020-07-28 18:00:00+00:00,450.25
2020-07-28 19:00:00+00:00,591.25
2020-07-28 20:00:00+00:00,677.25
2020-07-28 21:00:00+00:00,373.75
2020-07-28 22:00:00+00:00,241.75
2020-07-28 23:00:00+00:00,238.5
2020-07-29 00:00:00+00:00,269.75
2020-07-29 01:00:00+00:00,250.25
2020-07-29 02:00:00+00:00,347.0
2020-07-29 03:00:00+00:00,679.5
2020-07-29 04:00:00+00:00,229.25
2020-07-29 05:00:00+00:00,405.25
2020-07-29 06:00:00+00:00,379.25
2020-07-29 07:00:00+00:00,349.25
2020-07-29 08:00:00+00:00,384.0
2020-07-29 09:00:00+00:00,449.75
2020-07-29 10:00:00+00:00,548.0
2020-07-29 11:00:00+00:00,437.25
2020-07-29 12:00:00+00:00,432.25
2020-07-29 13:00:00+00:00,374.25
2020-07-29 14:00:00+00:00,377.25
2020-07-29 15:00:00+00:00,412.75
2020-07-29 16:00:00+00:00,505.0
2020-07-29 17:00:00+00:00,925.0
2020-07-29 18:00:00+00:00,435.25
2020-07-29 19:00:00+00:00,1731.75
2020-07-29 20:00:00+00:00,515.5
2020-07-29 21:00:00+00:00,254.75
2020-07-29 22:00:00+00:00,236.75
2020-07-29 23:00:00+00:00,258.75
2020-07-30 00:00:00+00:00,308.25
2020-07-30 01:00:00+00:00,340.75
2020-07-30 02:00:00+00:00,343.5
2020-07-30 03:00:00+00:00,694.75
2020-07-30 04:00:00+00:00,264.5
2020-07-30 05:00:00+00:00,501.25
2020-07-30 06:00:00+00:00,1206.0
2020-07-30 07:00:00+00:00,1097.75
2020-07-30 08:00:00+00:00,1177.0
2020-07-30 09:00:00+00:00,2164.25
2020-07-30 10:00:00+00:00,1983.75
2020-07-30 11:00:00+00:00,1291.0
2020-07-30 12:00:00+00:00,2356.75
2020-07-30 13:00:00+00:00,513.75
2020-07-30 14:00:00+00:00,484.75
2020-07-30 15:00:00+00:00,695.75
2020-07-30 16:00:00+00:00,546.5
2020-07-30 17:00:00+00:00,721.25
2020-07-30 18:00:00+00:00,910.0
2020-07-30 19:00:00+00:00,690.75
2020-07-30 20:00:00+00:00,520.0
2020-07-30 21:00:00+00:00,308.25
2020-07-30 22:00:00+00:00,301.0
2020-07-30 23:00:00+00:00,299.0
2020-07-31 00:00:00+00:00,574.0
2020-07-31 01:00:00+00:00,1046.25
2020-07-31 02:00:00+00:00,1211.5
2020-07-31 03:00:00+00:00,1069.5
2020-07-31 04:00:00+00:00,1002.5
2020-07-31 05:00:00+00:00,566.75
2020-07-31 06:00:00+00:00,362.5
2020-07-31 07:00:00+00:00,1800.25
2020-07-31 08:00:00+00:00,889.0
2020-07-31 09:00:00+00:00,1182.75
2020-07-31 10:00:00+00:00,1581.0
2020-07-31 11:00:00+00:00,1677.5
2020-07-31 12:00:00+00:00,519.75
2020-07-31 13:00:00+00:00,949.5
2020-07-31 14:00:00+00:00,396.0
2020-07-31 15:00:00+00:00,371.75
2020-07-31 16:00:00+00:00,387.25
2020-07-31 17:00:00+00:00,540.25
2020-07-31 18:00:00+00:00,315.0
2020-07-31 19:00:00+00:00,530.75
2020-07-31 20:00:00+00:00,533.25
2020-07-31 21:00:00+00:00,314.5
2020-07-31 22:00:00+00:00,179.25
2020-07-31 23:00:00+00:00,277.5
2020-08-01 00:00:00+00:00,248.75
2020-08-01 01:00:00+00:00,232.75
2020-08-01 02:00:00+00:00,301.75
2020-08-01 03:00:00+00:00,474.25
2020-08-01 04:00:00+00:00,164.25
2020-08-01 05:00:00+00:00,289.75
2020-08-01 06:00:00+00:00,395.75
2020-08-01 07:00:00+00:00,461.25
2020-08-01 08:00:00+00:00,522.0
2020-08-01 09:00:00+00:00,608.25
2020-08-01 10:00:00+00:00,772.5
2020-08-01 11:00:00+00:00,1507.25
2020-08-01 12:00:00+00:00,825.0
2020-08-01 13:00:00+00:00,780.0
2020-08-01 14:00:00+00:00,987.25
2020-08-01 15:00:00+00:00,1580.5
2020-08-01 16:00:00+00:00,2445.0
2020-08-01 17:00:00+00:00,1213.25
2020-08-01 18:00:00+00:00,1141.75
2020-08-01 19:00:00+00:00,989.5
2020-08-01 20:00:00+00:00,477.0
2020-08-01 21:00:00+00:00,349.25
2020-08-01 22:00:00+00:00,244.5
2020-08-01 23:00:00+00:00,252.5
2020-08-02 00:00:00+00:00,211.75
2020-08-02 01:00:00+00:00,220.75
2020-08-02 02:00:00+00:00,261.75
2020-08-02 03:00:00+00:00,599.5
2020-08-02 04:00:00+00:00,420.75
2020-08-02 05:00:00+00:00,386.5
2020-08-02 06:00:00+00:00,360.75
2020-08-02 07:00:00+00:00,789.75
2020-08-02 08:00:00+00:00,669.5
2020-08-02 09:00:00+00:00,1232.25
2020-08-02 10:00:00+00:00,1152.25
2020-08-02 11:00:00+00:00,511.75
2020-08-02 12:00:00+00:00,1772.5
2020-08-02 13:00:00+00:00,1414.0
2020-08-02 14:00:00+00:00,575.0
2020-08-02 15:00:00+00:00,703.75
2020-08-02 16:00:00+00:00,331.5
2020-08-02 17:00:00+00:00,445.75
2020-08-02 18:00:00+00:00,1089.0
2020-08-02 19:00:00+00:00,930.75
2020-08-02 20:00:00+00:00,469.5
2020-08-02 21:00:00+00:00,287.25
2020-08-02 22:00:00+00:00,275.0
2020-08-02 23:00:00+00:00,270.75
2020-08-03 00:00:00+00:00,283.0
2020-08-03 01:00:00+00:00,247.25
2020-08-03 02:00:00+00:00,395.0
2020-08-03 03:00:00+00:00,702.5
2020-08-03 04:00:00+00:00,373.25
2020-08-03 05:00:00+00:00,278.25
2020-08-03 06:00:00+00:00,329.0
2020-08-03 07:00:00+00:00,295.5
2020-08-03 08:00:00+00:00,298.0
2020-08-03 09:00:00+00:00,371.0
2020-08-03 10:00:00+00:00,579.25
2020-08-03 11:00:00+00:00,331.75
2020-08-03 12:00:00+00:00,377.5
2020-08-03 13:00:00+00:00,594.0
2020-08-03 14:00:00+00:00,480.25
2020-08-03 15:00:00+00:00,339.0
2020-08-03 16:00:00+00:00,389.0
2020-08-03 17:00:00+00:00,783.5
2020-08-03 18:00:00+00:00,604.0
2020-08-03 19:00:00+00:00,1465.75
2020-08-03 20:00:00+00:00,667.5
2020-08-03 21:00:00+00:00,278.0
2020-08-03 22:00:00+00:00,203.75
2020-08-03 23:00:00+00:00,287.75
2020-08-04 00:00:00+00:00,293.0
2020-08-04 01:00:00+00:00,225.75
2020-08-04 02:00:00+00:00,372.0
2020-08-04 03:00:00+00:00,832.25
2020-08-04 04:00:00+00:00,459.0
2020-08-04 05:00:00+00:00,242.0
2020-08-04 06:00:00+00:00,358.0
2020-08-04 07:00:00+00:00,374.0
2020-08-04 08:00:00+00:00,366.75
2020-08-04 09:00:00+00:00,363.75
2020-08-04 10:00:00+00:00,455.0
2020-08-04 11:00:00+00:00,325.25
2020-08-04 12:00:00+00:00,335.5
2020-08-04 13:00:00+00:00,280.75
2020-08-04 14:00:00+00:00,268.25
2020-08-04 15:00:00+00:00,171.75
2020-08-04 16:00:00+00:00,1281.0
2020-08-04 17:00:00+00:00,1426.5
2020-08-04 18:00:00+00:00,457.25
2020-08-04 19:00:00+00:00,837.0
2020-08-04 20:00:00+00:00,425.75
2020-08-04 21:00:00+00:00,276.75
2020-08-04 22:00:00+00:00,343.5
2020-08-04 23:00:00+00:00,357.0
2020-08-05 00:00:00+00:00,342.5
2020-08-05 01:00:00+00:00,317.0
2020-08-05 02:00:00+00:00,450.75
2020-08-05 03:00:00+00:00,771.25
2020-08-05 04:00:00+00:00,376.5
2020-08-05 05:00:00+00:00,361.5
2020-08-05 06:00:00+00:00,317.75
2020-08-05 07:00:00+00:00,306.75
2020-08-05 08:00:00+00:00,339.25
2020-08-05 09:00:00+00:00,413.75
2020-08-05 10:00:00+00:00,566.25
2020-08-05 11:00:00+00:00,404.5
2020-08-05 12:00:00+00:00,359.0
2020-08-05 13:00:00+00:00,352.75
2020-08-05 14:00:00+00:00,347.0
2020-08-05 15:00:00+00:00,1259.0
2020-08-05 16:00:00+00:00,777.75
2020-08-05 17:00:00+00:00,1253.0
2020-08-05 18:00:00+00:00,1240.25
2020-08-05 19:00:00+00:00,2005.5
2020-08-05 20:00:00+00:00,595.0
2020-08-05 21:00:00+00:00,214.0
2020-08-05 22:00:00+00:00,207.75
2020-08-05 23:00:00+00:00,223.5
2020-08-06 00:00:00+00:00,312.75
2020-08-06 01:00:00+00:00,1012.5
2020-08-06 02:00:00+00:00,1066.0
2020-08-06 03:00:00+00:00,1130.5
2020-08-06 04:00:00+00:00,216.75
2020-08-06 05:00:00+00:00,367.75
2020-08-06 06:00:00+00:00,352.25
2020-08-06 07:00:00+00:00,328.5
2020-08-06 08:00:00+00:00,355.75
2020-08-06 09:00:00+00:00,395.5
2020-08-06 10:00:00+00:00,567.5
2020-08-06 11:00:00+00:00,396.5
2020-08-06 12:00:00+00:00,391.0
2020-08-06 13:00:00+00:00,377.75
2020-08-06 14:00:00+00:00,395.75
2020-08-06 15:00:00+00:00,404.5
2020-08-06 16:00:00+00:00,755.75
2020-08-06 17:00:00+00:00,981.25
2020-08-06 18:00:00+00:00,847.75
2020-08-06 19:00:00+00:00,841.5
2020-08-06 20:00:00+00:00,333.75
2020-08-06 21:00:00+00:00,248.75
2020-08-06 22:00:00+00:00,268.75
2020-08-06 23:00:00+00:00,209.25
2020-08-07 00:00:00+00:00,263.5
2020-08-07 01:00:00+00:00,232.0
2020-08-07 02:00:00+00:00,199.25
2020-08-07 03:00:00+00:00,1262.5
2020-08-07 04:00:00+00:00,1361.0
2020-08-07 05:00:00+00:00,782.0
2020-08-07 06:00:00+00:00,330.75
2020-08-07 07:00:00+00:00,335.75
2020-08-07 08:00:00+00:00,436.0
2020-08-07 09:00:00+00:00,468.0
2020-08-07 10:00:00+00:00,709.0
2020-08-07 11:00:00+00:00,464.75
2020-08-07 12:00:00+00:00,438.75
2020-08-07 13:00:00+00:00,475.75
2020-08-07 14:00:00+00:00,444.75
2020-08-07 15:00:00+00:00,590.75
2020-08-07 16:00:00+00:00,896.0
2020-08-07 17:00:00+00:00,512.5
2020-08-07 18:00:00+00:00,349.0
2020-08-07 19:00:00+00:00,307.25
2020-08-07 20:00:00+00:00,314.0
2020-08-07 21:00:00+00:00,217.75
2020-08-07 22:00:00+00:00,198.25
2020-08-07 23:00:00+00:00,255.5
2020-08-08 00:00:00+00:00,227.5
2020-08-08 01:00:00+00:00,257.5
2020-08-08 02:00:00+00:00,279.75
2020-08-08 03:00:00+00:00,437.0
2020-08-08 04:00:00+00:00,253.5
2020-08-08 05:00:00+00:00,370.5
2020-08-08 06:00:00+00:00,453.5
2020-08-08 07:00:00+00:00,334.0
2020-08-08 08:00:00+00:00,1712.5
2020-08-08 09:00:00+00:00,715.25
2020-08-08 10:00:00+00:00,1647.0
2020-08-08 11:00:00+00:00,906.5
2020-08-08 12:00:00+00:00,468.25
2020-08-08 13:00:00+00:00,555.75
2020-08-08 14:00:00+00:00,403.5
2020-08-08 15:00:00+00:00,432.0
2020-08-08 16:00:00+00:00,800.5
2020-08-08 17:00:00+00:00,1232.0
2020-08-08 18:00:00+00:00,830.75
2020-08-08 19:00:00+00:00,486.75
2020-08-08 20:00:00+00:00,510.0
2020-08-08 21:00:00+00:00,293.75
2020-08-08 22:00:00+00:00,243.75
2020-08-08 23:00:00+00:00,216.0
2020-08-09 00:00:00+00:00,473.0
2020-08-09 01:00:00+00:00,955.5
2020-08-09 02:00:00+00:00,931.5
2020-08-09 03:00:00+00:00,370.5
2020-08-09 04:00:00+00:00,184.0
2020-08-09 05:00:00+00:00,1618.25
2020-08-09 06:00:00+00:00,824.25
2020-08-09 07:00:00+00:00,1409.75
2020-08-09 08:00:00+00:00,1248.75
2020-08-09 09:00:00+00:00,1622.5
2020-08-09 10:00:00+00:00,2466.25
2020-08-09 11:00:00+00:00,558.0
2020-08-09 12:00:00+00:00,610.75
2020-08-09 13:00:00+00:00,471.75
2020-08-09 14:00:00+00:00,740.75
2020-08-09 15:00:00+00:00,835.25
2020-08-09 16:00:00+00:00,1287.25
2020-08-09 17:00:00+00:00,1404.25
2020-08-09 18:00:00+00:00,1695.5
2020-08-09 19:00:00+00:00,825.5
2020-08-09 20:00:00+00:00,479.75
2020-08-09 21:00:00+00:00,233.75
2020-08-09 22:00:00+00:00,228.5
2020-08-09 23:00:00+00:00,268.75
2020-08-10 00:00:00+00:00,361.0
2020-08-10 01:00:00+00:00,935.0
2020-08-10 02:00:00+00:00,1007.25
2020-08-10 03:00:00+00:00,1080.3333333333333
2020-08-10 04:00:00+00:00,274.25
2020-08-10 05:00:00+00:00,334.0
2020-08-10 06:00:00+00:00,374.5
2020-08-10 07:00:00+00:00,338.5
2020-08-10 08:00:00+00:00,365.5
2020-08-10 09:00:00+00:00,442.75
2020-08-10 10:00:00+00:00,562.5
2020-08-10 11:00:00+00:00,387.75
2020-08-10 12:00:00+00:00,430.75
2020-08-10 13:00:00+00:00,1729.0
2020-08-10 14:00:00+00:00,425.75
2020-08-10 15:00:00+00:00,484.75
2020-08-10 16:00:00+00:00,696.75
2020-08-10 17:00:00+00:00,657.0
2020-08-10 18:00:00+00:00,547.0
2020-08-10 19:00:00+00:00,446.0
2020-08-10 20:00:00+00:00,239.75
2020-08-10 21:00:00+00:00,214.5
2020-08-10 22:00:00+00:00,197.0
2020-08-10 23:00:00+00:00,207.0
2020-08-11 00:00:00+00:00,294.25
2020-08-11 01:00:00+00:00,991.75
2020-08-11 02:00:00+00:00,1080.75
2020-08-11 03:00:00+00:00,1386.0
2020-08-11 04:00:00+00:00,228.0
2020-08-11 05:00:00+00:00,325.75
2020-08-11 06:00:00+00:00,256.25
2020-08-11 07:00:00+00:00,323.75
2020-08-11 08:00:00+00:00,380.0
2020-08-11 09:00:00+00:00,428.0
2020-08-11 10:00:00+00:00,552.5
2020-08-11 11:00:00+00:00,385.5
2020-08-11 12:00:00+00:00,741.5
2020-08-11 13:00:00+00:00,1440.75
2020-08-11 14:00:00+00:00,501.0
2020-08-11 15:00:00+00:00,487.5
2020-08-11 16:00:00+00:00,558.75
2020-08-11 17:00:00+00:00,680.25
2020-08-11 18:00:00+00:00,1591.25
2020-08-11 19:00:00+00:00,1541.25
2020-08-11 20:00:00+00:00,1001.75
2020-08-11 21:00:00+00:00,221.0
2020-08-11 22:00:00+00:00,178.0
2020-08-11 23:00:00+00:00,202.5
2020-08-12 00:00:00+00:00,212.25
2020-08-12 01:00:00+00:00,221.75
2020-08-12 02:00:00+00:00,221.25
2020-08-12 03:00:00+00:00,792.0
2020-08-12 04:00:00+00:00,236.75
2020-08-12 05:00:00+00:00,343.75
2020-08-12 06:00:00+00:00,254.75
2020-08-12 07:00:00+00:00,291.0
2020-08-12 08:00:00+00:00,323.0
2020-08-12 09:00:00+00:00,394.25
2020-08-12 10:00:00+00:00,537.5
2020-08-12 11:00:00+00:00,737.5
2020-08-12 12:00:00+00:00,505.75
2020-08-12 13:00:00+00:00,451.75
2020-08-12 14:00:00+00:00,361.75
2020-08-12 15:00:00+00:00,371.75
2020-08-12 16:00:00+00:00,438.25
2020-08-12 17:00:00+00:00,1065.0
2020-08-12 18:00:00+00:00,541.5
2020-08-12 19:00:00+00:00,453.0
2020-08-12 20:00:00+00:00,385.75
2020-08-12 21:00:00+00:00,292.5
2020-08-12 22:00:00+00:00,220.5
2020-08-12 23:00:00+00:00,272.0
2020-08-13 00:00:00+00:00,225.75
2020-08-13 01:00:00+00:00,181.0
2020-08-13 02:00:00+00:00,204.0
2020-08-13 03:00:00+00:00,849.25
2020-08-13 04:00:00+00:00,232.5
2020-08-13 05:00:00+00:00,299.75
2020-08-13 06:00:00+00:00,253.5
2020-08-13 07:00:00+00:00,310.75
2020-08-13 08:00:00+00:00,316.75
2020-08-13 09:00:00+00:00,460.25
2020-08-13 10:00:00+00:00,463.75
2020-08-13 11:00:00+00:00,262.5
2020-08-13 12:00:00+00:00,429.25
2020-08-13 13:00:00+00:00,505.0
2020-08-13 14:00:00+00:00,469.25
2020-08-13 15:00:00+00:00,1013.0
2020-08-13 16:00:00+00:00,1051.0
2020-08-13 17:00:00+00:00,713.75
2020-08-13 18:00:00+00:00,386.75
2020-08-13 19:00:00+00:00,670.0
2020-08-13 20:00:00+00:00,397.5
2020-08-13 21:00:00+00:00,264.5
2020-08-13 22:00:00+00:00,235.25
2020-08-13 23:00:00+00:00,245.0
2020-08-14 00:00:00+00:00,274.25
2020-08-14 01:00:00+00:00,194.75
2020-08-14 02:00:00+00:00,222.25
2020-08-14 03:00:00+00:00,505.25
2020-08-14 04:00:00+00:00,233.75
2020-08-14 05:00:00+00:00,100.25
2020-08-14 06:00:00+00:00,337.0
2020-08-14 07:00:00+00:00,899.25
2020-08-14 08:00:00+00:00,1318.0
2020-08-14 09:00:00+00:00,3523.75
2020-08-14 10:00:00+00:00,1668.5
2020-08-14 11:00:00+00:00,2200.0
2020-08-14 12:00:00+00:00,1732.25
2020-08-14 13:00:00+00:00,985.5
2020-08-14 14:00:00+00:00,1706.75
2020-08-14 15:00:00+00:00,878.5
2020-08-14 16:00:00+00:00,744.0
2020-08-14 17:00:00+00:00,1650.0
2020-08-14 18:00:00+00:00,891.5
2020-08-14 19:00:00+00:00,516.0
2020-08-14 20:00:00+00:00,636.5
2020-08-14 21:00:00+00:00,768.25
2020-08-14 22:00:00+00:00,508.5
2020-08-14 23:00:00+00:00,365.25
2020-08-15 00:00:00+00:00,275.25
2020-08-15 01:00:00+00:00,256.75
2020-08-15 02:00:00+00:00,269.0
2020-08-15 03:00:00+00:00,422.75
2020-08-15 04:00:00+00:00,171.75
2020-08-15 05:00:00+00:00,265.0
2020-08-15 06:00:00+00:00,328.25
2020-08-15 07:00:00+00:00,301.5
2020-08-15 08:00:00+00:00,364.5
2020-08-15 09:00:00+00:00,546.5
2020-08-15 10:00:00+00:00,1038.25
2020-08-15 11:00:00+00:00,1020.0
2020-08-15 12:00:00+00:00,401.75
2020-08-15 13:00:00+00:00,379.5
2020-08-15 14:00:00+00:00,356.75
2020-08-15 15:00:00+00:00,375.5
2020-08-15 16:00:00+00:00,588.75
2020-08-15 17:00:00+00:00,423.25
2020-08-15 18:00:00+00:00,289.25
2020-08-15 19:00:00+00:00,446.75
2020-08-15 20:00:00+00:00,580.75
2020-08-15 21:00:00+00:00,290.5
2020-08-15 22:00:00+00:00,234.25
2020-08-15 23:00:00+00:00,243.0
2020-08-16 00:00:00+00:00,195.25
2020-08-16 01:00:00+00:00,194.0
2020-08-16 02:00:00+00:00,233.75
2020-08-16 03:00:00+00:00,433.75
2020-08-16 04:00:00+00:00,203.5
2020-08-16 05:00:00+00:00,1447.25
2020-08-16 06:00:00+00:00,713.0
2020-08-16 07:00:00+00:00,666.25
2020-08-16 08:00:00+00:00,367.25
2020-08-16 09:00:00+00:00,1859.0
2020-08-16 10:00:00+00:00,2892.0
2020-08-16 11:00:00+00:00,1957.75
2020-08-16 12:00:00+00:00,2093.75
2020-08-16 13:00:00+00:00,680.0
2020-08-16 14:00:00+00:00,382.25
2020-08-16 15:00:00+00:00,978.5
2020-08-16 16:00:00+00:00,1072.75
2020-08-16 17:00:00+00:00,912.0
2020-08-16 18:00:00+00:00,2281.0
2020-08-16 19:00:00+00:00,1643.25
2020-08-16 20:00:00+00:00,825.75
2020-08-16 21:00:00+00:00,297.25
2020-08-16 22:00:00+00:00,249.0
2020-08-16 23:00:00+00:00,179.25
2020-08-17 00:00:00+00:00,169.75
2020-08-17 01:00:00+00:00,207.75
2020-08-17 02:00:00+00:00,199.25
2020-08-17 03:00:00+00:00,819.5
2020-08-17 04:00:00+00:00,260.75
2020-08-17 05:00:00+00:00,362.5
2020-08-17 06:00:00+00:00,307.0
2020-08-17 07:00:00+00:00,282.75
2020-08-17 08:00:00+00:00,297.0
2020-08-17 09:00:00+00:00,375.5
2020-08-17 10:00:00+00:00,448.5
2020-08-17 11:00:00+00:00,434.0
2020-08-17 12:00:00+00:00,761.5
2020-08-17 13:00:00+00:00,663.0
2020-08-17 14:00:00+00:00,380.0
2020-08-17 15:00:00+00:00,503.0
2020-08-17 16:00:00+00:00,602.0
2020-08-17 17:00:00+00:00,237.5
2020-08-17 18:00:00+00:00,369.5
2020-08-17 19:00:00+00:00,1525.75
2020-08-17 20:00:00+00:00,559.25
2020-08-17 21:00:00+00:00,194.25
2020-08-17 22:00:00+00:00,200.0
2020-08-17 23:00:00+00:00,204.5
2020-08-18 00:00:00+00:00,220.75
2020-08-18 01:00:00+00:00,206.25
2020-08-18 02:00:00+00:00,178.0
2020-08-18 03:00:00+00:00,742.0
2020-08-18 04:00:00+00:00,200.25
2020-08-18 05:00:00+00:00,295.25
2020-08-18 06:00:00+00:00,358.75
2020-08-18 07:00:00+00:00,259.0
2020-08-18 08:00:00+00:00,382.25
2020-08-18 09:00:00+00:00,492.25
2020-08-18 10:00:00+00:00,553.0
2020-08-18 11:00:00+00:00,418.5
2020-08-18 12:00:00+00:00,354.25
2020-08-18 13:00:00+00:00,354.75
2020-08-18 14:00:00+00:00,243.0
2020-08-18 15:00:00+00:00,327.5
2020-08-18 16:00:00+00:00,1346.0
2020-08-18 17:00:00+00:00,473.0
2020-08-18 18:00:00+00:00,424.5
2020-08-18 19:00:00+00:00,493.0
2020-08-18 20:00:00+00:00,203.75
2020-08-18 21:00:00+00:00,193.0
2020-08-18 22:00:00+00:00,211.0
2020-08-18 23:00:00+00:00,160.25
2020-08-19 00:00:00+00:00,205.0
2020-08-19 01:00:00+00:00,244.75
2020-08-19 02:00:00+00:00,185.25
2020-08-19 03:00:00+00:00,736.0
2020-08-19 04:00:00+00:00,211.0
2020-08-19 05:00:00+00:00,295.0
2020-08-19 06:00:00+00:00,328.75
2020-08-19 07:00:00+00:00,309.25
2020-08-19 08:00:00+00:00,663.25
2020-08-19 09:00:00+00:00,893.5
2020-08-19 10:00:00+00:00,537.25
2020-08-19 11:00:00+00:00,404.25
2020-08-19 12:00:00+00:00,354.25
2020-08-19 13:00:00+00:00,479.5
2020-08-19 14:00:00+00:00,506.25
2020-08-19 15:00:00+00:00,828.0
2020-08-19 16:00:00+00:00,405.0
2020-08-19 17:00:00+00:00,474.0
2020-08-19 18:00:00+00:00,831.5
2020-08-19 19:00:00+00:00,892.5
2020-08-19 20:00:00+00:00,462.0
2020-08-19 21:00:00+00:00,236.0
2020-08-19 22:00:00+00:00,205.25
2020-08-19 23:00:00+00:00,209.75
2020-08-20 00:00:00+00:00,212.25
2020-08-20 01:00:00+00:00,201.25
2020-08-20 02:00:00+00:00,280.5
2020-08-20 03:00:00+00:00,757.0
2020-08-20 04:00:00+00:00,250.25
2020-08-20 05:00:00+00:00,347.5
2020-08-20 06:00:00+00:00,280.25
2020-08-20 07:00:00+00:00,264.25
2020-08-20 08:00:00+00:00,258.0
2020-08-20 09:00:00+00:00,315.25
2020-08-20 10:00:00+00:00,441.0
2020-08-20 11:00:00+00:00,336.25
2020-08-20 12:00:00+00:00,526.25
2020-08-20 13:00:00+00:00,405.75
2020-08-20 14:00:00+00:00,346.0
2020-08-20 15:00:00+00:00,325.75
2020-08-20 16:00:00+00:00,727.25
2020-08-20 17:00:00+00:00,406.5
2020-08-20 18:00:00+00:00,350.0
2020-08-20 19:00:00+00:00,386.5
2020-08-20 20:00:00+00:00,306.0
2020-08-20 21:00:00+00:00,195.25
2020-08-20 22:00:00+00:00,241.5
2020-08-20 23:00:00+00:00,210.0
2020-08-21 00:00:00+00:00,390.5
2020-08-21 01:00:00+00:00,976.0
2020-08-21 02:00:00+00:00,942.25
2020-08-21 03:00:00+00:00,1219.25
2020-08-21 04:00:00+00:00,1334.25
2020-08-21 05:00:00+00:00,360.25
2020-08-21 06:00:00+00:00,320.25
2020-08-21 07:00:00+00:00,1410.25
2020-08-21 08:00:00+00:00,549.25
2020-08-21 09:00:00+00:00,1314.25
2020-08-21 10:00:00+00:00,615.0
2020-08-21 11:00:00+00:00,817.5
2020-08-21 12:00:00+00:00,772.25
2020-08-21 13:00:00+00:00,316.5
2020-08-21 14:00:00+00:00,782.5
2020-08-21 15:00:00+00:00,296.5
2020-08-21 16:00:00+00:00,1107.0
2020-08-21 17:00:00+00:00,384.25
2020-08-21 18:00:00+00:00,346.5
2020-08-21 19:00:00+00:00,478.5
2020-08-21 20:00:00+00:00,439.5
2020-08-21 21:00:00+00:00,254.75
2020-08-21 22:00:00+00:00,242.0
2020-08-21 23:00:00+00:00,260.5
2020-08-22 00:00:00+00:00,234.75
2020-08-22 01:00:00+00:00,222.75
2020-08-22 02:00:00+00:00,184.0
2020-08-22 03:00:00+00:00,395.75
2020-08-22 04:00:00+00:00,308.0
2020-08-22 05:00:00+00:00,135.25
2020-08-22 06:00:00+00:00,205.75
2020-08-22 07:00:00+00:00,397.0
2020-08-22 08:00:00+00:00,121.0
2020-08-22 09:00:00+00:00,84.25
2020-08-22 10:00:00+00:00,432.5
2020-08-22 11:00:00+00:00,496.75
2020-08-22 12:00:00+00:00,811.75
2020-08-22 13:00:00+00:00,651.75
2020-08-22 14:00:00+00:00,1540.25
2020-08-22 15:00:00+00:00,1266.0
2020-08-22 16:00:00+00:00,939.75
2020-08-22 17:00:00+00:00,1548.25
2020-08-22 18:00:00+00:00,1216.75
2020-08-22 19:00:00+00:00,539.5
2020-08-22 20:00:00+00:00,455.25
2020-08-22 21:00:00+00:00,182.0
2020-08-22 22:00:00+00:00,93.0
2020-08-22 23:00:00+00:00,248.0
2020-08-23 00:00:00+00:00,245.5
2020-08-23 01:00:00+00:00,313.25
2020-08-23 02:00:00+00:00,254.0
2020-08-23 03:00:00+00:00,434.0
2020-08-23 04:00:00+00:00,522.25
2020-08-23 05:00:00+00:00,193.25
2020-08-23 06:00:00+00:00,465.25
2020-08-23 07:00:00+00:00,354.0
2020-08-23 08:00:00+00:00,323.25
2020-08-23 09:00:00+00:00,468.75
2020-08-23 10:00:00+00:00,1756.5
2020-08-23 11:00:00+00:00,1127.75
2020-08-23 12:00:00+00:00,435.5
2020-08-23 13:00:00+00:00,457.0
2020-08-23 14:00:00+00:00,1014.5
2020-08-23 15:00:00+00:00,694.25
2020-08-23 16:00:00+00:00,1020.5
2020-08-23 17:00:00+00:00,1381.0
2020-08-23 18:00:00+00:00,530.5
2020-08-23 19:00:00+00:00,1229.75
2020-08-23 20:00:00+00:00,468.75
2020-08-23 21:00:00+00:00,201.75
2020-08-23 22:00:00+00:00,271.5
2020-08-23 23:00:00+00:00,353.75
2020-08-24 00:00:00+00:00,374.0
2020-08-24 01:00:00+00:00,268.0
2020-08-24 02:00:00+00:00,364.75
2020-08-24 03:00:00+00:00,826.0
2020-08-24 04:00:00+00:00,263.25
2020-08-24 05:00:00+00:00,322.75
2020-08-24 06:00:00+00:00,338.5
2020-08-24 07:00:00+00:00,314.5
2020-08-24 08:00:00+00:00,357.75
2020-08-24 09:00:00+00:00,364.25
2020-08-24 10:00:00+00:00,607.0
2020-08-24 11:00:00+00:00,263.25
2020-08-24 12:00:00+00:00,630.0
2020-08-24 13:00:00+00:00,491.0
2020-08-24 14:00:00+00:00,361.0
2020-08-24 15:00:00+00:00,405.75
2020-08-24 16:00:00+00:00,1029.25
2020-08-24 17:00:00+00:00,400.0
2020-08-24 18:00:00+00:00,1071.0
2020-08-24 19:00:00+00:00,986.0
2020-08-24 20:00:00+00:00,220.5
2020-08-24 21:00:00+00:00,278.75
2020-08-24 22:00:00+00:00,291.5
2020-08-24 23:00:00+00:00,380.75
2020-08-25 00:00:00+00:00,289.75
2020-08-25 01:00:00+00:00,315.5
2020-08-25 02:00:00+00:00,294.6666666666667
2020-08-25 03:00:00+00:00,742.75
2020-08-25 04:00:00+00:00,209.0
2020-08-25 05:00:00+00:00,484.75
2020-08-25 06:00:00+00:00,321.25
2020-08-25 07:00:00+00:00,316.0
2020-08-25 08:00:00+00:00,395.75
2020-08-25 09:00:00+00:00,465.0
2020-08-25 10:00:00+00:00,702.5
2020-08-25 11:00:00+00:00,374.25
2020-08-25 12:00:00+00:00,282.75
2020-08-25 13:00:00+00:00,262.5
2020-08-25 14:00:00+00:00,349.0
2020-08-25 15:00:00+00:00,324.25
2020-08-25 16:00:00+00:00,1084.75
2020-08-25 17:00:00+00:00,406.5
2020-08-25 18:00:00+00:00,752.75
2020-08-25 19:00:00+00:00,1212.0
2020-08-25 20:00:00+00:00,483.5
2020-08-25 21:00:00+00:00,303.25
2020-08-25 22:00:00+00:00,186.75
2020-08-25 23:00:00+00:00,207.25
2020-08-26 00:00:00+00:00,177.25
2020-08-26 01:00:00+00:00,221.5
2020-08-26 02:00:00+00:00,572.25
2020-08-26 03:00:00+00:00,787.0
2020-08-26 04:00:00+00:00,205.0
2020-08-26 05:00:00+00:00,258.25
2020-08-26 06:00:00+00:00,301.25
2020-08-26 07:00:00+00:00,276.5
2020-08-26 08:00:00+00:00,413.75
2020-08-26 09:00:00+00:00,672.5
2020-08-26 10:00:00+00:00,925.75
2020-08-26 11:00:00+00:00,1410.0
2020-08-26 12:00:00+00:00,1744.75
2020-08-26 13:00:00+00:00,376.5
2020-08-26 14:00:00+00:00,258.5
2020-08-26 15:00:00+00:00,385.25
2020-08-26 16:00:00+00:00,534.25
2020-08-26 17:00:00+00:00,451.25
2020-08-26 18:00:00+00:00,1317.0
2020-08-26 19:00:00+00:00,640.0
2020-08-26 20:00:00+00:00,277.25
2020-08-26 21:00:00+00:00,203.5
2020-08-26 22:00:00+00:00,224.75
2020-08-26 23:00:00+00:00,215.75
2020-08-27 00:00:00+00:00,190.0
2020-08-27 01:00:00+00:00,223.25
2020-08-27 02:00:00+00:00,302.75
2020-08-27 03:00:00+00:00,727.5
2020-08-27 04:00:00+00:00,219.5
2020-08-27 05:00:00+00:00,499.5
2020-08-27 06:00:00+00:00,327.5
2020-08-27 07:00:00+00:00,301.0
2020-08-27 08:00:00+00:00,375.75
2020-08-27 09:00:00+00:00,447.75
2020-08-27 10:00:00+00:00,483.75
2020-08-27 11:00:00+00:00,276.25
2020-08-27 12:00:00+00:00,737.0
2020-08-27 13:00:00+00:00,415.0
2020-08-27 14:00:00+00:00,296.0
2020-08-27 15:00:00+00:00,552.25
2020-08-27 16:00:00+00:00,791.5
2020-08-27 17:00:00+00:00,893.5
2020-08-27 18:00:00+00:00,519.0
2020-08-27 19:00:00+00:00,423.5
2020-08-27 20:00:00+00:00,501.5
2020-08-27 21:00:00+00:00,280.25
2020-08-27 22:00:00+00:00,291.75
2020-08-27 23:00:00+00:00,268.75
2020-08-28 00:00:00+00:00,270.25
2020-08-28 01:00:00+00:00,279.75
2020-08-28 02:00:00+00:00,352.5
2020-08-28 03:00:00+00:00,646.75
2020-08-28 04:00:00+00:00,412.25
2020-08-28 05:00:00+00:00,627.75
2020-08-28 06:00:00+00:00,1341.25
2020-08-28 07:00:00+00:00,660.5
2020-08-28 08:00:00+00:00,1553.0
2020-08-28 09:00:00+00:00,844.5
2020-08-28 10:00:00+00:00,963.25
2020-08-28 11:00:00+00:00,555.25
2020-08-28 12:00:00+00:00,1147.5
2020-08-28 13:00:00+00:00,1325.5
2020-08-28 14:00:00+00:00,450.0
2020-08-28 15:00:00+00:00,899.75
2020-08-28 16:00:00+00:00,1005.75
2020-08-28 17:00:00+00:00,449.0
2020-08-28 18:00:00+00:00,916.0
2020-08-28 19:00:00+00:00,857.75
2020-08-28 20:00:00+00:00,420.0
2020-08-28 21:00:00+00:00,173.0
2020-08-28 22:00:00+00:00,185.0
2020-08-28 23:00:00+00:00,191.75
2020-08-29 00:00:00+00:00,210.75
2020-08-29 01:00:00+00:00,188.25
2020-08-29 02:00:00+00:00,221.0
2020-08-29 03:00:00+00:00,399.25
2020-08-29 04:00:00+00:00,322.0
2020-08-29 05:00:00+00:00,297.75
2020-08-29 06:00:00+00:00,493.75
2020-08-29 07:00:00+00:00,856.75
2020-08-29 08:00:00+00:00,1170.5
2020-08-29 09:00:00+00:00,638.25
2020-08-29 10:00:00+00:00,558.0
2020-08-29 11:00:00+00:00,363.0
2020-08-29 12:00:00+00:00,298.0
2020-08-29 13:00:00+00:00,299.5
2020-08-29 14:00:00+00:00,359.5
2020-08-29 15:00:00+00:00,5131.25
2020-08-29 16:00:00+00:00,3842.5
2020-08-29 17:00:00+00:00,2422.0
2020-08-29 18:00:00+00:00,1189.0
2020-08-29 19:00:00+00:00,804.75
2020-08-29 20:00:00+00:00,547.5
2020-08-29 21:00:00+00:00,208.25
2020-08-29 22:00:00+00:00,208.75
2020-08-29 23:00:00+00:00,217.5
2020-08-30 00:00:00+00:00,206.25
2020-08-30 01:00:00+00:00,204.75
2020-08-30 02:00:00+00:00,274.25
2020-08-30 03:00:00+00:00,410.75
2020-08-30 04:00:00+00:00,412.0
2020-08-30 05:00:00+00:00,770.25
2020-08-30 06:00:00+00:00,830.25
2020-08-30 07:00:00+00:00,1138.5
2020-08-30 08:00:00+00:00,1497.75
2020-08-30 09:00:00+00:00,1899.75
2020-08-30 10:00:00+00:00,1533.0
2020-08-30 11:00:00+00:00,1458.25
2020-08-30 12:00:00+00:00,821.5
2020-08-30 13:00:00+00:00,3210.0
2020-08-30 14:00:00+00:00,2745.5
2020-08-30 15:00:00+00:00,1359.0
2020-08-30 16:00:00+00:00,3580.0
2020-08-30 17:00:00+00:00,695.0
2020-08-30 18:00:00+00:00,1284.5
2020-08-30 19:00:00+00:00,1207.0
2020-08-30 20:00:00+00:00,798.25
2020-08-30 21:00:00+00:00,528.5
2020-08-30 22:00:00+00:00,313.75
2020-08-30 23:00:00+00:00,307.25
2020-08-31 00:00:00+00:00,320.75
2020-08-31 01:00:00+00:00,336.25
2020-08-31 02:00:00+00:00,380.0
2020-08-31 03:00:00+00:00,451.75
2020-08-31 04:00:00+00:00,1331.25
2020-08-31 05:00:00+00:00,339.25
2020-08-31 06:00:00+00:00,472.75
2020-08-31 07:00:00+00:00,806.0
2020-08-31 08:00:00+00:00,907.5
2020-08-31 09:00:00+00:00,1138.25
2020-08-31 10:00:00+00:00,2134.25
2020-08-31 11:00:00+00:00,1034.25
2020-08-31 12:00:00+00:00,331.75
2020-08-31 13:00:00+00:00,1872.25
2020-08-31 14:00:00+00:00,1303.75
2020-08-31 15:00:00+00:00,1482.5
2020-08-31 16:00:00+00:00,698.75
2020-08-31 17:00:00+00:00,602.75
2020-08-31 18:00:00+00:00,582.0
2020-08-31 19:00:00+00:00,410.0
2020-08-31 20:00:00+00:00,368.75
2020-08-31 21:00:00+00:00,172.0
2020-08-31 22:00:00+00:00,187.75
2020-08-31 23:00:00+00:00,194.0
2020-09-01 00:00:00+00:00,172.0
2020-09-01 01:00:00+00:00,172.25
2020-09-01 02:00:00+00:00,323.0
2020-09-01 03:00:00+00:00,369.5
2020-09-01 04:00:00+00:00,426.0
2020-09-01 05:00:00+00:00,510.25
2020-09-01 06:00:00+00:00,241.25
2020-09-01 07:00:00+00:00,419.0
2020-09-01 08:00:00+00:00,303.5
2020-09-01 09:00:00+00:00,1077.0
2020-09-01 10:00:00+00:00,1581.5
2020-09-01 11:00:00+00:00,1908.25
2020-09-01 12:00:00+00:00,504.5
2020-09-01 13:00:00+00:00,412.5
2020-09-01 14:00:00+00:00,344.5
2020-09-01 15:00:00+00:00,250.0
2020-09-01 16:00:00+00:00,334.5
2020-09-01 17:00:00+00:00,305.5
2020-09-01 18:00:00+00:00,305.5
2020-09-01 19:00:00+00:00,489.5
2020-09-01 20:00:00+00:00,538.0
2020-09-01 21:00:00+00:00,369.25
2020-09-01 22:00:00+00:00,370.0
2020-09-01 23:00:00+00:00,318.25
2020-09-02 00:00:00+00:00,337.0
2020-09-02 01:00:00+00:00,307.75
2020-09-02 02:00:00+00:00,403.75
2020-09-02 03:00:00+00:00,400.75
2020-09-02 04:00:00+00:00,335.0
2020-09-02 05:00:00+00:00,282.5
2020-09-02 06:00:00+00:00,387.5
2020-09-02 07:00:00+00:00,469.25
2020-09-02 08:00:00+00:00,423.0
2020-09-02 09:00:00+00:00,694.0
2020-09-02 10:00:00+00:00,626.0
2020-09-02 11:00:00+00:00,494.5
2020-09-02 12:00:00+00:00,408.0
2020-09-02 13:00:00+00:00,551.0
2020-09-02 14:00:00+00:00,468.75
2020-09-02 15:00:00+00:00,1822.75
2020-09-02 16:00:00+00:00,1439.25
2020-09-02 17:00:00+00:00,506.25
2020-09-02 18:00:00+00:00,1732.0
2020-09-02 19:00:00+00:00,1055.75
2020-09-02 20:00:00+00:00,589.75
2020-09-02 21:00:00+00:00,398.5
2020-09-02 22:00:00+00:00,319.5
2020-09-02 23:00:00+00:00,349.75
2020-09-03 00:00:00+00:00,366.5
2020-09-03 01:00:00+00:00,379.25
2020-09-03 02:00:00+00:00,378.75
2020-09-03 03:00:00+00:00,465.75
2020-09-03 04:00:00+00:00,757.0
2020-09-03 05:00:00+00:00,507.25
2020-09-03 06:00:00+00:00,454.25
2020-09-03 07:00:00+00:00,558.75
2020-09-03 08:00:00+00:00,652.5
2020-09-03 09:00:00+00:00,598.25
2020-09-03 10:00:00+00:00,704.75
2020-09-03 11:00:00+00:00,334.25
2020-09-03 12:00:00+00:00,524.75
2020-09-03 13:00:00+00:00,618.75
2020-09-03 14:00:00+00:00,490.25
2020-09-03 15:00:00+00:00,356.75
2020-09-03 16:00:00+00:00,309.75
2020-09-03 17:00:00+00:00,296.75
2020-09-03 18:00:00+00:00,407.0
2020-09-03 19:00:00+00:00,310.75
2020-09-03 20:00:00+00:00,597.25
2020-09-03 21:00:00+00:00,233.0
2020-09-03 22:00:00+00:00,158.75
2020-09-03 23:00:00+00:00,159.5
2020-09-04 00:00:00+00:00,195.0
2020-09-04 01:00:00+00:00,184.5
2020-09-04 02:00:00+00:00,197.75
2020-09-04 03:00:00+00:00,457.75
2020-09-04 04:00:00+00:00,557.25
2020-09-04 05:00:00+00:00,798.5
2020-09-04 06:00:00+00:00,898.0
2020-09-04 07:00:00+00:00,1066.0
2020-09-04 08:00:00+00:00,445.25
2020-09-04 09:00:00+00:00,1365.0
2020-09-04 10:00:00+00:00,786.0
2020-09-04 11:00:00+00:00,412.0
2020-09-04 12:00:00+00:00,383.5
2020-09-04 13:00:00+00:00,304.0
2020-09-04 14:00:00+00:00,311.25
2020-09-04 15:00:00+00:00,464.5
2020-09-04 16:00:00+00:00,646.25
2020-09-04 17:00:00+00:00,520.25
2020-09-04 18:00:00+00:00,1186.25
2020-09-04 19:00:00+00:00,1284.75
2020-09-04 20:00:00+00:00,633.75
2020-09-04 21:00:00+00:00,315.25
2020-09-04 22:00:00+00:00,227.0
2020-09-04 23:00:00+00:00,190.75
2020-09-05 00:00:00+00:00,246.5
2020-09-05 01:00:00+00:00,221.25
2020-09-05 02:00:00+00:00,174.0
2020-09-05 03:00:00+00:00,366.75
2020-09-05 04:00:00+00:00,200.75
2020-09-05 05:00:00+00:00,247.75
2020-09-05 06:00:00+00:00,535.25
2020-09-05 07:00:00+00:00,454.0
2020-09-05 08:00:00+00:00,465.0
2020-09-05 09:00:00+00:00,304.0
2020-09-05 10:00:00+00:00,435.25
2020-09-05 11:00:00+00:00,291.5
2020-09-05 12:00:00+00:00,286.5
2020-09-05 13:00:00+00:00,315.5
2020-09-05 14:00:00+00:00,308.0
2020-09-05 15:00:00+00:00,262.75
2020-09-05 16:00:00+00:00,230.75
2020-09-05 17:00:00+00:00,427.75
2020-09-05 18:00:00+00:00,307.5
2020-09-05 19:00:00+00:00,454.75
2020-09-05 20:00:00+00:00,383.75
2020-09-05 21:00:00+00:00,243.0
2020-09-05 22:00:00+00:00,177.5
2020-09-05 23:00:00+00:00,254.5
2020-09-06 00:00:00+00:00,198.5
2020-09-06 01:00:00+00:00,238.0
2020-09-06 02:00:00+00:00,234.75
2020-09-06 03:00:00+00:00,444.25
2020-09-06 04:00:00+00:00,937.75
2020-09-06 05:00:00+00:00,421.75
2020-09-06 06:00:00+00:00,339.25
2020-09-06 07:00:00+00:00,562.0
2020-09-06 08:00:00+00:00,1830.25
2020-09-06 09:00:00+00:00,1871.0
2020-09-06 10:00:00+00:00,1708.25
2020-09-06 11:00:00+00:00,1226.0
2020-09-06 12:00:00+00:00,1397.25
2020-09-06 13:00:00+00:00,584.75
2020-09-06 14:00:00+00:00,2420.0
2020-09-06 15:00:00+00:00,562.5
2020-09-06 16:00:00+00:00,1392.5
2020-09-06 17:00:00+00:00,1515.75
2020-09-06 18:00:00+00:00,1630.75
2020-09-06 19:00:00+00:00,1532.25
2020-09-06 20:00:00+00:00,704.0
2020-09-06 21:00:00+00:00,461.0
2020-09-06 22:00:00+00:00,324.0
2020-09-06 23:00:00+00:00,342.25
2020-09-07 00:00:00+00:00,360.5
2020-09-07 01:00:00+00:00,317.75
2020-09-07 02:00:00+00:00,368.0
2020-09-07 03:00:00+00:00,454.25
2020-09-07 04:00:00+00:00,546.5
2020-09-07 05:00:00+00:00,330.5
2020-09-07 06:00:00+00:00,533.25
2020-09-07 07:00:00+00:00,829.5
2020-09-07 08:00:00+00:00,787.75
2020-09-07 09:00:00+00:00,439.75
2020-09-07 10:00:00+00:00,575.25
2020-09-07 11:00:00+00:00,399.5
2020-09-07 12:00:00+00:00,389.0
2020-09-07 13:00:00+00:00,311.0
2020-09-07 14:00:00+00:00,275.0
2020-09-07 15:00:00+00:00,276.25
2020-09-07 16:00:00+00:00,715.5
2020-09-07 17:00:00+00:00,725.25
2020-09-07 18:00:00+00:00,477.25
2020-09-07 19:00:00+00:00,407.75
2020-09-07 20:00:00+00:00,353.75
2020-09-07 21:00:00+00:00,314.5
2020-09-07 22:00:00+00:00,289.0
2020-09-07 23:00:00+00:00,288.5
2020-09-08 00:00:00+00:00,334.0
2020-09-08 01:00:00+00:00,302.25
2020-09-08 02:00:00+00:00,336.5
2020-09-08 03:00:00+00:00,403.75
2020-09-08 04:00:00+00:00,508.25
2020-09-08 05:00:00+00:00,264.5
2020-09-08 06:00:00+00:00,381.0
2020-09-08 07:00:00+00:00,363.5
2020-09-08 08:00:00+00:00,402.0
2020-09-08 09:00:00+00:00,373.0
2020-09-08 10:00:00+00:00,527.75
2020-09-08 11:00:00+00:00,420.0
2020-09-08 12:00:00+00:00,330.5
2020-09-08 13:00:00+00:00,286.75
2020-09-08 14:00:00+00:00,287.5
2020-09-08 15:00:00+00:00,281.25
2020-09-08 16:00:00+00:00,311.0
2020-09-08 17:00:00+00:00,540.25
2020-09-08 18:00:00+00:00,507.25
2020-09-08 19:00:00+00:00,1032.75
2020-09-08 20:00:00+00:00,278.0
2020-09-08 21:00:00+00:00,268.5
2020-09-08 22:00:00+00:00,305.25
2020-09-08 23:00:00+00:00,326.25
2020-09-09 00:00:00+00:00,308.5
2020-09-09 01:00:00+00:00,293.75
2020-09-09 02:00:00+00:00,341.0
2020-09-09 03:00:00+00:00,426.5
2020-09-09 04:00:00+00:00,455.0
2020-09-09 05:00:00+00:00,387.75
2020-09-09 06:00:00+00:00,347.0
2020-09-09 07:00:00+00:00,337.5
2020-09-09 08:00:00+00:00,342.5
2020-09-09 09:00:00+00:00,408.25
2020-09-09 10:00:00+00:00,553.5
2020-09-09 11:00:00+00:00,342.5
2020-09-09 12:00:00+00:00,324.0
2020-09-09 13:00:00+00:00,295.25
2020-09-09 14:00:00+00:00,286.0
2020-09-09 15:00:00+00:00,276.25
2020-09-09 16:00:00+00:00,273.25
2020-09-09 17:00:00+00:00,312.75
2020-09-09 18:00:00+00:00,451.5
2020-09-09 19:00:00+00:00,612.25
2020-09-09 20:00:00+00:00,617.5
2020-09-09 21:00:00+00:00,632.0
2020-09-09 22:00:00+00:00,396.5
2020-09-09 23:00:00+00:00,335.5
2020-09-10 00:00:00+00:00,303.75
2020-09-10 01:00:00+00:00,266.5
2020-09-10 02:00:00+00:00,319.5
2020-09-10 03:00:00+00:00,442.0
2020-09-10 04:00:00+00:00,389.5
2020-09-10 05:00:00+00:00,286.5
2020-09-10 06:00:00+00:00,322.75
2020-09-10 07:00:00+00:00,516.5
2020-09-10 08:00:00+00:00,634.0
2020-09-10 09:00:00+00:00,687.3333333333334
2020-09-10 10:00:00+00:00,740.6666666666666
2020-09-10 11:00:00+00:00,794.0
2020-09-10 12:00:00+00:00,615.75
2020-09-10 13:00:00+00:00,410.5
2020-09-10 14:00:00+00:00,367.25
2020-09-10 15:00:00+00:00,330.5
2020-09-10 16:00:00+00:00,289.25
2020-09-10 17:00:00+00:00,366.0
2020-09-10 18:00:00+00:00,287.25
2020-09-10 19:00:00+00:00,571.0
2020-09-10 20:00:00+00:00,223.75
2020-09-10 21:00:00+00:00,300.75
2020-09-10 22:00:00+00:00,345.5
2020-09-10 23:00:00+00:00,203.0
2020-09-11 00:00:00+00:00,198.75
2020-09-11 01:00:00+00:00,150.25
2020-09-11 02:00:00+00:00,174.75
2020-09-11 03:00:00+00:00,411.25
2020-09-11 04:00:00+00:00,518.25
2020-09-11 05:00:00+00:00,605.0
2020-09-11 06:00:00+00:00,496.25
2020-09-11 07:00:00+00:00,620.5
2020-09-11 08:00:00+00:00,1362.25
2020-09-11 09:00:00+00:00,885.5
2020-09-11 10:00:00+00:00,1032.25
2020-09-11 11:00:00+00:00,504.25
2020-09-11 12:00:00+00:00,1638.25
2020-09-11 13:00:00+00:00,422.75
2020-09-11 14:00:00+00:00,386.5
2020-09-11 15:00:00+00:00,547.5
2020-09-11 16:00:00+00:00,322.75
2020-09-11 17:00:00+00:00,543.75
2020-09-11 18:00:00+00:00,612.0
2020-09-11 19:00:00+00:00,510.0
2020-09-11 20:00:00+00:00,322.0
2020-09-11 21:00:00+00:00,241.75
2020-09-11 22:00:00+00:00,144.25
2020-09-11 23:00:00+00:00,224.5
2020-09-12 00:00:00+00:00,280.25
2020-09-12 01:00:00+00:00,308.0
2020-09-12 02:00:00+00:00,421.5
2020-09-12 03:00:00+00:00,391.25
2020-09-12 04:00:00+00:00,325.25
2020-09-12 05:00:00+00:00,438.25
2020-09-12 06:00:00+00:00,326.5
2020-09-12 07:00:00+00:00,335.5
2020-09-12 08:00:00+00:00,681.0
2020-09-12 09:00:00+00:00,1243.75
2020-09-12 10:00:00+00:00,1148.5
2020-09-12 11:00:00+00:00,604.0
2020-09-12 12:00:00+00:00,611.25
2020-09-12 13:00:00+00:00,341.5
2020-09-12 14:00:00+00:00,321.25
2020-09-12 15:00:00+00:00,308.5
2020-09-12 16:00:00+00:00,293.25
2020-09-12 17:00:00+00:00,426.25
2020-09-12 18:00:00+00:00,583.75
2020-09-12 19:00:00+00:00,609.25
2020-09-12 20:00:00+00:00,493.75
2020-09-12 21:00:00+00:00,345.5
2020-09-12 22:00:00+00:00,126.75
2020-09-12 23:00:00+00:00,192.5
2020-09-13 00:00:00+00:00,274.5
2020-09-13 01:00:00+00:00,264.0
2020-09-13 02:00:00+00:00,316.0
2020-09-13 03:00:00+00:00,396.25
2020-09-13 04:00:00+00:00,306.25
2020-09-13 05:00:00+00:00,313.25
2020-09-13 06:00:00+00:00,416.25
2020-09-13 07:00:00+00:00,740.25
2020-09-13 08:00:00+00:00,2110.5
2020-09-13 09:00:00+00:00,911.5
2020-09-13 10:00:00+00:00,2468.0
2020-09-13 11:00:00+00:00,1773.25
2020-09-13 12:00:00+00:00,870.25
2020-09-13 13:00:00+00:00,1776.25
2020-09-13 14:00:00+00:00,371.0
2020-09-13 15:00:00+00:00,804.25
2020-09-13 16:00:00+00:00,965.5
2020-09-13 17:00:00+00:00,710.0
2020-09-13 18:00:00+00:00,636.25
2020-09-13 19:00:00+00:00,878.25
2020-09-13 20:00:00+00:00,594.75
2020-09-13 21:00:00+00:00,291.5
2020-09-13 22:00:00+00:00,223.0
2020-09-13 23:00:00+00:00,203.5
2020-09-14 00:00:00+00:00,190.75
2020-09-14 01:00:00+00:00,297.0
2020-09-14 02:00:00+00:00,329.0
2020-09-14 03:00:00+00:00,756.75
2020-09-14 04:00:00+00:00,346.25
2020-09-14 05:00:00+00:00,241.0
2020-09-14 06:00:00+00:00,386.75
2020-09-14 07:00:00+00:00,320.5
2020-09-14 08:00:00+00:00,311.0
2020-09-14 09:00:00+00:00,368.75
2020-09-14 10:00:00+00:00,524.25
2020-09-14 11:00:00+00:00,346.25
2020-09-14 12:00:00+00:00,363.5
2020-09-14 13:00:00+00:00,558.75
2020-09-14 14:00:00+00:00,561.5
2020-09-14 15:00:00+00:00,1062.75
2020-09-14 16:00:00+00:00,513.0
2020-09-14 17:00:00+00:00,394.0
2020-09-14 18:00:00+00:00,996.75
2020-09-14 19:00:00+00:00,875.25
2020-09-14 20:00:00+00:00,307.5
2020-09-14 21:00:00+00:00,224.25
2020-09-14 22:00:00+00:00,187.5
2020-09-14 23:00:00+00:00,234.75
2020-09-15 00:00:00+00:00,267.5
2020-09-15 01:00:00+00:00,1001.25
2020-09-15 02:00:00+00:00,1019.75
2020-09-15 03:00:00+00:00,1314.75
2020-09-15 04:00:00+00:00,484.0
2020-09-15 05:00:00+00:00,342.75
2020-09-15 06:00:00+00:00,368.5
2020-09-15 07:00:00+00:00,308.75
2020-09-15 08:00:00+00:00,322.75
2020-09-15 09:00:00+00:00,353.75
2020-09-15 10:00:00+00:00,514.5
2020-09-15 11:00:00+00:00,364.25
2020-09-15 12:00:00+00:00,348.25
2020-09-15 13:00:00+00:00,306.0
2020-09-15 14:00:00+00:00,343.75
2020-09-15 15:00:00+00:00,610.0
2020-09-15 16:00:00+00:00,812.25
2020-09-15 17:00:00+00:00,1087.75
2020-09-15 18:00:00+00:00,639.25
2020-09-15 19:00:00+00:00,1185.75
2020-09-15 20:00:00+00:00,457.75
2020-09-15 21:00:00+00:00,228.25
2020-09-15 22:00:00+00:00,191.75
2020-09-15 23:00:00+00:00,198.5
2020-09-16 00:00:00+00:00,911.75
2020-09-16 01:00:00+00:00,913.6666666666666
2020-09-16 02:00:00+00:00,1094.75
2020-09-16 03:00:00+00:00,1479.0
2020-09-16 04:00:00+00:00,397.25
2020-09-16 05:00:00+00:00,292.5
2020-09-16 06:00:00+00:00,333.5
2020-09-16 07:00:00+00:00,269.0
2020-09-16 08:00:00+00:00,254.75
2020-09-16 09:00:00+00:00,335.0
2020-09-16 10:00:00+00:00,445.0
2020-09-16 11:00:00+00:00,400.0
2020-09-16 12:00:00+00:00,765.0
2020-09-16 13:00:00+00:00,1528.25
2020-09-16 14:00:00+00:00,374.5
2020-09-16 15:00:00+00:00,514.25
2020-09-16 16:00:00+00:00,435.0
2020-09-16 17:00:00+00:00,1084.25
2020-09-16 18:00:00+00:00,1017.0
2020-09-16 19:00:00+00:00,1621.25
2020-09-16 20:00:00+00:00,530.0
2020-09-16 21:00:00+00:00,204.75
2020-09-16 22:00:00+00:00,240.75
2020-09-16 23:00:00+00:00,156.75
2020-09-17 00:00:00+00:00,146.75
2020-09-17 01:00:00+00:00,263.0
2020-09-17 02:00:00+00:00,1010.0
2020-09-17 03:00:00+00:00,1566.0
2020-09-17 04:00:00+00:00,350.25
2020-09-17 05:00:00+00:00,269.0
2020-09-17 06:00:00+00:00,290.5
2020-09-17 07:00:00+00:00,214.25
2020-09-17 08:00:00+00:00,669.0
2020-09-17 09:00:00+00:00,425.25
2020-09-17 10:00:00+00:00,909.75
2020-09-17 11:00:00+00:00,311.25
2020-09-17 12:00:00+00:00,425.75
2020-09-17 13:00:00+00:00,1104.25
2020-09-17 14:00:00+00:00,2367.5
2020-09-17 15:00:00+00:00,1978.25
2020-09-17 16:00:00+00:00,685.75
2020-09-17 17:00:00+00:00,2780.75
2020-09-17 18:00:00+00:00,2234.25
2020-09-17 19:00:00+00:00,1919.5
2020-09-17 20:00:00+00:00,1583.0
2020-09-17 21:00:00+00:00,1240.0
2020-09-17 22:00:00+00:00,360.0
2020-09-17 23:00:00+00:00,309.5
2020-09-18 00:00:00+00:00,337.5
2020-09-18 01:00:00+00:00,321.0
2020-09-18 02:00:00+00:00,318.0
2020-09-18 03:00:00+00:00,781.0
2020-09-18 04:00:00+00:00,989.5
2020-09-18 05:00:00+00:00,475.25
2020-09-18 06:00:00+00:00,369.5
2020-09-18 07:00:00+00:00,401.0
2020-09-18 08:00:00+00:00,669.0
2020-09-18 09:00:00+00:00,1967.25
2020-09-18 10:00:00+00:00,690.0
2020-09-18 11:00:00+00:00,943.25
2020-09-18 12:00:00+00:00,795.5
2020-09-18 13:00:00+00:00,703.5
2020-09-18 14:00:00+00:00,487.5
2020-09-18 15:00:00+00:00,1375.0
2020-09-18 16:00:00+00:00,827.75
2020-09-18 17:00:00+00:00,714.0
2020-09-18 18:00:00+00:00,628.75
2020-09-18 19:00:00+00:00,573.5
2020-09-18 20:00:00+00:00,442.25
2020-09-18 21:00:00+00:00,332.25
2020-09-18 22:00:00+00:00,315.0
2020-09-18 23:00:00+00:00,328.75
2020-09-19 00:00:00+00:00,310.5
2020-09-19 01:00:00+00:00,321.5
2020-09-19 02:00:00+00:00,308.75
2020-09-19 03:00:00+00:00,367.25
2020-09-19 04:00:00+00:00,281.25
2020-09-19 05:00:00+00:00,520.0
2020-09-19 06:00:00+00:00,1316.5
2020-09-19 07:00:00+00:00,2051.5
2020-09-19 08:00:00+00:00,1487.5
2020-09-19 09:00:00+00:00,627.0
2020-09-19 10:00:00+00:00,1263.5
2020-09-19 11:00:00+00:00,688.0
2020-09-19 12:00:00+00:00,629.0
2020-09-19 13:00:00+00:00,341.0
2020-09-19 14:00:00+00:00,283.75
2020-09-19 15:00:00+00:00,271.25
2020-09-19 16:00:00+00:00,2212.25
2020-09-19 17:00:00+00:00,3464.0
2020-09-19 18:00:00+00:00,3782.0
2020-09-19 19:00:00+00:00,3190.5
2020-09-19 20:00:00+00:00,521.0
2020-09-19 21:00:00+00:00,273.0
2020-09-19 22:00:00+00:00,317.0
2020-09-19 23:00:00+00:00,328.5
2020-09-20 00:00:00+00:00,351.5
2020-09-20 01:00:00+00:00,299.75
2020-09-20 02:00:00+00:00,370.75
2020-09-20 03:00:00+00:00,427.0
2020-09-20 04:00:00+00:00,331.75
2020-09-20 05:00:00+00:00,303.25
2020-09-20 06:00:00+00:00,636.0
2020-09-20 07:00:00+00:00,561.0
2020-09-20 08:00:00+00:00,678.75
2020-09-20 09:00:00+00:00,1793.25
2020-09-20 10:00:00+00:00,934.75
2020-09-20 11:00:00+00:00,1089.75
2020-09-20 12:00:00+00:00,420.75
2020-09-20 13:00:00+00:00,337.75
2020-09-20 14:00:00+00:00,319.0
2020-09-20 15:00:00+00:00,341.5
2020-09-20 16:00:00+00:00,316.0
2020-09-20 17:00:00+00:00,1429.5
2020-09-20 18:00:00+00:00,6004.25
2020-09-20 19:00:00+00:00,3900.75
2020-09-20 20:00:00+00:00,597.25
2020-09-20 21:00:00+00:00,315.25
2020-09-20 22:00:00+00:00,277.25
2020-09-20 23:00:00+00:00,324.75
2020-09-21 00:00:00+00:00,350.75
2020-09-21 01:00:00+00:00,316.25
2020-09-21 02:00:00+00:00,366.75
2020-09-21 03:00:00+00:00,718.75
2020-09-21 04:00:00+00:00,380.0
2020-09-21 05:00:00+00:00,318.25
2020-09-21 06:00:00+00:00,352.75
2020-09-21 07:00:00+00:00,359.0
2020-09-21 08:00:00+00:00,398.25
2020-09-21 09:00:00+00:00,418.5
2020-09-21 10:00:00+00:00,548.5
2020-09-21 11:00:00+00:00,422.75
2020-09-21 12:00:00+00:00,327.0
2020-09-21 13:00:00+00:00,271.25
2020-09-21 14:00:00+00:00,276.0
2020-09-21 15:00:00+00:00,894.5
2020-09-21 16:00:00+00:00,517.25
2020-09-21 17:00:00+00:00,845.25
2020-09-21 18:00:00+00:00,670.0
2020-09-21 19:00:00+00:00,560.5
2020-09-21 20:00:00+00:00,304.75
2020-09-21 21:00:00+00:00,321.0
2020-09-21 22:00:00+00:00,326.25
2020-09-21 23:00:00+00:00,318.75
2020-09-22 00:00:00+00:00,311.0
2020-09-22 01:00:00+00:00,341.0
2020-09-22 02:00:00+00:00,263.75
2020-09-22 03:00:00+00:00,857.5
2020-09-22 04:00:00+00:00,375.5
2020-09-22 05:00:00+00:00,595.5
2020-09-22 06:00:00+00:00,416.0
2020-09-22 07:00:00+00:00,382.25
2020-09-22 08:00:00+00:00,349.5
2020-09-22 09:00:00+00:00,389.0
2020-09-22 10:00:00+00:00,517.0
2020-09-22 11:00:00+00:00,351.5
2020-09-22 12:00:00+00:00,327.75
2020-09-22 13:00:00+00:00,292.5
2020-09-22 14:00:00+00:00,288.25
2020-09-22 15:00:00+00:00,284.0
2020-09-22 16:00:00+00:00,603.5
2020-09-22 17:00:00+00:00,653.75
2020-09-22 18:00:00+00:00,711.25
2020-09-22 19:00:00+00:00,645.0
2020-09-22 20:00:00+00:00,370.0
2020-09-22 21:00:00+00:00,217.25
2020-09-22 22:00:00+00:00,222.25
2020-09-22 23:00:00+00:00,237.5
2020-09-23 00:00:00+00:00,264.25
2020-09-23 01:00:00+00:00,263.75
2020-09-23 02:00:00+00:00,301.75
2020-09-23 03:00:00+00:00,712.75
2020-09-23 04:00:00+00:00,1140.0
2020-09-23 05:00:00+00:00,216.25
2020-09-23 06:00:00+00:00,317.5
2020-09-23 07:00:00+00:00,85.0
2020-09-23 08:00:00+00:00,237.0
2020-09-23 09:00:00+00:00,358.75
2020-09-23 10:00:00+00:00,489.25
2020-09-23 11:00:00+00:00,316.0
2020-09-23 12:00:00+00:00,284.0
2020-09-23 13:00:00+00:00,261.75
2020-09-23 14:00:00+00:00,497.0
2020-09-23 15:00:00+00:00,359.75
2020-09-23 16:00:00+00:00,167.75
2020-09-23 17:00:00+00:00,1469.25
2020-09-23 18:00:00+00:00,658.0
2020-09-23 19:00:00+00:00,635.25
2020-09-23 20:00:00+00:00,407.5
2020-09-23 21:00:00+00:00,355.5
2020-09-23 22:00:00+00:00,304.0
2020-09-23 23:00:00+00:00,300.5
2020-09-24 00:00:00+00:00,303.5
2020-09-24 01:00:00+00:00,305.25
2020-09-24 02:00:00+00:00,254.75
2020-09-24 03:00:00+00:00,740.5
2020-09-24 04:00:00+00:00,367.75
2020-09-24 05:00:00+00:00,387.75
2020-09-24 06:00:00+00:00,197.0
2020-09-24 07:00:00+00:00,306.75
2020-09-24 08:00:00+00:00,297.75
2020-09-24 09:00:00+00:00,372.0
2020-09-24 10:00:00+00:00,473.75
2020-09-24 11:00:00+00:00,336.25
2020-09-24 12:00:00+00:00,294.75
2020-09-24 13:00:00+00:00,286.25
2020-09-24 14:00:00+00:00,293.75
2020-09-24 15:00:00+00:00,426.5
2020-09-24 16:00:00+00:00,889.25
2020-09-24 17:00:00+00:00,876.25
2020-09-24 18:00:00+00:00,6001.75
2020-09-24 19:00:00+00:00,3276.75
2020-09-24 20:00:00+00:00,349.75
2020-09-24 21:00:00+00:00,178.75
2020-09-24 22:00:00+00:00,171.5
2020-09-24 23:00:00+00:00,206.25
2020-09-25 00:00:00+00:00,203.75
2020-09-25 01:00:00+00:00,229.25
2020-09-25 02:00:00+00:00,240.75
2020-09-25 03:00:00+00:00,622.6666666666666
2020-09-25 04:00:00+00:00,501.75
2020-09-25 05:00:00+00:00,1073.25
2020-09-25 06:00:00+00:00,1020.25
2020-09-25 07:00:00+00:00,901.0
2020-09-25 08:00:00+00:00,693.5
2020-09-25 09:00:00+00:00,3672.75
2020-09-25 10:00:00+00:00,989.5
2020-09-25 11:00:00+00:00,358.5
2020-09-25 12:00:00+00:00,393.75
2020-09-25 13:00:00+00:00,3028.0
2020-09-25 14:00:00+00:00,1663.5
2020-09-25 15:00:00+00:00,499.75
2020-09-25 16:00:00+00:00,901.25
2020-09-25 17:00:00+00:00,3155.0
2020-09-25 18:00:00+00:00,4349.0
2020-09-25 19:00:00+00:00,1263.5
2020-09-25 20:00:00+00:00,468.5
2020-09-25 21:00:00+00:00,333.0
2020-09-25 22:00:00+00:00,311.5
2020-09-25 23:00:00+00:00,327.75
2020-09-26 00:00:00+00:00,331.75
2020-09-26 01:00:00+00:00,295.0
2020-09-26 02:00:00+00:00,327.75
2020-09-26 03:00:00+00:00,429.0
2020-09-26 04:00:00+00:00,309.0
2020-09-26 05:00:00+00:00,334.25
2020-09-26 06:00:00+00:00,507.75
2020-09-26 07:00:00+00:00,594.75
2020-09-26 08:00:00+00:00,525.5
2020-09-26 09:00:00+00:00,590.0
2020-09-26 10:00:00+00:00,1033.5
2020-09-26 11:00:00+00:00,500.5
2020-09-26 12:00:00+00:00,947.25
2020-09-26 13:00:00+00:00,776.5
2020-09-26 14:00:00+00:00,944.75
2020-09-26 15:00:00+00:00,855.25
2020-09-26 16:00:00+00:00,974.5
2020-09-26 17:00:00+00:00,758.3333333333334
2020-09-26 18:00:00+00:00,973.75
2020-09-26 19:00:00+00:00,799.0
2020-09-26 20:00:00+00:00,538.0
2020-09-26 21:00:00+00:00,370.75
2020-09-26 22:00:00+00:00,337.0
2020-09-26 23:00:00+00:00,341.75
2020-09-27 00:00:00+00:00,368.75
2020-09-27 01:00:00+00:00,283.0
2020-09-27 02:00:00+00:00,300.25
2020-09-27 03:00:00+00:00,438.0
2020-09-27 04:00:00+00:00,315.6666666666667
2020-09-27 05:00:00+00:00,220.0
2020-09-27 06:00:00+00:00,278.0
2020-09-27 07:00:00+00:00,419.5
2020-09-27 08:00:00+00:00,658.0
2020-09-27 09:00:00+00:00,1096.75
2020-09-27 10:00:00+00:00,2092.0
2020-09-27 11:00:00+00:00,752.0
2020-09-27 12:00:00+00:00,1228.25
2020-09-27 13:00:00+00:00,910.0
2020-09-27 14:00:00+00:00,560.75
2020-09-27 15:00:00+00:00,514.0
2020-09-27 16:00:00+00:00,495.25
2020-09-27 17:00:00+00:00,843.75
2020-09-27 18:00:00+00:00,976.25
2020-09-27 19:00:00+00:00,930.25
2020-09-27 20:00:00+00:00,601.25
2020-09-27 21:00:00+00:00,430.25
2020-09-27 22:00:00+00:00,322.0
2020-09-27 23:00:00+00:00,287.5
2020-09-28 00:00:00+00:00,361.0
2020-09-28 01:00:00+00:00,350.0
2020-09-28 02:00:00+00:00,295.25
2020-09-28 03:00:00+00:00,799.25
2020-09-28 04:00:00+00:00,602.0
2020-09-28 05:00:00+00:00,351.25
2020-09-28 06:00:00+00:00,375.0
2020-09-28 07:00:00+00:00,386.0
2020-09-28 08:00:00+00:00,438.25
2020-09-28 09:00:00+00:00,486.25
2020-09-28 10:00:00+00:00,540.5
2020-09-28 11:00:00+00:00,573.5
2020-09-28 12:00:00+00:00,436.0
2020-09-28 13:00:00+00:00,367.25
2020-09-28 14:00:00+00:00,571.25
2020-09-28 15:00:00+00:00,1065.5
2020-09-28 16:00:00+00:00,1045.25
2020-09-28 17:00:00+00:00,1270.75
2020-09-28 18:00:00+00:00,1062.5
2020-09-28 19:00:00+00:00,880.75
2020-09-28 20:00:00+00:00,374.75
2020-09-28 21:00:00+00:00,290.0
2020-09-28 22:00:00+00:00,328.5
2020-09-28 23:00:00+00:00,310.0
2020-09-29 00:00:00+00:00,287.0
2020-09-29 01:00:00+00:00,271.5
2020-09-29 02:00:00+00:00,295.0
2020-09-29 03:00:00+00:00,684.75
2020-09-29 04:00:00+00:00,606.75
2020-09-29 05:00:00+00:00,351.25
2020-09-29 06:00:00+00:00,589.25
2020-09-29 07:00:00+00:00,353.75
2020-09-29 08:00:00+00:00,432.0
2020-09-29 09:00:00+00:00,492.25
2020-09-29 10:00:00+00:00,402.0
2020-09-29 11:00:00+00:00,481.0
2020-09-29 12:00:00+00:00,353.25
2020-09-29 13:00:00+00:00,273.25
2020-09-29 14:00:00+00:00,321.0
2020-09-29 15:00:00+00:00,220.25
2020-09-29 16:00:00+00:00,1279.0
2020-09-29 17:00:00+00:00,806.75
2020-09-29 18:00:00+00:00,844.75
2020-09-29 19:00:00+00:00,796.0
2020-09-29 20:00:00+00:00,1044.75
2020-09-29 21:00:00+00:00,714.0
2020-09-29 22:00:00+00:00,291.5
2020-09-29 23:00:00+00:00,264.5
2020-09-30 00:00:00+00:00,301.0
2020-09-30 01:00:00+00:00,302.25
2020-09-30 02:00:00+00:00,339.5
2020-09-30 03:00:00+00:00,784.25
2020-09-30 04:00:00+00:00,471.75
2020-09-30 05:00:00+00:00,335.0
2020-09-30 06:00:00+00:00,253.25
2020-09-30 07:00:00+00:00,445.0
2020-09-30 08:00:00+00:00,974.75
2020-09-30 09:00:00+00:00,861.5
2020-09-30 10:00:00+00:00,520.0
2020-09-30 11:00:00+00:00,369.75
2020-09-30 12:00:00+00:00,298.75
2020-09-30 13:00:00+00:00,353.5
2020-09-30 14:00:00+00:00,669.5
2020-09-30 15:00:00+00:00,451.0
2020-09-30 16:00:00+00:00,886.25
2020-09-30 17:00:00+00:00,772.75
2020-09-30 18:00:00+00:00,843.5
2020-09-30 19:00:00+00:00,732.75
2020-09-30 20:00:00+00:00,337.75
2020-09-30 21:00:00+00:00,249.0
2020-09-30 22:00:00+00:00,300.75
2020-09-30 23:00:00+00:00,317.0
2020-10-01 00:00:00+00:00,323.0
2020-10-01 01:00:00+00:00,302.25
2020-10-01 02:00:00+00:00,322.25
2020-10-01 03:00:00+00:00,849.0
2020-10-01 04:00:00+00:00,585.75
2020-10-01 05:00:00+00:00,431.0
2020-10-01 06:00:00+00:00,349.25
2020-10-01 07:00:00+00:00,422.5
2020-10-01 08:00:00+00:00,488.5
2020-10-01 09:00:00+00:00,566.5
2020-10-01 10:00:00+00:00,544.75
2020-10-01 11:00:00+00:00,761.25
2020-10-01 12:00:00+00:00,640.5
2020-10-01 13:00:00+00:00,1013.75
2020-10-01 14:00:00+00:00,859.25
2020-10-01 15:00:00+00:00,1922.5
2020-10-01 16:00:00+00:00,725.5
2020-10-01 17:00:00+00:00,1518.0
2020-10-01 18:00:00+00:00,5831.0
2020-10-01 19:00:00+00:00,1221.25
2020-10-01 20:00:00+00:00,309.25
2020-10-01 21:00:00+00:00,283.5
2020-10-01 22:00:00+00:00,308.5
2020-10-01 23:00:00+00:00,317.5
2020-10-02 00:00:00+00:00,304.25
2020-10-02 01:00:00+00:00,330.25
2020-10-02 02:00:00+00:00,332.0
2020-10-02 03:00:00+00:00,701.5
2020-10-02 04:00:00+00:00,488.5
2020-10-02 05:00:00+00:00,271.0
2020-10-02 06:00:00+00:00,342.75
2020-10-02 07:00:00+00:00,704.75
2020-10-02 08:00:00+00:00,1290.5
2020-10-02 09:00:00+00:00,734.25
2020-10-02 10:00:00+00:00,534.75
2020-10-02 11:00:00+00:00,516.5
2020-10-02 12:00:00+00:00,497.75
2020-10-02 13:00:00+00:00,346.5
2020-10-02 14:00:00+00:00,311.5
2020-10-02 15:00:00+00:00,386.5
2020-10-02 16:00:00+00:00,474.0
2020-10-02 17:00:00+00:00,734.75
2020-10-02 18:00:00+00:00,508.6666666666667
2020-10-02 19:00:00+00:00,548.3333333333334
2020-10-02 20:00:00+00:00,368.5
2020-10-02 21:00:00+00:00,280.0
2020-10-02 22:00:00+00:00,223.75
2020-10-02 23:00:00+00:00,199.75
2020-10-03 00:00:00+00:00,198.75
2020-10-03 01:00:00+00:00,177.25
2020-10-03 02:00:00+00:00,189.75
2020-10-03 03:00:00+00:00,686.75
2020-10-03 04:00:00+00:00,424.75
2020-10-03 05:00:00+00:00,244.25
2020-10-03 06:00:00+00:00,1396.25
2020-10-03 07:00:00+00:00,990.0
2020-10-03 08:00:00+00:00,3610.25
2020-10-03 09:00:00+00:00,2594.75
2020-10-03 10:00:00+00:00,805.75
2020-10-03 11:00:00+00:00,321.75
2020-10-03 12:00:00+00:00,1978.5
2020-10-03 13:00:00+00:00,780.75
2020-10-03 14:00:00+00:00,2904.75
2020-10-03 15:00:00+00:00,2577.25
2020-10-03 16:00:00+00:00,1900.0
2020-10-03 17:00:00+00:00,1023.0
2020-10-03 18:00:00+00:00,1058.75
2020-10-03 19:00:00+00:00,775.25
2020-10-03 20:00:00+00:00,603.25
2020-10-03 21:00:00+00:00,414.0
2020-10-03 22:00:00+00:00,357.0
2020-10-03 23:00:00+00:00,324.25
2020-10-04 00:00:00+00:00,320.0
2020-10-04 01:00:00+00:00,277.5
2020-10-04 02:00:00+00:00,305.5
2020-10-04 03:00:00+00:00,501.75
2020-10-04 04:00:00+00:00,1048.0
2020-10-04 05:00:00+00:00,2307.5
2020-10-04 06:00:00+00:00,1716.25
2020-10-04 07:00:00+00:00,582.25
2020-10-04 08:00:00+00:00,639.0
2020-10-04 09:00:00+00:00,665.75
2020-10-04 10:00:00+00:00,2804.75
2020-10-04 11:00:00+00:00,2177.5
2020-10-04 12:00:00+00:00,3231.0
2020-10-04 13:00:00+00:00,659.25
2020-10-04 14:00:00+00:00,687.5
2020-10-04 15:00:00+00:00,3506.75
2020-10-04 16:00:00+00:00,1429.75
2020-10-04 17:00:00+00:00,2175.0
2020-10-04 18:00:00+00:00,2420.75
2020-10-04 19:00:00+00:00,871.75
2020-10-04 20:00:00+00:00,414.0
2020-10-04 21:00:00+00:00,344.5
2020-10-04 22:00:00+00:00,355.5
2020-10-04 23:00:00+00:00,344.5
2020-10-05 00:00:00+00:00,331.25
2020-10-05 01:00:00+00:00,309.5
2020-10-05 02:00:00+00:00,336.0
2020-10-05 03:00:00+00:00,878.25
2020-10-05 04:00:00+00:00,575.75
2020-10-05 05:00:00+00:00,318.5
2020-10-05 06:00:00+00:00,169.75
2020-10-05 07:00:00+00:00,264.5
2020-10-05 08:00:00+00:00,322.75
2020-10-05 09:00:00+00:00,460.75
2020-10-05 10:00:00+00:00,654.75
2020-10-05 11:00:00+00:00,436.0
2020-10-05 12:00:00+00:00,385.75
2020-10-05 13:00:00+00:00,787.25
2020-10-05 14:00:00+00:00,852.25
2020-10-05 15:00:00+00:00,765.75
2020-10-05 16:00:00+00:00,820.75
2020-10-05 17:00:00+00:00,805.25
2020-10-05 18:00:00+00:00,841.0
2020-10-05 19:00:00+00:00,771.75
2020-10-05 20:00:00+00:00,549.75
2020-10-05 21:00:00+00:00,298.25
2020-10-05 22:00:00+00:00,336.0
2020-10-05 23:00:00+00:00,325.75
2020-10-06 00:00:00+00:00,333.5
2020-10-06 01:00:00+00:00,308.25
2020-10-06 02:00:00+00:00,299.5
2020-10-06 03:00:00+00:00,885.5
2020-10-06 04:00:00+00:00,522.0
2020-10-06 05:00:00+00:00,341.25
2020-10-06 06:00:00+00:00,248.5
2020-10-06 07:00:00+00:00,1004.5
2020-10-06 08:00:00+00:00,404.5
2020-10-06 09:00:00+00:00,410.0
2020-10-06 10:00:00+00:00,500.0
2020-10-06 11:00:00+00:00,366.25
2020-10-06 12:00:00+00:00,362.75
2020-10-06 13:00:00+00:00,328.5
2020-10-06 14:00:00+00:00,466.0
2020-10-06 15:00:00+00:00,294.25
2020-10-06 16:00:00+00:00,1457.5
2020-10-06 17:00:00+00:00,1666.25
2020-10-06 18:00:00+00:00,5038.5
2020-10-06 19:00:00+00:00,3388.25
2020-10-06 20:00:00+00:00,431.25
2020-10-06 21:00:00+00:00,269.25
2020-10-06 22:00:00+00:00,305.25
2020-10-06 23:00:00+00:00,306.25
2020-10-07 00:00:00+00:00,331.75
2020-10-07 01:00:00+00:00,299.25
2020-10-07 02:00:00+00:00,317.0
2020-10-07 03:00:00+00:00,738.75
2020-10-07 04:00:00+00:00,589.5
2020-10-07 05:00:00+00:00,310.0
2020-10-07 06:00:00+00:00,266.25
2020-10-07 07:00:00+00:00,425.5
2020-10-07 08:00:00+00:00,380.0
2020-10-07 09:00:00+00:00,1457.25
2020-10-07 10:00:00+00:00,681.75
2020-10-07 11:00:00+00:00,629.75
2020-10-07 12:00:00+00:00,808.5
2020-10-07 13:00:00+00:00,346.75
2020-10-07 14:00:00+00:00,415.25
2020-10-07 15:00:00+00:00,522.75
2020-10-07 16:00:00+00:00,1570.0
2020-10-07 17:00:00+00:00,2303.5
2020-10-07 18:00:00+00:00,1072.75
2020-10-07 19:00:00+00:00,760.75
2020-10-07 20:00:00+00:00,450.75
2020-10-07 21:00:00+00:00,295.75
2020-10-07 22:00:00+00:00,266.5
2020-10-07 23:00:00+00:00,279.0
2020-10-08 00:00:00+00:00,331.0
2020-10-08 01:00:00+00:00,320.25
2020-10-08 02:00:00+00:00,301.75
2020-10-08 03:00:00+00:00,433.0
2020-10-08 04:00:00+00:00,584.75
2020-10-08 05:00:00+00:00,483.25
2020-10-08 06:00:00+00:00,415.5
2020-10-08 07:00:00+00:00,1672.0
2020-10-08 08:00:00+00:00,774.75
2020-10-08 09:00:00+00:00,1486.6666666666665
2020-10-08 10:00:00+00:00,2198.583333333333
2020-10-08 11:00:00+00:00,2910.5
2020-10-08 12:00:00+00:00,839.25
2020-10-08 13:00:00+00:00,3127.0
2020-10-08 14:00:00+00:00,485.5
2020-10-08 15:00:00+00:00,361.75
2020-10-08 16:00:00+00:00,650.5
2020-10-08 17:00:00+00:00,2802.75
2020-10-08 18:00:00+00:00,4412.5
2020-10-08 19:00:00+00:00,3344.25
2020-10-08 20:00:00+00:00,783.0
2020-10-08 21:00:00+00:00,477.25
2020-10-08 22:00:00+00:00,365.0
2020-10-08 23:00:00+00:00,307.0
2020-10-09 00:00:00+00:00,333.75
2020-10-09 01:00:00+00:00,353.0
2020-10-09 02:00:00+00:00,360.25
2020-10-09 03:00:00+00:00,647.5
2020-10-09 04:00:00+00:00,1128.25
2020-10-09 05:00:00+00:00,1584.75
2020-10-09 06:00:00+00:00,2420.75
2020-10-09 07:00:00+00:00,1007.0
2020-10-09 08:00:00+00:00,1476.75
2020-10-09 09:00:00+00:00,1023.75
2020-10-09 10:00:00+00:00,3215.5
2020-10-09 11:00:00+00:00,2646.75
2020-10-09 12:00:00+00:00,1807.5
2020-10-09 13:00:00+00:00,396.5
2020-10-09 14:00:00+00:00,903.5
2020-10-09 15:00:00+00:00,1675.75
2020-10-09 16:00:00+00:00,1307.5
2020-10-09 17:00:00+00:00,1894.75
2020-10-09 18:00:00+00:00,1174.5
2020-10-09 19:00:00+00:00,1534.5
2020-10-09 20:00:00+00:00,658.75
2020-10-09 21:00:00+00:00,534.75
2020-10-09 22:00:00+00:00,281.5
2020-10-09 23:00:00+00:00,316.75
2020-10-10 00:00:00+00:00,350.25
2020-10-10 01:00:00+00:00,316.0
2020-10-10 02:00:00+00:00,314.75
2020-10-10 03:00:00+00:00,475.25
2020-10-10 04:00:00+00:00,331.75
2020-10-10 05:00:00+00:00,364.0
2020-10-10 06:00:00+00:00,361.75
2020-10-10 07:00:00+00:00,2469.75
2020-10-10 08:00:00+00:00,746.0
2020-10-10 09:00:00+00:00,3141.5
2020-10-10 10:00:00+00:00,1032.25
2020-10-10 11:00:00+00:00,1671.25
2020-10-10 12:00:00+00:00,1037.0
2020-10-10 13:00:00+00:00,587.25
2020-10-10 14:00:00+00:00,1179.75
2020-10-10 15:00:00+00:00,859.5
2020-10-10 16:00:00+00:00,1179.75
2020-10-10 17:00:00+00:00,1477.5
2020-10-10 18:00:00+00:00,4045.75
2020-10-10 19:00:00+00:00,3958.0
2020-10-10 20:00:00+00:00,3033.5
2020-10-10 21:00:00+00:00,602.5
2020-10-10 22:00:00+00:00,415.5
2020-10-10 23:00:00+00:00,424.5
2020-10-11 00:00:00+00:00,395.5
2020-10-11 01:00:00+00:00,406.25
2020-10-11 02:00:00+00:00,406.0
2020-10-11 03:00:00+00:00,445.5
2020-10-11 04:00:00+00:00,396.0
2020-10-11 05:00:00+00:00,447.0
2020-10-11 06:00:00+00:00,956.25
2020-10-11 07:00:00+00:00,786.25
2020-10-11 08:00:00+00:00,624.75
2020-10-11 09:00:00+00:00,2145.25
2020-10-11 10:00:00+00:00,2078.5
2020-10-11 11:00:00+00:00,762.25
2020-10-11 12:00:00+00:00,702.0
2020-10-11 13:00:00+00:00,1136.0
2020-10-11 14:00:00+00:00,1373.5
2020-10-11 15:00:00+00:00,1083.25
2020-10-11 16:00:00+00:00,601.0
2020-10-11 17:00:00+00:00,925.5
2020-10-11 18:00:00+00:00,854.0
2020-10-11 19:00:00+00:00,857.5
2020-10-11 20:00:00+00:00,527.25
2020-10-11 21:00:00+00:00,329.75
2020-10-11 22:00:00+00:00,334.25
2020-10-11 23:00:00+00:00,399.25
2020-10-12 00:00:00+00:00,356.0
2020-10-12 01:00:00+00:00,273.0
2020-10-12 02:00:00+00:00,421.75
2020-10-12 03:00:00+00:00,803.75
2020-10-12 04:00:00+00:00,630.25
2020-10-12 05:00:00+00:00,350.75
2020-10-12 06:00:00+00:00,300.0
2020-10-12 07:00:00+00:00,424.75
2020-10-12 08:00:00+00:00,429.0
2020-10-12 09:00:00+00:00,453.25
2020-10-12 10:00:00+00:00,400.25
2020-10-12 11:00:00+00:00,404.25
2020-10-12 12:00:00+00:00,445.5
2020-10-12 13:00:00+00:00,508.0
2020-10-12 14:00:00+00:00,390.25
2020-10-12 15:00:00+00:00,292.5
2020-10-12 16:00:00+00:00,1200.0
2020-10-12 17:00:00+00:00,946.5
2020-10-12 18:00:00+00:00,747.0
2020-10-12 19:00:00+00:00,670.25
2020-10-12 20:00:00+00:00,386.0
2020-10-12 21:00:00+00:00,390.5
2020-10-12 22:00:00+00:00,383.5
2020-10-12 23:00:00+00:00,349.75
2020-10-13 00:00:00+00:00,347.75
2020-10-13 01:00:00+00:00,320.25
2020-10-13 02:00:00+00:00,415.5
2020-10-13 03:00:00+00:00,797.0
2020-10-13 04:00:00+00:00,603.5
2020-10-13 05:00:00+00:00,379.25
2020-10-13 06:00:00+00:00,231.5
2020-10-13 07:00:00+00:00,240.75
2020-10-13 08:00:00+00:00,330.75
2020-10-13 09:00:00+00:00,480.0
2020-10-13 10:00:00+00:00,906.25
2020-10-13 11:00:00+00:00,693.0
2020-10-13 12:00:00+00:00,375.75
2020-10-13 13:00:00+00:00,314.5
2020-10-13 14:00:00+00:00,340.25
2020-10-13 15:00:00+00:00,448.25
2020-10-13 16:00:00+00:00,789.75
2020-10-13 17:00:00+00:00,1072.5
2020-10-13 18:00:00+00:00,756.75
2020-10-13 19:00:00+00:00,606.25
2020-10-13 20:00:00+00:00,390.5
2020-10-13 21:00:00+00:00,281.25
2020-10-13 22:00:00+00:00,302.75
2020-10-13 23:00:00+00:00,341.0
2020-10-14 00:00:00+00:00,280.75
2020-10-14 01:00:00+00:00,282.5
2020-10-14 02:00:00+00:00,364.25
2020-10-14 03:00:00+00:00,751.5
2020-10-14 04:00:00+00:00,655.5
2020-10-14 05:00:00+00:00,410.25
2020-10-14 06:00:00+00:00,352.25
2020-10-14 07:00:00+00:00,697.25
2020-10-14 08:00:00+00:00,1084.25
2020-10-14 09:00:00+00:00,1171.5
2020-10-14 10:00:00+00:00,526.25
2020-10-14 11:00:00+00:00,458.5
2020-10-14 12:00:00+00:00,412.75
2020-10-14 13:00:00+00:00,876.5
2020-10-14 14:00:00+00:00,741.5
2020-10-14 15:00:00+00:00,791.5
2020-10-14 16:00:00+00:00,4078.5
2020-10-14 17:00:00+00:00,2442.75
2020-10-14 18:00:00+00:00,6086.5
2020-10-14 19:00:00+00:00,5410.25
2020-10-14 20:00:00+00:00,1267.0
2020-10-14 21:00:00+00:00,515.0
2020-10-14 22:00:00+00:00,527.25
2020-10-14 23:00:00+00:00,447.5
2020-10-15 00:00:00+00:00,365.5
2020-10-15 01:00:00+00:00,369.5
2020-10-15 02:00:00+00:00,378.75
2020-10-15 03:00:00+00:00,838.5
2020-10-15 04:00:00+00:00,588.5
2020-10-15 05:00:00+00:00,421.25
2020-10-15 06:00:00+00:00,294.25
2020-10-15 07:00:00+00:00,294.25
2020-10-15 08:00:00+00:00,342.0
2020-10-15 09:00:00+00:00,535.25
2020-10-15 10:00:00+00:00,470.0
2020-10-15 11:00:00+00:00,313.5
2020-10-15 12:00:00+00:00,755.0
2020-10-15 13:00:00+00:00,618.75
2020-10-15 14:00:00+00:00,728.75
2020-10-15 15:00:00+00:00,927.25
2020-10-15 16:00:00+00:00,994.25
2020-10-15 17:00:00+00:00,1838.25
2020-10-15 18:00:00+00:00,5163.75
2020-10-15 19:00:00+00:00,2136.5
2020-10-15 20:00:00+00:00,700.75
2020-10-15 21:00:00+00:00,327.25
2020-10-15 22:00:00+00:00,372.0
2020-10-15 23:00:00+00:00,437.0
2020-10-16 00:00:00+00:00,348.75
2020-10-16 01:00:00+00:00,331.25
2020-10-16 02:00:00+00:00,319.25
2020-10-16 03:00:00+00:00,779.0
2020-10-16 04:00:00+00:00,913.5
2020-10-16 05:00:00+00:00,1203.75
2020-10-16 06:00:00+00:00,327.75
2020-10-16 07:00:00+00:00,185.75
2020-10-16 08:00:00+00:00,269.75
2020-10-16 09:00:00+00:00,544.5
2020-10-16 10:00:00+00:00,531.0
2020-10-16 11:00:00+00:00,550.5
2020-10-16 12:00:00+00:00,571.0
2020-10-16 13:00:00+00:00,573.75
2020-10-16 14:00:00+00:00,569.5
2020-10-16 15:00:00+00:00,693.75
2020-10-16 16:00:00+00:00,809.5
2020-10-16 17:00:00+00:00,595.0
2020-10-16 18:00:00+00:00,532.0
2020-10-16 19:00:00+00:00,725.25
2020-10-16 20:00:00+00:00,618.75
2020-10-16 21:00:00+00:00,531.75
2020-10-16 22:00:00+00:00,503.5
2020-10-16 23:00:00+00:00,402.25
2020-10-17 00:00:00+00:00,367.0
2020-10-17 01:00:00+00:00,322.5
2020-10-17 02:00:00+00:00,368.25
2020-10-17 03:00:00+00:00,453.5
2020-10-17 04:00:00+00:00,643.5
2020-10-17 05:00:00+00:00,445.5
2020-10-17 06:00:00+00:00,339.75
2020-10-17 07:00:00+00:00,598.0
2020-10-17 08:00:00+00:00,1018.75
2020-10-17 09:00:00+00:00,890.5
2020-10-17 10:00:00+00:00,740.5
2020-10-17 11:00:00+00:00,610.75
2020-10-17 12:00:00+00:00,1331.25
2020-10-17 13:00:00+00:00,792.25
2020-10-17 14:00:00+00:00,706.0
2020-10-17 15:00:00+00:00,987.25
2020-10-17 16:00:00+00:00,974.25
2020-10-17 17:00:00+00:00,1163.5
2020-10-17 18:00:00+00:00,936.5
2020-10-17 19:00:00+00:00,916.75
2020-10-17 20:00:00+00:00,915.0
2020-10-17 21:00:00+00:00,672.5
2020-10-17 22:00:00+00:00,496.75
2020-10-17 23:00:00+00:00,358.0
2020-10-18 00:00:00+00:00,402.5
2020-10-18 01:00:00+00:00,358.0
2020-10-18 02:00:00+00:00,384.0
2020-10-18 03:00:00+00:00,478.25
2020-10-18 04:00:00+00:00,582.5
2020-10-18 05:00:00+00:00,597.0
2020-10-18 06:00:00+00:00,419.25
2020-10-18 07:00:00+00:00,426.0
2020-10-18 08:00:00+00:00,549.25
2020-10-18 09:00:00+00:00,1601.25
2020-10-18 10:00:00+00:00,1035.0
2020-10-18 11:00:00+00:00,455.5
2020-10-18 12:00:00+00:00,486.75
2020-10-18 13:00:00+00:00,662.0
2020-10-18 14:00:00+00:00,1043.75
2020-10-18 15:00:00+00:00,5555.75
2020-10-18 16:00:00+00:00,3951.0
2020-10-18 17:00:00+00:00,2339.25
2020-10-18 18:00:00+00:00,918.5
2020-10-18 19:00:00+00:00,883.0
2020-10-18 20:00:00+00:00,720.75
2020-10-18 21:00:00+00:00,340.0
2020-10-18 22:00:00+00:00,399.0
2020-10-18 23:00:00+00:00,316.5
2020-10-19 00:00:00+00:00,354.5
2020-10-19 01:00:00+00:00,370.5
2020-10-19 02:00:00+00:00,340.5
2020-10-19 03:00:00+00:00,788.0
2020-10-19 04:00:00+00:00,519.75
2020-10-19 05:00:00+00:00,445.5
2020-10-19 06:00:00+00:00,378.25
2020-10-19 07:00:00+00:00,979.0
2020-10-19 08:00:00+00:00,3560.5
2020-10-19 09:00:00+00:00,2154.0
2020-10-19 10:00:00+00:00,2019.25
2020-10-19 11:00:00+00:00,1329.0
2020-10-19 12:00:00+00:00,1778.75
2020-10-19 13:00:00+00:00,550.75
2020-10-19 14:00:00+00:00,618.5
2020-10-19 15:00:00+00:00,410.5
2020-10-19 16:00:00+00:00,1956.25
2020-10-19 17:00:00+00:00,1073.25
2020-10-19 18:00:00+00:00,1613.75
2020-10-19 19:00:00+00:00,1368.5
2020-10-19 20:00:00+00:00,591.5
2020-10-19 21:00:00+00:00,508.0
2020-10-19 22:00:00+00:00,477.0
2020-10-19 23:00:00+00:00,372.0
2020-10-20 00:00:00+00:00,414.75
2020-10-20 01:00:00+00:00,446.5
2020-10-20 02:00:00+00:00,380.25
2020-10-20 03:00:00+00:00,837.25
2020-10-20 04:00:00+00:00,585.75
2020-10-20 05:00:00+00:00,439.0
2020-10-20 06:00:00+00:00,427.75
2020-10-20 07:00:00+00:00,366.0
2020-10-20 08:00:00+00:00,912.0
2020-10-20 09:00:00+00:00,754.0
2020-10-20 10:00:00+00:00,864.25
2020-10-20 11:00:00+00:00,421.0
2020-10-20 12:00:00+00:00,402.25
2020-10-20 13:00:00+00:00,426.0
2020-10-20 14:00:00+00:00,432.0
2020-10-20 15:00:00+00:00,826.25
2020-10-20 16:00:00+00:00,1084.5
2020-10-20 17:00:00+00:00,881.5
2020-10-20 18:00:00+00:00,977.5
2020-10-20 19:00:00+00:00,817.5
2020-10-20 20:00:00+00:00,526.0
2020-10-20 21:00:00+00:00,376.75
2020-10-20 22:00:00+00:00,531.25
2020-10-20 23:00:00+00:00,486.0
2020-10-21 00:00:00+00:00,309.25
2020-10-21 01:00:00+00:00,350.0
2020-10-21 02:00:00+00:00,298.25
2020-10-21 03:00:00+00:00,889.5
2020-10-21 04:00:00+00:00,489.75
2020-10-21 05:00:00+00:00,403.75
2020-10-21 06:00:00+00:00,293.0
2020-10-21 07:00:00+00:00,329.75
2020-10-21 08:00:00+00:00,428.75
2020-10-21 09:00:00+00:00,1084.25
2020-10-21 10:00:00+00:00,837.0
2020-10-21 11:00:00+00:00,756.0
2020-10-21 12:00:00+00:00,2786.25
2020-10-21 13:00:00+00:00,746.75
2020-10-21 14:00:00+00:00,466.75
2020-10-21 15:00:00+00:00,1055.25
2020-10-21 16:00:00+00:00,1479.0
2020-10-21 17:00:00+00:00,1238.0
2020-10-21 18:00:00+00:00,888.75
2020-10-21 19:00:00+00:00,1082.0
2020-10-21 20:00:00+00:00,909.0
2020-10-21 21:00:00+00:00,344.25
2020-10-21 22:00:00+00:00,299.25
2020-10-21 23:00:00+00:00,307.0
2020-10-22 00:00:00+00:00,295.0
2020-10-22 01:00:00+00:00,283.0
2020-10-22 02:00:00+00:00,384.75
2020-10-22 03:00:00+00:00,785.6666666666666
2020-10-22 04:00:00+00:00,377.0
2020-10-22 05:00:00+00:00,407.25
2020-10-22 06:00:00+00:00,222.75
2020-10-22 07:00:00+00:00,384.75
2020-10-22 08:00:00+00:00,379.0
2020-10-22 09:00:00+00:00,485.25
2020-10-22 10:00:00+00:00,907.0
2020-10-22 11:00:00+00:00,389.25
2020-10-22 12:00:00+00:00,337.25
2020-10-22 13:00:00+00:00,333.0
2020-10-22 14:00:00+00:00,798.75
2020-10-22 15:00:00+00:00,805.75
2020-10-22 16:00:00+00:00,716.75
2020-10-22 17:00:00+00:00,1146.25
2020-10-22 18:00:00+00:00,1528.0
2020-10-22 19:00:00+00:00,1377.0
2020-10-22 20:00:00+00:00,956.75
2020-10-22 21:00:00+00:00,347.0
2020-10-22 22:00:00+00:00,331.0
2020-10-22 23:00:00+00:00,337.75
2020-10-23 00:00:00+00:00,301.25
2020-10-23 01:00:00+00:00,370.5
2020-10-23 02:00:00+00:00,353.25
2020-10-23 03:00:00+00:00,684.3333333333334
2020-10-23 04:00:00+00:00,962.25
2020-10-23 05:00:00+00:00,324.5
2020-10-23 06:00:00+00:00,348.75
2020-10-23 07:00:00+00:00,394.0
2020-10-23 08:00:00+00:00,504.5
2020-10-23 09:00:00+00:00,1258.5
2020-10-23 10:00:00+00:00,487.75
2020-10-23 11:00:00+00:00,291.25
2020-10-23 12:00:00+00:00,261.75
2020-10-23 13:00:00+00:00,2557.5
2020-10-23 14:00:00+00:00,1002.0
2020-10-23 15:00:00+00:00,1150.0
2020-10-23 16:00:00+00:00,3171.5
2020-10-23 17:00:00+00:00,967.0
2020-10-23 18:00:00+00:00,1268.25
2020-10-23 19:00:00+00:00,1134.25
2020-10-23 20:00:00+00:00,800.75
2020-10-23 21:00:00+00:00,547.75
2020-10-23 22:00:00+00:00,318.75
2020-10-23 23:00:00+00:00,318.5
2020-10-24 00:00:00+00:00,346.0
2020-10-24 01:00:00+00:00,416.25
2020-10-24 02:00:00+00:00,330.5
2020-10-24 03:00:00+00:00,459.5
2020-10-24 04:00:00+00:00,328.0
2020-10-24 05:00:00+00:00,420.25
2020-10-24 06:00:00+00:00,320.75
2020-10-24 07:00:00+00:00,475.75
2020-10-24 08:00:00+00:00,468.5
2020-10-24 09:00:00+00:00,424.75
2020-10-24 10:00:00+00:00,513.0
2020-10-24 11:00:00+00:00,421.5
2020-10-24 12:00:00+00:00,474.0
2020-10-24 13:00:00+00:00,440.25
2020-10-24 14:00:00+00:00,420.25
2020-10-24 15:00:00+00:00,312.5
2020-10-24 16:00:00+00:00,436.5
2020-10-24 17:00:00+00:00,477.75
2020-10-24 18:00:00+00:00,876.0
2020-10-24 19:00:00+00:00,697.75
2020-10-24 20:00:00+00:00,642.5
2020-10-24 21:00:00+00:00,457.75
2020-10-24 22:00:00+00:00,316.0
2020-10-24 23:00:00+00:00,290.0
2020-10-25 00:00:00+00:00,495.75
2020-10-25 01:00:00+00:00,348.5
2020-10-25 02:00:00+00:00,305.5
2020-10-25 03:00:00+00:00,785.5
2020-10-25 04:00:00+00:00,1035.5
2020-10-25 05:00:00+00:00,431.0
2020-10-25 06:00:00+00:00,319.25
2020-10-25 07:00:00+00:00,1526.25
2020-10-25 08:00:00+00:00,1128.5
2020-10-25 09:00:00+00:00,1619.5
2020-10-25 10:00:00+00:00,2557.5
2020-10-25 11:00:00+00:00,1235.5
2020-10-25 12:00:00+00:00,555.25
2020-10-25 13:00:00+00:00,518.0
2020-10-25 14:00:00+00:00,2617.5
2020-10-25 15:00:00+00:00,757.75
2020-10-25 16:00:00+00:00,5571.0
2020-10-25 17:00:00+00:00,3908.5
2020-10-25 18:00:00+00:00,3847.5
2020-10-25 19:00:00+00:00,2505.5
2020-10-25 20:00:00+00:00,689.75
2020-10-25 21:00:00+00:00,519.0
2020-10-25 22:00:00+00:00,309.0
2020-10-25 23:00:00+00:00,307.5
2020-10-26 00:00:00+00:00,339.75
2020-10-26 01:00:00+00:00,295.25
2020-10-26 02:00:00+00:00,267.0
2020-10-26 03:00:00+00:00,332.0
2020-10-26 04:00:00+00:00,669.25
2020-10-26 05:00:00+00:00,551.25
2020-10-26 06:00:00+00:00,272.25
2020-10-26 07:00:00+00:00,312.5
2020-10-26 08:00:00+00:00,9.0
2020-10-26 09:00:00+00:00,-499.5
2020-10-26 10:00:00+00:00,521.25
2020-10-26 11:00:00+00:00,365.25
2020-10-26 12:00:00+00:00,-612.5
2020-10-26 13:00:00+00:00,-302.0
2020-10-26 14:00:00+00:00,1607.0
2020-10-26 15:00:00+00:00,1827.0
2020-10-26 16:00:00+00:00,966.75
2020-10-26 17:00:00+00:00,1169.75
2020-10-26 18:00:00+00:00,772.75
2020-10-26 19:00:00+00:00,1070.25
2020-10-26 20:00:00+00:00,918.25
2020-10-26 21:00:00+00:00,354.75
2020-10-26 22:00:00+00:00,353.75
2020-10-26 23:00:00+00:00,327.0
2020-10-27 00:00:00+00:00,322.5
2020-10-27 01:00:00+00:00,307.75
2020-10-27 02:00:00+00:00,345.5
2020-10-27 03:00:00+00:00,349.0
2020-10-27 04:00:00+00:00,877.25
2020-10-27 05:00:00+00:00,466.0
2020-10-27 06:00:00+00:00,195.25
2020-10-27 07:00:00+00:00,-943.0
2020-10-27 08:00:00+00:00,-2700.75
2020-10-27 09:00:00+00:00,-2417.0
2020-10-27 10:00:00+00:00,-3997.0
2020-10-27 11:00:00+00:00,-1711.0
2020-10-27 12:00:00+00:00,-1558.25
2020-10-27 13:00:00+00:00,-209.0
2020-10-27 14:00:00+00:00,-944.75
2020-10-27 15:00:00+00:00,37.75
2020-10-27 16:00:00+00:00,455.25
2020-10-27 17:00:00+00:00,1135.0
2020-10-27 18:00:00+00:00,1153.25
2020-10-27 19:00:00+00:00,851.5
2020-10-27 20:00:00+00:00,620.0
2020-10-27 21:00:00+00:00,453.25
2020-10-27 22:00:00+00:00,324.75
2020-10-27 23:00:00+00:00,340.25
2020-10-28 00:00:00+00:00,335.0
2020-10-28 01:00:00+00:00,335.5
2020-10-28 02:00:00+00:00,341.25
2020-10-28 03:00:00+00:00,445.5
2020-10-28 04:00:00+00:00,748.75
2020-10-28 05:00:00+00:00,446.5
2020-10-28 06:00:00+00:00,360.5
2020-10-28 07:00:00+00:00,233.0
2020-10-28 08:00:00+00:00,-224.75
2020-10-28 09:00:00+00:00,-833.25
2020-10-28 10:00:00+00:00,-1608.25
2020-10-28 11:00:00+00:00,-919.5
2020-10-28 12:00:00+00:00,-2116.0
2020-10-28 13:00:00+00:00,-1152.25
2020-10-28 14:00:00+00:00,557.25
2020-10-28 15:00:00+00:00,537.0
2020-10-28 16:00:00+00:00,468.75
2020-10-28 17:00:00+00:00,2937.0
2020-10-28 18:00:00+00:00,2409.0
2020-10-28 19:00:00+00:00,1245.5
2020-10-28 20:00:00+00:00,674.5
2020-10-28 21:00:00+00:00,570.75
2020-10-28 22:00:00+00:00,316.25
2020-10-28 23:00:00+00:00,316.0
2020-10-29 00:00:00+00:00,315.5
2020-10-29 01:00:00+00:00,279.0
2020-10-29 02:00:00+00:00,324.25
2020-10-29 03:00:00+00:00,332.25
2020-10-29 04:00:00+00:00,778.75
2020-10-29 05:00:00+00:00,406.25
2020-10-29 06:00:00+00:00,359.75
2020-10-29 07:00:00+00:00,524.5
2020-10-29 08:00:00+00:00,207.75
2020-10-29 09:00:00+00:00,-993.25
2020-10-29 10:00:00+00:00,1143.25
2020-10-29 11:00:00+00:00,-968.0
2020-10-29 12:00:00+00:00,-815.0
2020-10-29 13:00:00+00:00,1422.5
2020-10-29 14:00:00+00:00,677.25
2020-10-29 15:00:00+00:00,528.5
2020-10-29 16:00:00+00:00,1071.5
2020-10-29 17:00:00+00:00,1136.25
2020-10-29 18:00:00+00:00,1260.0
2020-10-29 19:00:00+00:00,764.5
2020-10-29 20:00:00+00:00,735.75
2020-10-29 21:00:00+00:00,587.75
2020-10-29 22:00:00+00:00,298.25
2020-10-29 23:00:00+00:00,291.75
2020-10-30 00:00:00+00:00,301.75
2020-10-30 01:00:00+00:00,315.75
2020-10-30 02:00:00+00:00,297.5
2020-10-30 03:00:00+00:00,319.0
2020-10-30 04:00:00+00:00,686.25
2020-10-30 05:00:00+00:00,755.0
2020-10-30 06:00:00+00:00,876.25
2020-10-30 07:00:00+00:00,648.0
2020-10-30 08:00:00+00:00,309.0
2020-10-30 09:00:00+00:00,-180.25
2020-10-30 10:00:00+00:00,-520.5
2020-10-30 11:00:00+00:00,-430.0
2020-10-30 12:00:00+00:00,-1585.5
2020-10-30 13:00:00+00:00,-168.75
2020-10-30 14:00:00+00:00,452.0
2020-10-30 15:00:00+00:00,715.0
2020-10-30 16:00:00+00:00,822.5
2020-10-30 17:00:00+00:00,687.75
2020-10-30 18:00:00+00:00,652.75
2020-10-30 19:00:00+00:00,646.5
2020-10-30 20:00:00+00:00,627.5
2020-10-30 21:00:00+00:00,591.0
2020-10-30 22:00:00+00:00,298.0
2020-10-30 23:00:00+00:00,306.25
2020-10-31 00:00:00+00:00,327.75
2020-10-31 01:00:00+00:00,300.0
2020-10-31 02:00:00+00:00,328.0
2020-10-31 03:00:00+00:00,294.5
2020-10-31 04:00:00+00:00,410.0
2020-10-31 05:00:00+00:00,417.5
2020-10-31 06:00:00+00:00,298.25
2020-10-31 07:00:00+00:00,671.0
2020-10-31 08:00:00+00:00,-600.75
2020-10-31 09:00:00+00:00,-560.75
2020-10-31 10:00:00+00:00,660.0
2020-10-31 11:00:00+00:00,1288.5
2020-10-31 12:00:00+00:00,-2441.75
2020-10-31 13:00:00+00:00,-2346.0
2020-10-31 14:00:00+00:00,-962.0
2020-10-31 15:00:00+00:00,298.25
2020-10-31 16:00:00+00:00,1729.5
2020-10-31 17:00:00+00:00,2455.25
2020-10-31 18:00:00+00:00,1262.5
2020-10-31 19:00:00+00:00,958.25
2020-10-31 20:00:00+00:00,770.0
2020-10-31 21:00:00+00:00,632.0
2020-10-31 22:00:00+00:00,361.0
2020-10-31 23:00:00+00:00,321.5
2020-11-01 00:00:00+00:00,335.25
2020-11-01 01:00:00+00:00,323.5
2020-11-01 02:00:00+00:00,283.25
2020-11-01 03:00:00+00:00,328.0
2020-11-01 04:00:00+00:00,336.6666666666667
2020-11-01 05:00:00+00:00,418.5
2020-11-01 06:00:00+00:00,731.25
2020-11-01 07:00:00+00:00,1043.0
2020-11-01 08:00:00+00:00,169.5
2020-11-01 09:00:00+00:00,312.0
2020-11-01 10:00:00+00:00,2228.5
2020-11-01 11:00:00+00:00,2130.75
2020-11-01 12:00:00+00:00,316.0
2020-11-01 13:00:00+00:00,146.25
2020-11-01 14:00:00+00:00,-132.75
2020-11-01 15:00:00+00:00,512.25
2020-11-01 16:00:00+00:00,396.75
2020-11-01 17:00:00+00:00,398.25
2020-11-01 18:00:00+00:00,452.0
2020-11-01 19:00:00+00:00,452.5
2020-11-01 20:00:00+00:00,753.75
2020-11-01 21:00:00+00:00,457.0
2020-11-01 22:00:00+00:00,393.5
2020-11-01 23:00:00+00:00,291.5
2020-11-02 00:00:00+00:00,47.375
2020-11-02 01:00:00+00:00,-196.75
2020-11-02 02:00:00+00:00,-440.875
2020-11-02 03:00:00+00:00,-685.0
2020-11-02 04:00:00+00:00,
2020-11-02 05:00:00+00:00,
2020-11-02 06:00:00+00:00,
2020-11-02 07:00:00+00:00,
2020-11-02 08:00:00+00:00,
2020-11-02 09:00:00+00:00,
2020-11-02 10:00:00+00:00,
2020-11-02 11:00:00+00:00,-2638.0
2020-11-02 12:00:00+00:00,-1781.5
2020-11-02 13:00:00+00:00,-1240.75
2020-11-02 14:00:00+00:00,-263.0
2020-11-02 15:00:00+00:00,345.75
2020-11-02 16:00:00+00:00,901.25
2020-11-02 17:00:00+00:00,911.75
2020-11-02 18:00:00+00:00,1428.75
2020-11-02 19:00:00+00:00,1132.5
2020-11-02 20:00:00+00:00,1503.5
2020-11-02 21:00:00+00:00,721.25
2020-11-02 22:00:00+00:00,562.5
2020-11-02 23:00:00+00:00,305.25
2020-11-03 00:00:00+00:00,276.0
2020-11-03 01:00:00+00:00,292.75
2020-11-03 02:00:00+00:00,189.25
2020-11-03 03:00:00+00:00,340.0
2020-11-03 04:00:00+00:00,849.75
2020-11-03 05:00:00+00:00,324.0
2020-11-03 06:00:00+00:00,369.75
2020-11-03 07:00:00+00:00,362.0
2020-11-03 08:00:00+00:00,-462.0
2020-11-03 09:00:00+00:00,-678.75
2020-11-03 10:00:00+00:00,-901.5
2020-11-03 11:00:00+00:00,197.5
2020-11-03 12:00:00+00:00,-734.5
2020-11-03 13:00:00+00:00,2329.25
2020-11-03 14:00:00+00:00,327.75
2020-11-03 15:00:00+00:00,1489.0
2020-11-03 16:00:00+00:00,739.25
2020-11-03 17:00:00+00:00,1004.5
2020-11-03 18:00:00+00:00,875.0
2020-11-03 19:00:00+00:00,977.0
2020-11-03 20:00:00+00:00,1064.0
2020-11-03 21:00:00+00:00,605.75
2020-11-03 22:00:00+00:00,295.0
2020-11-03 23:00:00+00:00,291.75
2020-11-04 00:00:00+00:00,315.0
2020-11-04 01:00:00+00:00,279.0
2020-11-04 02:00:00+00:00,272.5
2020-11-04 03:00:00+00:00,307.75
2020-11-04 04:00:00+00:00,1408.25
2020-11-04 05:00:00+00:00,1067.5
2020-11-04 06:00:00+00:00,707.75
2020-11-04 07:00:00+00:00,-253.5
2020-11-04 08:00:00+00:00,-894.75
2020-11-04 09:00:00+00:00,-1012.5
2020-11-04 10:00:00+00:00,-1381.75
2020-11-04 11:00:00+00:00,-2402.5
2020-11-04 12:00:00+00:00,-966.5
2020-11-04 13:00:00+00:00,-653.0
2020-11-04 14:00:00+00:00,86.25
2020-11-04 15:00:00+00:00,629.5
2020-11-04 16:00:00+00:00,894.75
2020-11-04 17:00:00+00:00,1615.25
2020-11-04 18:00:00+00:00,1159.5
2020-11-04 19:00:00+00:00,1146.5
2020-11-04 20:00:00+00:00,605.75
2020-11-04 21:00:00+00:00,431.75
2020-11-04 22:00:00+00:00,367.0
2020-11-04 23:00:00+00:00,360.0
2020-11-05 00:00:00+00:00,305.75
2020-11-05 01:00:00+00:00,352.25
2020-11-05 02:00:00+00:00,329.75
2020-11-05 03:00:00+00:00,326.75
2020-11-05 04:00:00+00:00,877.25
2020-11-05 05:00:00+00:00,468.5
2020-11-05 06:00:00+00:00,59.75
2020-11-05 07:00:00+00:00,-2201.0
2020-11-05 08:00:00+00:00,-3401.5
2020-11-05 09:00:00+00:00,-3807.5
2020-11-05 10:00:00+00:00,-4041.25
2020-11-05 11:00:00+00:00,-3085.25
2020-11-05 12:00:00+00:00,-1685.0
2020-11-05 13:00:00+00:00,-2027.75
2020-11-05 14:00:00+00:00,-564.0
2020-11-05 15:00:00+00:00,17.25
2020-11-05 16:00:00+00:00,452.75
2020-11-05 17:00:00+00:00,710.75
2020-11-05 18:00:00+00:00,1037.5
2020-11-05 19:00:00+00:00,-272.5
2020-11-05 20:00:00+00:00,1083.0
2020-11-05 21:00:00+00:00,407.75
2020-11-05 22:00:00+00:00,335.25
2020-11-05 23:00:00+00:00,637.25
2020-11-06 00:00:00+00:00,436.0
2020-11-06 01:00:00+00:00,318.5
2020-11-06 02:00:00+00:00,339.0
2020-11-06 03:00:00+00:00,311.25
2020-11-06 04:00:00+00:00,623.0
2020-11-06 05:00:00+00:00,827.5
2020-11-06 06:00:00+00:00,1317.0
2020-11-06 07:00:00+00:00,744.5
2020-11-06 08:00:00+00:00,1748.5
2020-11-06 09:00:00+00:00,868.0
2020-11-06 10:00:00+00:00,559.25
2020-11-06 11:00:00+00:00,976.75
2020-11-06 12:00:00+00:00,527.0
2020-11-06 13:00:00+00:00,458.75
2020-11-06 14:00:00+00:00,449.0
2020-11-06 15:00:00+00:00,1335.75
2020-11-06 16:00:00+00:00,2632.5
2020-11-06 17:00:00+00:00,2017.0
2020-11-06 18:00:00+00:00,1401.5
2020-11-06 19:00:00+00:00,786.0
2020-11-06 20:00:00+00:00,1076.75
2020-11-06 21:00:00+00:00,451.75
2020-11-06 22:00:00+00:00,352.0
2020-11-06 23:00:00+00:00,373.5
2020-11-07 00:00:00+00:00,331.0
2020-11-07 01:00:00+00:00,351.25
2020-11-07 02:00:00+00:00,364.75
2020-11-07 03:00:00+00:00,343.0
2020-11-07 04:00:00+00:00,485.5
2020-11-07 05:00:00+00:00,839.5
2020-11-07 06:00:00+00:00,2605.25
2020-11-07 07:00:00+00:00,1440.0
2020-11-07 08:00:00+00:00,1393.5
2020-11-07 09:00:00+00:00,1348.75
2020-11-07 10:00:00+00:00,480.75
2020-11-07 11:00:00+00:00,845.5
2020-11-07 12:00:00+00:00,653.5
2020-11-07 13:00:00+00:00,471.25
2020-11-07 14:00:00+00:00,489.25
2020-11-07 15:00:00+00:00,667.5
2020-11-07 16:00:00+00:00,5044.0
2020-11-07 17:00:00+00:00,3408.5
2020-11-07 18:00:00+00:00,4700.75
2020-11-07 19:00:00+00:00,753.5
2020-11-07 20:00:00+00:00,651.0
2020-11-07 21:00:00+00:00,456.0
2020-11-07 22:00:00+00:00,425.25
2020-11-07 23:00:00+00:00,383.25
2020-11-08 00:00:00+00:00,362.25
2020-11-08 01:00:00+00:00,347.5
2020-11-08 02:00:00+00:00,356.25
2020-11-08 03:00:00+00:00,328.5
2020-11-08 04:00:00+00:00,422.25
2020-11-08 05:00:00+00:00,368.0
2020-11-08 06:00:00+00:00,682.0
2020-11-08 07:00:00+00:00,1033.5
2020-11-08 08:00:00+00:00,597.75
2020-11-08 09:00:00+00:00,916.75
2020-11-08 10:00:00+00:00,797.5
2020-11-08 11:00:00+00:00,1611.5
2020-11-08 12:00:00+00:00,1081.5
2020-11-08 13:00:00+00:00,631.25
2020-11-08 14:00:00+00:00,699.0
2020-11-08 15:00:00+00:00,1913.0
2020-11-08 16:00:00+00:00,1390.25
2020-11-08 17:00:00+00:00,1227.0
2020-11-08 18:00:00+00:00,952.75
2020-11-08 19:00:00+00:00,901.5
2020-11-08 20:00:00+00:00,895.5
2020-11-08 21:00:00+00:00,560.75
2020-11-08 22:00:00+00:00,362.0
2020-11-08 23:00:00+00:00,357.75
2020-11-09 00:00:00+00:00,331.5
2020-11-09 01:00:00+00:00,384.5
2020-11-09 02:00:00+00:00,387.75
2020-11-09 03:00:00+00:00,379.75
2020-11-09 04:00:00+00:00,967.75
2020-11-09 05:00:00+00:00,489.75
2020-11-09 06:00:00+00:00,502.75
2020-11-09 07:00:00+00:00,460.75
2020-11-09 08:00:00+00:00,440.5
2020-11-09 09:00:00+00:00,503.75
2020-11-09 10:00:00+00:00,501.25
2020-11-09 11:00:00+00:00,623.75
2020-11-09 12:00:00+00:00,427.5
2020-11-09 13:00:00+00:00,439.5
2020-11-09 14:00:00+00:00,466.75
2020-11-09 15:00:00+00:00,502.75
2020-11-09 16:00:00+00:00,917.5
2020-11-09 17:00:00+00:00,821.75
2020-11-09 18:00:00+00:00,776.0
2020-11-09 19:00:00+00:00,1449.75
2020-11-09 20:00:00+00:00,1090.5
2020-11-09 21:00:00+00:00,481.5
2020-11-09 22:00:00+00:00,278.0
2020-11-09 23:00:00+00:00,348.0
2020-11-10 00:00:00+00:00,332.0
2020-11-10 01:00:00+00:00,354.25
2020-11-10 02:00:00+00:00,356.0
2020-11-10 03:00:00+00:00,298.75
2020-11-10 04:00:00+00:00,844.0
2020-11-10 05:00:00+00:00,484.25
2020-11-10 06:00:00+00:00,367.25
2020-11-10 07:00:00+00:00,255.5
2020-11-10 08:00:00+00:00,281.25
2020-11-10 09:00:00+00:00,344.75
2020-11-10 10:00:00+00:00,503.75
2020-11-10 11:00:00+00:00,419.75
2020-11-10 12:00:00+00:00,272.0
2020-11-10 13:00:00+00:00,215.5
2020-11-10 14:00:00+00:00,345.0
2020-11-10 15:00:00+00:00,466.25
2020-11-10 16:00:00+00:00,1285.5
2020-11-10 17:00:00+00:00,3188.0
2020-11-10 18:00:00+00:00,5716.0
2020-11-10 19:00:00+00:00,3151.25
2020-11-10 20:00:00+00:00,1371.5
2020-11-10 21:00:00+00:00,614.5
2020-11-10 22:00:00+00:00,382.0
2020-11-10 23:00:00+00:00,381.0
2020-11-11 00:00:00+00:00,340.75
2020-11-11 01:00:00+00:00,348.0
2020-11-11 02:00:00+00:00,413.5
2020-11-11 03:00:00+00:00,785.5
2020-11-11 04:00:00+00:00,751.5
2020-11-11 05:00:00+00:00,470.5
2020-11-11 06:00:00+00:00,505.0
2020-11-11 07:00:00+00:00,294.0
2020-11-11 08:00:00+00:00,290.75
2020-11-11 09:00:00+00:00,230.75
2020-11-11 10:00:00+00:00,429.5
2020-11-11 11:00:00+00:00,359.25
2020-11-11 12:00:00+00:00,471.5
2020-11-11 13:00:00+00:00,393.5
2020-11-11 14:00:00+00:00,124.25
2020-11-11 15:00:00+00:00,515.75
2020-11-11 16:00:00+00:00,970.5
2020-11-11 17:00:00+00:00,1128.0
2020-11-11 18:00:00+00:00,1154.25
2020-11-11 19:00:00+00:00,820.5
2020-11-11 20:00:00+00:00,749.25
2020-11-11 21:00:00+00:00,369.0
2020-11-11 22:00:00+00:00,294.5
2020-11-11 23:00:00+00:00,289.25
2020-11-12 00:00:00+00:00,342.5
2020-11-12 01:00:00+00:00,298.75
2020-11-12 02:00:00+00:00,295.75
2020-11-12 03:00:00+00:00,292.5
2020-11-12 04:00:00+00:00,799.75
2020-11-12 05:00:00+00:00,433.25
2020-11-12 06:00:00+00:00,347.75
2020-11-12 07:00:00+00:00,453.5
2020-11-12 08:00:00+00:00,-147.5
2020-11-12 09:00:00+00:00,-336.25
2020-11-12 10:00:00+00:00,-548.0
2020-11-12 11:00:00+00:00,-634.75
2020-11-12 12:00:00+00:00,-2373.0
2020-11-12 13:00:00+00:00,-950.0
2020-11-12 14:00:00+00:00,395.5
2020-11-12 15:00:00+00:00,583.5
2020-11-12 16:00:00+00:00,637.5
2020-11-12 17:00:00+00:00,1059.25
2020-11-12 18:00:00+00:00,802.5
2020-11-12 19:00:00+00:00,1151.5
2020-11-12 20:00:00+00:00,833.25
2020-11-12 21:00:00+00:00,640.5
2020-11-12 22:00:00+00:00,366.25
2020-11-12 23:00:00+00:00,337.0
2020-11-13 00:00:00+00:00,327.5
2020-11-13 01:00:00+00:00,311.0
2020-11-13 02:00:00+00:00,320.0
2020-11-13 03:00:00+00:00,376.25
2020-11-13 04:00:00+00:00,589.5
2020-11-13 05:00:00+00:00,680.5
2020-11-13 06:00:00+00:00,655.5
2020-11-13 07:00:00+00:00,1453.5
2020-11-13 08:00:00+00:00,-258.0
2020-11-13 09:00:00+00:00,-299.0
2020-11-13 10:00:00+00:00,1774.25
2020-11-13 11:00:00+00:00,1250.5
2020-11-13 12:00:00+00:00,433.0
2020-11-13 13:00:00+00:00,2161.75
2020-11-13 14:00:00+00:00,2623.0
2020-11-13 15:00:00+00:00,512.0
2020-11-13 16:00:00+00:00,1089.5
2020-11-13 17:00:00+00:00,1261.25
2020-11-13 18:00:00+00:00,3755.0
2020-11-13 19:00:00+00:00,5226.75
2020-11-13 20:00:00+00:00,2134.75
2020-11-13 21:00:00+00:00,606.0
2020-11-13 22:00:00+00:00,492.25
2020-11-13 23:00:00+00:00,351.5
2020-11-14 00:00:00+00:00,319.0
2020-11-14 01:00:00+00:00,280.25
2020-11-14 02:00:00+00:00,301.5
2020-11-14 03:00:00+00:00,303.75
2020-11-14 04:00:00+00:00,439.75
2020-11-14 05:00:00+00:00,303.75
2020-11-14 06:00:00+00:00,350.25
2020-11-14 07:00:00+00:00,-825.25
2020-11-14 08:00:00+00:00,-1149.25
2020-11-14 09:00:00+00:00,634.5
2020-11-14 10:00:00+00:00,1658.25
2020-11-14 11:00:00+00:00,1474.0
2020-11-14 12:00:00+00:00,1275.5
2020-11-14 13:00:00+00:00,-805.25
2020-11-14 14:00:00+00:00,-786.75
2020-11-14 15:00:00+00:00,794.75
2020-11-14 16:00:00+00:00,1773.5
2020-11-14 17:00:00+00:00,1184.5
2020-11-14 18:00:00+00:00,966.0
2020-11-14 19:00:00+00:00,1058.25
2020-11-14 20:00:00+00:00,794.25
2020-11-14 21:00:00+00:00,637.0
2020-11-14 22:00:00+00:00,538.25
2020-11-14 23:00:00+00:00,376.25
2020-11-15 00:00:00+00:00,377.75
2020-11-15 01:00:00+00:00,414.25
2020-11-15 02:00:00+00:00,397.0
2020-11-15 03:00:00+00:00,387.6666666666667
2020-11-15 04:00:00+00:00,447.5
2020-11-15 05:00:00+00:00,492.75
2020-11-15 06:00:00+00:00,733.25
2020-11-15 07:00:00+00:00,222.25
2020-11-15 08:00:00+00:00,-1937.0
2020-11-15 09:00:00+00:00,-2719.0
2020-11-15 10:00:00+00:00,-1554.5
2020-11-15 11:00:00+00:00,-1497.75
2020-11-15 12:00:00+00:00,-847.25
2020-11-15 13:00:00+00:00,-1131.0
2020-11-15 14:00:00+00:00,-600.5
2020-11-15 15:00:00+00:00,4852.0
2020-11-15 16:00:00+00:00,3214.0
2020-11-15 17:00:00+00:00,2166.0
2020-11-15 18:00:00+00:00,1039.75
2020-11-15 19:00:00+00:00,1330.0
2020-11-15 20:00:00+00:00,802.0
2020-11-15 21:00:00+00:00,862.0
2020-11-15 22:00:00+00:00,337.75
2020-11-15 23:00:00+00:00,317.75
2020-11-16 00:00:00+00:00,313.5
2020-11-16 01:00:00+00:00,300.5
2020-11-16 02:00:00+00:00,320.25
2020-11-16 03:00:00+00:00,308.5
2020-11-16 04:00:00+00:00,1132.0
2020-11-16 05:00:00+00:00,424.5
2020-11-16 06:00:00+00:00,368.0
2020-11-16 07:00:00+00:00,204.0
2020-11-16 08:00:00+00:00,-536.75
2020-11-16 09:00:00+00:00,-553.0
2020-11-16 10:00:00+00:00,1061.0
2020-11-16 11:00:00+00:00,-72.5
2020-11-16 12:00:00+00:00,-1165.0
2020-11-16 13:00:00+00:00,-912.0
2020-11-16 14:00:00+00:00,48.25
2020-11-16 15:00:00+00:00,1119.75
2020-11-16 16:00:00+00:00,1834.5
2020-11-16 17:00:00+00:00,987.25
2020-11-16 18:00:00+00:00,1109.0
2020-11-16 19:00:00+00:00,1740.0
2020-11-16 20:00:00+00:00,646.0
2020-11-16 21:00:00+00:00,393.25
2020-11-16 22:00:00+00:00,304.75
2020-11-16 23:00:00+00:00,332.5
2020-11-17 00:00:00+00:00,318.75
2020-11-17 01:00:00+00:00,306.5
2020-11-17 02:00:00+00:00,378.75
2020-11-17 03:00:00+00:00,318.5
2020-11-17 04:00:00+00:00,738.25
2020-11-17 05:00:00+00:00,457.0
2020-11-17 06:00:00+00:00,421.5
2020-11-17 07:00:00+00:00,296.5
2020-11-17 08:00:00+00:00,-729.75
2020-11-17 09:00:00+00:00,-2729.0
2020-11-17 10:00:00+00:00,-2887.25
2020-11-17 11:00:00+00:00,-1625.5
2020-11-17 12:00:00+00:00,-1288.5
2020-11-17 13:00:00+00:00,-838.0
2020-11-17 14:00:00+00:00,72.25
2020-11-17 15:00:00+00:00,416.5
2020-11-17 16:00:00+00:00,1068.0
2020-11-17 17:00:00+00:00,1233.75
2020-11-17 18:00:00+00:00,4920.5
2020-11-17 19:00:00+00:00,4197.0
2020-11-17 20:00:00+00:00,464.5
2020-11-17 21:00:00+00:00,350.25
2020-11-17 22:00:00+00:00,271.75
2020-11-17 23:00:00+00:00,774.75
2020-11-18 00:00:00+00:00,298.25
2020-11-18 01:00:00+00:00,329.25
2020-11-18 02:00:00+00:00,331.5
2020-11-18 03:00:00+00:00,305.75
2020-11-18 04:00:00+00:00,1218.0
2020-11-18 05:00:00+00:00,493.75
2020-11-18 06:00:00+00:00,304.25
2020-11-18 07:00:00+00:00,-888.0
2020-11-18 08:00:00+00:00,-2725.0
2020-11-18 09:00:00+00:00,-3008.75
2020-11-18 10:00:00+00:00,-3226.5
2020-11-18 11:00:00+00:00,-2679.0
2020-11-18 12:00:00+00:00,-2235.75
2020-11-18 13:00:00+00:00,-540.0
2020-11-18 14:00:00+00:00,-638.0
2020-11-18 15:00:00+00:00,443.25
2020-11-18 16:00:00+00:00,530.0
2020-11-18 17:00:00+00:00,1015.0
2020-11-18 18:00:00+00:00,971.5
2020-11-18 19:00:00+00:00,636.75
2020-11-18 20:00:00+00:00,628.75
2020-11-18 21:00:00+00:00,562.25
2020-11-18 22:00:00+00:00,431.5
2020-11-18 23:00:00+00:00,611.0
2020-11-19 00:00:00+00:00,408.0
2020-11-19 01:00:00+00:00,341.25
2020-11-19 02:00:00+00:00,309.75
2020-11-19 03:00:00+00:00,350.25
2020-11-19 04:00:00+00:00,1175.75
2020-11-19 05:00:00+00:00,497.75
2020-11-19 06:00:00+00:00,374.5
2020-11-19 07:00:00+00:00,477.5
2020-11-19 08:00:00+00:00,51.75
2020-11-19 09:00:00+00:00,120.0
2020-11-19 10:00:00+00:00,509.75
2020-11-19 11:00:00+00:00,184.25
2020-11-19 12:00:00+00:00,-377.5
2020-11-19 13:00:00+00:00,-877.0
2020-11-19 14:00:00+00:00,1310.0
2020-11-19 15:00:00+00:00,687.25
2020-11-19 16:00:00+00:00,444.5
2020-11-19 17:00:00+00:00,732.25
2020-11-19 18:00:00+00:00,3652.75
2020-11-19 19:00:00+00:00,5189.0
2020-11-19 20:00:00+00:00,3494.75
2020-11-19 21:00:00+00:00,595.25
2020-11-19 22:00:00+00:00,321.25
2020-11-19 23:00:00+00:00,379.5
2020-11-20 00:00:00+00:00,369.25
2020-11-20 01:00:00+00:00,400.5
2020-11-20 02:00:00+00:00,319.25
2020-11-20 03:00:00+00:00,343.0
2020-11-20 04:00:00+00:00,595.75
2020-11-20 05:00:00+00:00,1461.5
2020-11-20 06:00:00+00:00,1018.75
2020-11-20 07:00:00+00:00,-728.0
2020-11-20 08:00:00+00:00,-259.25
2020-11-20 09:00:00+00:00,-565.5
2020-11-20 10:00:00+00:00,-1971.0
2020-11-20 11:00:00+00:00,-1833.75
2020-11-20 12:00:00+00:00,-889.25
2020-11-20 13:00:00+00:00,465.0
2020-11-20 14:00:00+00:00,1702.0
2020-11-20 15:00:00+00:00,3471.75
2020-11-20 16:00:00+00:00,2512.0
2020-11-20 17:00:00+00:00,2517.25
2020-11-20 18:00:00+00:00,2823.75
2020-11-20 19:00:00+00:00,1443.5
2020-11-20 20:00:00+00:00,645.75
2020-11-20 21:00:00+00:00,512.0
2020-11-20 22:00:00+00:00,380.0
2020-11-20 23:00:00+00:00,653.5
2020-11-21 00:00:00+00:00,371.5
2020-11-21 01:00:00+00:00,322.5
2020-11-21 02:00:00+00:00,379.0
2020-11-21 03:00:00+00:00,356.25
2020-11-21 04:00:00+00:00,405.5
2020-11-21 05:00:00+00:00,390.5
2020-11-21 06:00:00+00:00,531.75
2020-11-21 07:00:00+00:00,141.25
2020-11-21 08:00:00+00:00,-292.25
2020-11-21 09:00:00+00:00,-83.25
2020-11-21 10:00:00+00:00,-1645.75
2020-11-21 11:00:00+00:00,-1700.5
2020-11-21 12:00:00+00:00,-1187.25
2020-11-21 13:00:00+00:00,-131.5
2020-11-21 14:00:00+00:00,676.75
2020-11-21 15:00:00+00:00,540.25
2020-11-21 16:00:00+00:00,800.25
2020-11-21 17:00:00+00:00,2063.75
2020-11-21 18:00:00+00:00,1670.0
2020-11-21 19:00:00+00:00,951.25
2020-11-21 20:00:00+00:00,1472.5
2020-11-21 21:00:00+00:00,1150.25
2020-11-21 22:00:00+00:00,514.0
2020-11-21 23:00:00+00:00,475.0
2020-11-22 00:00:00+00:00,433.25
2020-11-22 01:00:00+00:00,350.25
2020-11-22 02:00:00+00:00,373.25
2020-11-22 03:00:00+00:00,369.75
2020-11-22 04:00:00+00:00,425.75
2020-11-22 05:00:00+00:00,420.25
2020-11-22 06:00:00+00:00,568.5
2020-11-22 07:00:00+00:00,416.0
2020-11-22 08:00:00+00:00,-21.75
2020-11-22 09:00:00+00:00,-396.25
2020-11-22 10:00:00+00:00,924.0
2020-11-22 11:00:00+00:00,2092.25
2020-11-22 12:00:00+00:00,-642.75
2020-11-22 13:00:00+00:00,1010.75
2020-11-22 14:00:00+00:00,866.25
2020-11-22 15:00:00+00:00,680.5
2020-11-22 16:00:00+00:00,1526.0
2020-11-22 17:00:00+00:00,1247.25
2020-11-22 18:00:00+00:00,2884.0
2020-11-22 19:00:00+00:00,796.0
2020-11-22 20:00:00+00:00,684.25
2020-11-22 21:00:00+00:00,544.25
2020-11-22 22:00:00+00:00,469.75
2020-11-22 23:00:00+00:00,390.0
2020-11-23 00:00:00+00:00,357.5
2020-11-23 01:00:00+00:00,329.75
2020-11-23 02:00:00+00:00,336.5
2020-11-23 03:00:00+00:00,380.5
2020-11-23 04:00:00+00:00,540.0
2020-11-23 05:00:00+00:00,442.75
2020-11-23 06:00:00+00:00,352.75
2020-11-23 07:00:00+00:00,488.0
2020-11-23 08:00:00+00:00,247.0
2020-11-23 09:00:00+00:00,295.0
2020-11-23 10:00:00+00:00,80.0
2020-11-23 11:00:00+00:00,-164.75
2020-11-23 12:00:00+00:00,-782.25
2020-11-23 13:00:00+00:00,-382.25
2020-11-23 14:00:00+00:00,37.0
2020-11-23 15:00:00+00:00,526.75
2020-11-23 16:00:00+00:00,901.5
2020-11-23 17:00:00+00:00,1160.5
2020-11-23 18:00:00+00:00,928.5
2020-11-23 19:00:00+00:00,761.25
2020-11-23 20:00:00+00:00,867.0
2020-11-23 21:00:00+00:00,567.25
2020-11-23 22:00:00+00:00,418.0
2020-11-23 23:00:00+00:00,357.0
2020-11-24 00:00:00+00:00,337.0
2020-11-24 01:00:00+00:00,323.25
2020-11-24 02:00:00+00:00,346.75
2020-11-24 03:00:00+00:00,299.0
2020-11-24 04:00:00+00:00,723.0
2020-11-24 05:00:00+00:00,485.75
2020-11-24 06:00:00+00:00,365.5
2020-11-24 07:00:00+00:00,414.5
2020-11-24 08:00:00+00:00,-58.0
2020-11-24 09:00:00+00:00,-174.75
2020-11-24 10:00:00+00:00,-92.25
2020-11-24 11:00:00+00:00,-199.25
2020-11-24 12:00:00+00:00,-79.0
2020-11-24 13:00:00+00:00,122.0
2020-11-24 14:00:00+00:00,357.75
2020-11-24 15:00:00+00:00,353.75
2020-11-24 16:00:00+00:00,307.25
2020-11-24 17:00:00+00:00,888.0
2020-11-24 18:00:00+00:00,824.0
2020-11-24 19:00:00+00:00,767.5
2020-11-24 20:00:00+00:00,959.5
2020-11-24 21:00:00+00:00,390.75
2020-11-24 22:00:00+00:00,348.75
2020-11-24 23:00:00+00:00,368.5
2020-11-25 00:00:00+00:00,355.75
2020-11-25 01:00:00+00:00,327.0
2020-11-25 02:00:00+00:00,358.25
2020-11-25 03:00:00+00:00,297.25
2020-11-25 04:00:00+00:00,570.0
2020-11-25 05:00:00+00:00,895.75
2020-11-25 06:00:00+00:00,412.0
2020-11-25 07:00:00+00:00,365.25
2020-11-25 08:00:00+00:00,172.5
2020-11-25 09:00:00+00:00,58.75
2020-11-25 10:00:00+00:00,-88.0
2020-11-25 11:00:00+00:00,-263.5
2020-11-25 12:00:00+00:00,-191.25
2020-11-25 13:00:00+00:00,59.0
2020-11-25 14:00:00+00:00,350.0
2020-11-25 15:00:00+00:00,732.25
2020-11-25 16:00:00+00:00,1282.5
2020-11-25 17:00:00+00:00,704.5
2020-11-25 18:00:00+00:00,2822.75
2020-11-25 19:00:00+00:00,4104.0
2020-11-25 20:00:00+00:00,771.75
2020-11-25 21:00:00+00:00,490.25
2020-11-25 22:00:00+00:00,335.5
2020-11-25 23:00:00+00:00,329.25
2020-11-26 00:00:00+00:00,343.75
2020-11-26 01:00:00+00:00,345.75
2020-11-26 02:00:00+00:00,371.75
2020-11-26 03:00:00+00:00,319.3333333333333
2020-11-26 04:00:00+00:00,690.25
2020-11-26 05:00:00+00:00,474.5
2020-11-26 06:00:00+00:00,363.25
2020-11-26 07:00:00+00:00,418.25
2020-11-26 08:00:00+00:00,283.0
2020-11-26 09:00:00+00:00,-147.75
2020-11-26 10:00:00+00:00,-371.5
2020-11-26 11:00:00+00:00,-99.5
2020-11-26 12:00:00+00:00,-348.5
2020-11-26 13:00:00+00:00,-86.0
2020-11-26 14:00:00+00:00,355.25
2020-11-26 15:00:00+00:00,409.75
2020-11-26 16:00:00+00:00,1270.75
2020-11-26 17:00:00+00:00,1035.0
2020-11-26 18:00:00+00:00,824.25
2020-11-26 19:00:00+00:00,661.25
2020-11-26 20:00:00+00:00,584.0
2020-11-26 21:00:00+00:00,443.0
2020-11-26 22:00:00+00:00,417.5
2020-11-26 23:00:00+00:00,407.75
2020-11-27 00:00:00+00:00,458.5
2020-11-27 01:00:00+00:00,372.75
2020-11-27 02:00:00+00:00,375.5
2020-11-27 03:00:00+00:00,382.25
2020-11-27 04:00:00+00:00,554.5
2020-11-27 05:00:00+00:00,650.75
2020-11-27 06:00:00+00:00,380.25
2020-11-27 07:00:00+00:00,218.25
2020-11-27 08:00:00+00:00,-384.5
2020-11-27 09:00:00+00:00,-744.0
2020-11-27 10:00:00+00:00,-2404.5
2020-11-27 11:00:00+00:00,-2339.5
2020-11-27 12:00:00+00:00,-1806.0
2020-11-27 13:00:00+00:00,-1364.0
2020-11-27 14:00:00+00:00,-420.5
2020-11-27 15:00:00+00:00,414.5
2020-11-27 16:00:00+00:00,872.75
2020-11-27 17:00:00+00:00,847.5
2020-11-27 18:00:00+00:00,1063.5
2020-11-27 19:00:00+00:00,761.75
2020-11-27 20:00:00+00:00,1707.0
2020-11-27 21:00:00+00:00,578.0
2020-11-27 22:00:00+00:00,356.5
2020-11-27 23:00:00+00:00,353.75
2020-11-28 00:00:00+00:00,376.25
2020-11-28 01:00:00+00:00,349.5
2020-11-28 02:00:00+00:00,356.25
2020-11-28 03:00:00+00:00,400.5
2020-11-28 04:00:00+00:00,422.5
2020-11-28 05:00:00+00:00,638.0
2020-11-28 06:00:00+00:00,462.75
2020-11-28 07:00:00+00:00,244.5
2020-11-28 08:00:00+00:00,-1666.0
2020-11-28 09:00:00+00:00,-2273.5
2020-11-28 10:00:00+00:00,-2044.25
2020-11-28 11:00:00+00:00,-1557.5
2020-11-28 12:00:00+00:00,-1561.25
2020-11-28 13:00:00+00:00,-1687.0
2020-11-28 14:00:00+00:00,-594.75
2020-11-28 15:00:00+00:00,1113.0
2020-11-28 16:00:00+00:00,2149.25
2020-11-28 17:00:00+00:00,3119.75
2020-11-28 18:00:00+00:00,3759.0
2020-11-28 19:00:00+00:00,1174.5
2020-11-28 20:00:00+00:00,2021.75
2020-11-28 21:00:00+00:00,1634.5
2020-11-28 22:00:00+00:00,494.0
2020-11-28 23:00:00+00:00,357.25
2020-11-29 00:00:00+00:00,354.0
2020-11-29 01:00:00+00:00,323.75
2020-11-29 02:00:00+00:00,363.0
2020-11-29 03:00:00+00:00,391.75
2020-11-29 04:00:00+00:00,423.25
2020-11-29 05:00:00+00:00,604.0
2020-11-29 06:00:00+00:00,621.0
2020-11-29 07:00:00+00:00,193.25
2020-11-29 08:00:00+00:00,-1733.75
2020-11-29 09:00:00+00:00,-1732.0
2020-11-29 10:00:00+00:00,-1145.25
2020-11-29 11:00:00+00:00,-1224.0
2020-11-29 12:00:00+00:00,-341.5
2020-11-29 13:00:00+00:00,-183.75
2020-11-29 14:00:00+00:00,159.0
2020-11-29 15:00:00+00:00,795.75
2020-11-29 16:00:00+00:00,1262.0
2020-11-29 17:00:00+00:00,1073.75
2020-11-29 18:00:00+00:00,1920.75
2020-11-29 19:00:00+00:00,5405.5
2020-11-29 20:00:00+00:00,3324.0
2020-11-29 21:00:00+00:00,610.75
2020-11-29 22:00:00+00:00,408.5
2020-11-29 23:00:00+00:00,390.0
2020-11-30 00:00:00+00:00,367.5
2020-11-30 01:00:00+00:00,386.5
2020-11-30 02:00:00+00:00,368.5
2020-11-30 03:00:00+00:00,410.75
2020-11-30 04:00:00+00:00,1002.5
2020-11-30 05:00:00+00:00,548.75
2020-11-30 06:00:00+00:00,422.0
2020-11-30 07:00:00+00:00,-168.0
2020-11-30 08:00:00+00:00,-1665.0
2020-11-30 09:00:00+00:00,-2612.5
2020-11-30 10:00:00+00:00,-2783.0
2020-11-30 11:00:00+00:00,-2160.75
2020-11-30 12:00:00+00:00,-1461.5
2020-11-30 13:00:00+00:00,-1148.75
2020-11-30 14:00:00+00:00,-299.25
2020-11-30 15:00:00+00:00,439.0
2020-11-30 16:00:00+00:00,718.75
2020-11-30 17:00:00+00:00,254.0
2020-11-30 18:00:00+00:00,2016.75
2020-11-30 19:00:00+00:00,1731.0
2020-11-30 20:00:00+00:00,1231.75
2020-11-30 21:00:00+00:00,488.25
2020-11-30 22:00:00+00:00,416.5
2020-11-30 23:00:00+00:00,403.75
2020-12-01 00:00:00+00:00,524.25
2020-12-01 01:00:00+00:00,378.75
2020-12-01 02:00:00+00:00,354.25
2020-12-01 03:00:00+00:00,386.75
2020-12-01 04:00:00+00:00,1034.0
2020-12-01 05:00:00+00:00,545.75
2020-12-01 06:00:00+00:00,380.0
2020-12-01 07:00:00+00:00,480.5
2020-12-01 08:00:00+00:00,347.5
2020-12-01 09:00:00+00:00,401.75
2020-12-01 10:00:00+00:00,1014.25
2020-12-01 11:00:00+00:00,1313.75
2020-12-01 12:00:00+00:00,1844.0
2020-12-01 13:00:00+00:00,421.25
2020-12-01 14:00:00+00:00,396.0
2020-12-01 15:00:00+00:00,314.5
2020-12-01 16:00:00+00:00,381.0
2020-12-01 17:00:00+00:00,436.5
2020-12-01 18:00:00+00:00,728.5
2020-12-01 19:00:00+00:00,1135.25
2020-12-01 20:00:00+00:00,770.0
2020-12-01 21:00:00+00:00,424.25
2020-12-01 22:00:00+00:00,367.0
2020-12-01 23:00:00+00:00,800.25
2020-12-02 00:00:00+00:00,358.75
2020-12-02 01:00:00+00:00,347.75
2020-12-02 02:00:00+00:00,347.75
2020-12-02 03:00:00+00:00,415.25
2020-12-02 04:00:00+00:00,963.75
2020-12-02 05:00:00+00:00,469.75
2020-12-02 06:00:00+00:00,394.5
2020-12-02 07:00:00+00:00,439.75
2020-12-02 08:00:00+00:00,315.0
2020-12-02 09:00:00+00:00,371.5
2020-12-02 10:00:00+00:00,447.0
2020-12-02 11:00:00+00:00,863.75
2020-12-02 12:00:00+00:00,342.75
2020-12-02 13:00:00+00:00,564.0
2020-12-02 14:00:00+00:00,618.0
2020-12-02 15:00:00+00:00,385.5
2020-12-02 16:00:00+00:00,581.75
2020-12-02 17:00:00+00:00,1614.25
2020-12-02 18:00:00+00:00,1320.75
2020-12-02 19:00:00+00:00,1056.5
2020-12-02 20:00:00+00:00,807.5
2020-12-02 21:00:00+00:00,407.75
2020-12-02 22:00:00+00:00,400.5
2020-12-02 23:00:00+00:00,442.0
2020-12-03 00:00:00+00:00,419.0
2020-12-03 01:00:00+00:00,377.5
2020-12-03 02:00:00+00:00,400.5
2020-12-03 03:00:00+00:00,424.0
2020-12-03 04:00:00+00:00,1409.5
2020-12-03 05:00:00+00:00,1083.6666666666667
2020-12-03 06:00:00+00:00,406.75
2020-12-03 07:00:00+00:00,360.0
2020-12-03 08:00:00+00:00,411.0
2020-12-03 09:00:00+00:00,432.75
2020-12-03 10:00:00+00:00,476.25
2020-12-03 11:00:00+00:00,463.75
2020-12-03 12:00:00+00:00,349.0
2020-12-03 13:00:00+00:00,391.75
2020-12-03 14:00:00+00:00,412.0
2020-12-03 15:00:00+00:00,537.75
2020-12-03 16:00:00+00:00,697.5
2020-12-03 17:00:00+00:00,2035.0
2020-12-03 18:00:00+00:00,1496.0
2020-12-03 19:00:00+00:00,1087.75
2020-12-03 20:00:00+00:00,1112.0
2020-12-03 21:00:00+00:00,728.5
2020-12-03 22:00:00+00:00,509.25
2020-12-03 23:00:00+00:00,408.5
2020-12-04 00:00:00+00:00,388.75
2020-12-04 01:00:00+00:00,374.25
2020-12-04 02:00:00+00:00,377.25
2020-12-04 03:00:00+00:00,389.25
2020-12-04 04:00:00+00:00,612.25
2020-12-04 05:00:00+00:00,1097.0
2020-12-04 06:00:00+00:00,1415.0
2020-12-04 07:00:00+00:00,905.75
2020-12-04 08:00:00+00:00,1279.75
2020-12-04 09:00:00+00:00,689.5
2020-12-04 10:00:00+00:00,875.25
2020-12-04 11:00:00+00:00,695.25
2020-12-04 12:00:00+00:00,527.5
2020-12-04 13:00:00+00:00,557.5
2020-12-04 14:00:00+00:00,505.0
2020-12-04 15:00:00+00:00,400.75
2020-12-04 16:00:00+00:00,662.25
2020-12-04 17:00:00+00:00,1077.5
2020-12-04 18:00:00+00:00,948.25
2020-12-04 19:00:00+00:00,3290.0
2020-12-04 20:00:00+00:00,4953.75
2020-12-04 21:00:00+00:00,2306.0
2020-12-04 22:00:00+00:00,739.25
2020-12-04 23:00:00+00:00,478.25
2020-12-05 00:00:00+00:00,473.75
2020-12-05 01:00:00+00:00,444.25
2020-12-05 02:00:00+00:00,367.75
2020-12-05 03:00:00+00:00,380.0
2020-12-05 04:00:00+00:00,431.0
2020-12-05 05:00:00+00:00,390.0
2020-12-05 06:00:00+00:00,373.25
2020-12-05 07:00:00+00:00,413.5
2020-12-05 08:00:00+00:00,615.75
2020-12-05 09:00:00+00:00,1879.5
2020-12-05 10:00:00+00:00,1122.25
2020-12-05 11:00:00+00:00,4850.5
2020-12-05 12:00:00+00:00,2100.25
2020-12-05 13:00:00+00:00,3270.75
2020-12-05 14:00:00+00:00,873.0
2020-12-05 15:00:00+00:00,4221.75
2020-12-05 16:00:00+00:00,2373.75
2020-12-05 17:00:00+00:00,1538.5
2020-12-05 18:00:00+00:00,1099.25
2020-12-05 19:00:00+00:00,1250.5
2020-12-05 20:00:00+00:00,985.5
2020-12-05 21:00:00+00:00,1898.5
2020-12-05 22:00:00+00:00,1719.25
2020-12-05 23:00:00+00:00,1394.5
2020-12-06 00:00:00+00:00,361.0
2020-12-06 01:00:00+00:00,350.25
2020-12-06 02:00:00+00:00,353.5
2020-12-06 03:00:00+00:00,321.75
2020-12-06 04:00:00+00:00,426.5
2020-12-06 05:00:00+00:00,504.5
2020-12-06 06:00:00+00:00,903.0
2020-12-06 07:00:00+00:00,937.75
2020-12-06 08:00:00+00:00,1760.75
2020-12-06 09:00:00+00:00,1353.25
2020-12-06 10:00:00+00:00,2438.5
2020-12-06 11:00:00+00:00,1141.75
2020-12-06 12:00:00+00:00,920.5
2020-12-06 13:00:00+00:00,917.75
2020-12-06 14:00:00+00:00,1221.0
2020-12-06 15:00:00+00:00,1206.0
2020-12-06 16:00:00+00:00,1105.0
2020-12-06 17:00:00+00:00,1164.0
2020-12-06 18:00:00+00:00,3724.5
2020-12-06 19:00:00+00:00,4518.5
2020-12-06 20:00:00+00:00,2826.5
2020-12-06 21:00:00+00:00,714.25
2020-12-06 22:00:00+00:00,511.75
2020-12-06 23:00:00+00:00,383.75
2020-12-07 00:00:00+00:00,382.5
2020-12-07 01:00:00+00:00,362.75
2020-12-07 02:00:00+00:00,348.0
2020-12-07 03:00:00+00:00,360.75
2020-12-07 04:00:00+00:00,922.25
2020-12-07 05:00:00+00:00,518.0
2020-12-07 06:00:00+00:00,358.25
2020-12-07 07:00:00+00:00,396.0
2020-12-07 08:00:00+00:00,-4.0
2020-12-07 09:00:00+00:00,-461.0
2020-12-07 10:00:00+00:00,-444.5
2020-12-07 11:00:00+00:00,-275.5
2020-12-07 12:00:00+00:00,250.0
2020-12-07 13:00:00+00:00,404.25
2020-12-07 14:00:00+00:00,547.5
2020-12-07 15:00:00+00:00,648.75
2020-12-07 16:00:00+00:00,844.0
2020-12-07 17:00:00+00:00,758.0
2020-12-07 18:00:00+00:00,1841.25
2020-12-07 19:00:00+00:00,1297.0
2020-12-07 20:00:00+00:00,1216.75
2020-12-07 21:00:00+00:00,838.0
2020-12-07 22:00:00+00:00,524.75
2020-12-07 23:00:00+00:00,496.25
2020-12-08 00:00:00+00:00,366.75
2020-12-08 01:00:00+00:00,396.0
2020-12-08 02:00:00+00:00,356.75
2020-12-08 03:00:00+00:00,427.75
2020-12-08 04:00:00+00:00,1048.5
2020-12-08 05:00:00+00:00,661.0
2020-12-08 06:00:00+00:00,379.25
2020-12-08 07:00:00+00:00,130.25
2020-12-08 08:00:00+00:00,-624.0
2020-12-08 09:00:00+00:00,-1095.0
2020-12-08 10:00:00+00:00,-1290.25
2020-12-08 11:00:00+00:00,-1666.0
2020-12-08 12:00:00+00:00,-1568.75
2020-12-08 13:00:00+00:00,-629.25
2020-12-08 14:00:00+00:00,107.0
2020-12-08 15:00:00+00:00,447.5
2020-12-08 16:00:00+00:00,1955.0
2020-12-08 17:00:00+00:00,1251.75
2020-12-08 18:00:00+00:00,2616.5
2020-12-08 19:00:00+00:00,1392.0
2020-12-08 20:00:00+00:00,840.75
2020-12-08 21:00:00+00:00,427.25
2020-12-08 22:00:00+00:00,365.25
2020-12-08 23:00:00+00:00,317.0
2020-12-09 00:00:00+00:00,333.5
2020-12-09 01:00:00+00:00,319.0
2020-12-09 02:00:00+00:00,322.25
2020-12-09 03:00:00+00:00,340.25
2020-12-09 04:00:00+00:00,1004.75
2020-12-09 05:00:00+00:00,1193.75
2020-12-09 06:00:00+00:00,459.25
2020-12-09 07:00:00+00:00,366.25
2020-12-09 08:00:00+00:00,311.75
2020-12-09 09:00:00+00:00,304.25
2020-12-09 10:00:00+00:00,372.75
2020-12-09 11:00:00+00:00,101.25
2020-12-09 12:00:00+00:00,-20.5
2020-12-09 13:00:00+00:00,349.5
2020-12-09 14:00:00+00:00,675.75
2020-12-09 15:00:00+00:00,638.25
2020-12-09 16:00:00+00:00,754.5
2020-12-09 17:00:00+00:00,1953.5
2020-12-09 18:00:00+00:00,999.5
2020-12-09 19:00:00+00:00,1013.0
2020-12-09 20:00:00+00:00,905.5
2020-12-09 21:00:00+00:00,525.0
2020-12-09 22:00:00+00:00,386.0
2020-12-09 23:00:00+00:00,360.75
2020-12-10 00:00:00+00:00,355.75
2020-12-10 01:00:00+00:00,371.75
2020-12-10 02:00:00+00:00,322.0
2020-12-10 03:00:00+00:00,371.0
2020-12-10 04:00:00+00:00,878.5
2020-12-10 05:00:00+00:00,594.5
2020-12-10 06:00:00+00:00,378.5
2020-12-10 07:00:00+00:00,359.0
2020-12-10 08:00:00+00:00,314.25
2020-12-10 09:00:00+00:00,389.0
2020-12-10 10:00:00+00:00,562.75
2020-12-10 11:00:00+00:00,417.5
2020-12-10 12:00:00+00:00,325.0
2020-12-10 13:00:00+00:00,585.0
2020-12-10 14:00:00+00:00,445.5
2020-12-10 15:00:00+00:00,1188.75
2020-12-10 16:00:00+00:00,1583.5
2020-12-10 17:00:00+00:00,1401.75
2020-12-10 18:00:00+00:00,1577.25
2020-12-10 19:00:00+00:00,1092.5
2020-12-10 20:00:00+00:00,1076.0
2020-12-10 21:00:00+00:00,464.75
2020-12-10 22:00:00+00:00,366.75
2020-12-10 23:00:00+00:00,377.25
2020-12-11 00:00:00+00:00,347.5
2020-12-11 01:00:00+00:00,340.5
2020-12-11 02:00:00+00:00,373.75
2020-12-11 03:00:00+00:00,298.25
2020-12-11 04:00:00+00:00,433.5
2020-12-11 05:00:00+00:00,782.25
2020-12-11 06:00:00+00:00,835.5
2020-12-11 07:00:00+00:00,478.75
2020-12-11 08:00:00+00:00,267.5
2020-12-11 09:00:00+00:00,-382.5
2020-12-11 10:00:00+00:00,-600.0
2020-12-11 11:00:00+00:00,-442.5
2020-12-11 12:00:00+00:00,-270.75
2020-12-11 13:00:00+00:00,-268.25
2020-12-11 14:00:00+00:00,232.5
2020-12-11 15:00:00+00:00,633.0
2020-12-11 16:00:00+00:00,615.75
2020-12-11 17:00:00+00:00,1285.25
2020-12-11 18:00:00+00:00,1035.75
2020-12-11 19:00:00+00:00,938.75
2020-12-11 20:00:00+00:00,1065.0
2020-12-11 21:00:00+00:00,615.75
2020-12-11 22:00:00+00:00,352.25
2020-12-11 23:00:00+00:00,332.5
2020-12-12 00:00:00+00:00,373.0
2020-12-12 01:00:00+00:00,358.0
2020-12-12 02:00:00+00:00,364.5
2020-12-12 03:00:00+00:00,420.0
2020-12-12 04:00:00+00:00,420.5
2020-12-12 05:00:00+00:00,560.5
2020-12-12 06:00:00+00:00,639.75
2020-12-12 07:00:00+00:00,1492.0
2020-12-12 08:00:00+00:00,-18.5
2020-12-12 09:00:00+00:00,645.0
2020-12-12 10:00:00+00:00,869.25
2020-12-12 11:00:00+00:00,1053.25
2020-12-12 12:00:00+00:00,420.75
2020-12-12 13:00:00+00:00,304.25
2020-12-12 14:00:00+00:00,1986.75
2020-12-12 15:00:00+00:00,3476.75
2020-12-12 16:00:00+00:00,1840.75
2020-12-12 17:00:00+00:00,2804.25
2020-12-12 18:00:00+00:00,2125.5
2020-12-12 19:00:00+00:00,1823.25
2020-12-12 20:00:00+00:00,1663.5
2020-12-12 21:00:00+00:00,1016.75
2020-12-12 22:00:00+00:00,690.0
2020-12-12 23:00:00+00:00,395.0
2020-12-13 00:00:00+00:00,362.0
2020-12-13 01:00:00+00:00,391.75
2020-12-13 02:00:00+00:00,362.5
2020-12-13 03:00:00+00:00,354.25
2020-12-13 04:00:00+00:00,424.75
2020-12-13 05:00:00+00:00,399.75
2020-12-13 06:00:00+00:00,535.25
2020-12-13 07:00:00+00:00,2151.75
2020-12-13 08:00:00+00:00,590.75
2020-12-13 09:00:00+00:00,846.25
2020-12-13 10:00:00+00:00,1743.0
2020-12-13 11:00:00+00:00,1660.0
2020-12-13 12:00:00+00:00,823.0
2020-12-13 13:00:00+00:00,1403.0
2020-12-13 14:00:00+00:00,1218.0
2020-12-13 15:00:00+00:00,644.5
2020-12-13 16:00:00+00:00,891.5
2020-12-13 17:00:00+00:00,816.75
2020-12-13 18:00:00+00:00,1813.5
2020-12-13 19:00:00+00:00,5158.0
2020-12-13 20:00:00+00:00,3201.25
2020-12-13 21:00:00+00:00,856.0
2020-12-13 22:00:00+00:00,385.25
2020-12-13 23:00:00+00:00,348.5
2020-12-14 00:00:00+00:00,337.25
2020-12-14 01:00:00+00:00,347.0
2020-12-14 02:00:00+00:00,317.75
2020-12-14 03:00:00+00:00,321.5
2020-12-14 04:00:00+00:00,982.0
2020-12-14 05:00:00+00:00,674.25
2020-12-14 06:00:00+00:00,384.75
2020-12-14 07:00:00+00:00,274.25
2020-12-14 08:00:00+00:00,-9.5
2020-12-14 09:00:00+00:00,-295.75
2020-12-14 10:00:00+00:00,-579.5
2020-12-14 11:00:00+00:00,-650.75
2020-12-14 12:00:00+00:00,-460.0
2020-12-14 13:00:00+00:00,-160.25
2020-12-14 14:00:00+00:00,178.25
2020-12-14 15:00:00+00:00,481.5
2020-12-14 16:00:00+00:00,1382.25
2020-12-14 17:00:00+00:00,1049.75
2020-12-14 18:00:00+00:00,863.75
2020-12-14 19:00:00+00:00,876.0
2020-12-14 20:00:00+00:00,802.25
2020-12-14 21:00:00+00:00,379.25
2020-12-14 22:00:00+00:00,359.5
2020-12-14 23:00:00+00:00,319.5
2020-12-15 00:00:00+00:00,343.5
2020-12-15 01:00:00+00:00,329.0
2020-12-15 02:00:00+00:00,344.5
2020-12-15 03:00:00+00:00,351.0
2020-12-15 04:00:00+00:00,1101.75
2020-12-15 05:00:00+00:00,1235.25
2020-12-15 06:00:00+00:00,568.0
2020-12-15 07:00:00+00:00,303.75
2020-12-15 08:00:00+00:00,-199.75
2020-12-15 09:00:00+00:00,-498.25
2020-12-15 10:00:00+00:00,-1008.25
2020-12-15 11:00:00+00:00,-1257.0
2020-12-15 12:00:00+00:00,-1071.25
2020-12-15 13:00:00+00:00,-470.0
2020-12-15 14:00:00+00:00,255.5
2020-12-15 15:00:00+00:00,535.5
2020-12-15 16:00:00+00:00,748.0
2020-12-15 17:00:00+00:00,571.0
2020-12-15 18:00:00+00:00,836.5
2020-12-15 19:00:00+00:00,698.0
2020-12-15 20:00:00+00:00,776.75
2020-12-15 21:00:00+00:00,641.75
2020-12-15 22:00:00+00:00,365.5
2020-12-15 23:00:00+00:00,309.75
2020-12-16 00:00:00+00:00,321.5
2020-12-16 01:00:00+00:00,339.25
2020-12-16 02:00:00+00:00,323.0
2020-12-16 03:00:00+00:00,345.0
2020-12-16 04:00:00+00:00,844.5
2020-12-16 05:00:00+00:00,598.75
2020-12-16 06:00:00+00:00,345.75
2020-12-16 07:00:00+00:00,391.0
2020-12-16 08:00:00+00:00,1091.0
2020-12-16 09:00:00+00:00,-295.5
2020-12-16 10:00:00+00:00,1444.0
2020-12-16 11:00:00+00:00,-129.5
2020-12-16 12:00:00+00:00,-956.5
2020-12-16 13:00:00+00:00,2288.75
2020-12-16 14:00:00+00:00,551.75
2020-12-16 15:00:00+00:00,2490.75
2020-12-16 16:00:00+00:00,1398.25
2020-12-16 17:00:00+00:00,887.0
2020-12-16 18:00:00+00:00,737.75
2020-12-16 19:00:00+00:00,939.0
2020-12-16 20:00:00+00:00,769.5
2020-12-16 21:00:00+00:00,541.75
2020-12-16 22:00:00+00:00,417.75
2020-12-16 23:00:00+00:00,323.75
2020-12-17 00:00:00+00:00,302.75
2020-12-17 01:00:00+00:00,349.5
2020-12-17 02:00:00+00:00,333.5
2020-12-17 03:00:00+00:00,353.6666666666667
2020-12-17 04:00:00+00:00,950.0
2020-12-17 05:00:00+00:00,581.5
2020-12-17 06:00:00+00:00,382.25
2020-12-17 07:00:00+00:00,414.0
2020-12-17 08:00:00+00:00,395.25
2020-12-17 09:00:00+00:00,-37.5
2020-12-17 10:00:00+00:00,-295.25
2020-12-17 11:00:00+00:00,-898.25
2020-12-17 12:00:00+00:00,-631.0
2020-12-17 13:00:00+00:00,-155.0
2020-12-17 14:00:00+00:00,990.6666666666666
2020-12-17 15:00:00+00:00,850.5
2020-12-17 16:00:00+00:00,2217.75
2020-12-17 17:00:00+00:00,1616.25
2020-12-17 18:00:00+00:00,977.0
2020-12-17 19:00:00+00:00,810.5
2020-12-17 20:00:00+00:00,736.0
2020-12-17 21:00:00+00:00,680.25
2020-12-17 22:00:00+00:00,703.25
2020-12-17 23:00:00+00:00,455.25
2020-12-18 00:00:00+00:00,383.5
2020-12-18 01:00:00+00:00,353.5
2020-12-18 02:00:00+00:00,333.5
2020-12-18 03:00:00+00:00,361.75
2020-12-18 04:00:00+00:00,410.75
2020-12-18 05:00:00+00:00,807.0
2020-12-18 06:00:00+00:00,682.75
2020-12-18 07:00:00+00:00,507.0
2020-12-18 08:00:00+00:00,70.5
2020-12-18 09:00:00+00:00,411.0
2020-12-18 10:00:00+00:00,-102.25
2020-12-18 11:00:00+00:00,471.25
2020-12-18 12:00:00+00:00,-872.25
2020-12-18 13:00:00+00:00,-746.0
2020-12-18 14:00:00+00:00,71.5
2020-12-18 15:00:00+00:00,983.0
2020-12-18 16:00:00+00:00,1093.25
2020-12-18 17:00:00+00:00,1726.5
2020-12-18 18:00:00+00:00,1018.5
2020-12-18 19:00:00+00:00,976.0
2020-12-18 20:00:00+00:00,830.5
2020-12-18 21:00:00+00:00,582.5
2020-12-18 22:00:00+00:00,466.0
2020-12-18 23:00:00+00:00,375.25
2020-12-19 00:00:00+00:00,344.75
2020-12-19 01:00:00+00:00,378.0
2020-12-19 02:00:00+00:00,346.5
2020-12-19 03:00:00+00:00,396.75
2020-12-19 04:00:00+00:00,436.25
2020-12-19 05:00:00+00:00,365.5
2020-12-19 06:00:00+00:00,400.25
2020-12-19 07:00:00+00:00,704.75
2020-12-19 08:00:00+00:00,309.75
2020-12-19 09:00:00+00:00,13.5
2020-12-19 10:00:00+00:00,2383.5
2020-12-19 11:00:00+00:00,729.0
2020-12-19 12:00:00+00:00,177.0
2020-12-19 13:00:00+00:00,1903.25
2020-12-19 14:00:00+00:00,1653.25
2020-12-19 15:00:00+00:00,896.75
2020-12-19 16:00:00+00:00,4133.25
2020-12-19 17:00:00+00:00,2651.0
2020-12-19 18:00:00+00:00,3787.75
2020-12-19 19:00:00+00:00,3928.75
2020-12-19 20:00:00+00:00,1008.25
2020-12-19 21:00:00+00:00,794.25
2020-12-19 22:00:00+00:00,2785.5
2020-12-19 23:00:00+00:00,1781.0
2020-12-20 00:00:00+00:00,429.5
2020-12-20 01:00:00+00:00,355.75
2020-12-20 02:00:00+00:00,357.75
2020-12-20 03:00:00+00:00,353.75
2020-12-20 04:00:00+00:00,444.75
2020-12-20 05:00:00+00:00,363.75
2020-12-20 06:00:00+00:00,374.25
2020-12-20 07:00:00+00:00,364.75
2020-12-20 08:00:00+00:00,516.5
2020-12-20 09:00:00+00:00,270.75
2020-12-20 10:00:00+00:00,-861.0
2020-12-20 11:00:00+00:00,264.25
2020-12-20 12:00:00+00:00,-168.0
2020-12-20 13:00:00+00:00,-14.75
2020-12-20 14:00:00+00:00,2361.25
2020-12-20 15:00:00+00:00,2512.5
2020-12-20 16:00:00+00:00,1872.5
2020-12-20 17:00:00+00:00,2116.5
2020-12-20 18:00:00+00:00,1247.75
2020-12-20 19:00:00+00:00,1006.0
2020-12-20 20:00:00+00:00,784.0
2020-12-20 21:00:00+00:00,545.25
2020-12-20 22:00:00+00:00,377.75
2020-12-20 23:00:00+00:00,333.0
2020-12-21 00:00:00+00:00,355.25
2020-12-21 01:00:00+00:00,338.75
2020-12-21 02:00:00+00:00,354.75
2020-12-21 03:00:00+00:00,518.75
2020-12-21 04:00:00+00:00,967.5
2020-12-21 05:00:00+00:00,619.75
2020-12-21 06:00:00+00:00,355.5
2020-12-21 07:00:00+00:00,354.25
2020-12-21 08:00:00+00:00,-123.25
2020-12-21 09:00:00+00:00,-221.25
2020-12-21 10:00:00+00:00,-175.25
2020-12-21 11:00:00+00:00,140.25
2020-12-21 12:00:00+00:00,-326.25
2020-12-21 13:00:00+00:00,-205.75
2020-12-21 14:00:00+00:00,471.25
2020-12-21 15:00:00+00:00,516.75
2020-12-21 16:00:00+00:00,1259.5
2020-12-21 17:00:00+00:00,1857.5
2020-12-21 18:00:00+00:00,5566.75
2020-12-21 19:00:00+00:00,3411.75
2020-12-21 20:00:00+00:00,2598.0
2020-12-21 21:00:00+00:00,1017.25
2020-12-21 22:00:00+00:00,343.0
2020-12-21 23:00:00+00:00,319.5
2020-12-22 00:00:00+00:00,329.25
2020-12-22 01:00:00+00:00,325.75
2020-12-22 02:00:00+00:00,316.75
2020-12-22 03:00:00+00:00,410.0
2020-12-22 04:00:00+00:00,851.0
2020-12-22 05:00:00+00:00,622.0
2020-12-22 06:00:00+00:00,358.25
2020-12-22 07:00:00+00:00,374.0
2020-12-22 08:00:00+00:00,295.0
2020-12-22 09:00:00+00:00,-28.0
2020-12-22 10:00:00+00:00,-408.25
2020-12-22 11:00:00+00:00,-48.0
2020-12-22 12:00:00+00:00,95.75
2020-12-22 13:00:00+00:00,159.75
2020-12-22 14:00:00+00:00,327.25
2020-12-22 15:00:00+00:00,728.5
2020-12-22 16:00:00+00:00,1479.25
2020-12-22 17:00:00+00:00,1530.5
2020-12-22 18:00:00+00:00,1712.0
2020-12-22 19:00:00+00:00,5715.75
2020-12-22 20:00:00+00:00,3201.5
2020-12-22 21:00:00+00:00,720.0
2020-12-22 22:00:00+00:00,298.75
2020-12-22 23:00:00+00:00,331.75
2020-12-23 00:00:00+00:00,298.75
2020-12-23 01:00:00+00:00,327.0
2020-12-23 02:00:00+00:00,293.5
2020-12-23 03:00:00+00:00,309.25
2020-12-23 04:00:00+00:00,856.25
2020-12-23 05:00:00+00:00,571.25
2020-12-23 06:00:00+00:00,421.0
2020-12-23 07:00:00+00:00,350.0
2020-12-23 08:00:00+00:00,256.5
2020-12-23 09:00:00+00:00,146.0
2020-12-23 10:00:00+00:00,-145.25
2020-12-23 11:00:00+00:00,-106.5
2020-12-23 12:00:00+00:00,234.5
2020-12-23 13:00:00+00:00,161.25
2020-12-23 14:00:00+00:00,415.5
2020-12-23 15:00:00+00:00,799.25
2020-12-23 16:00:00+00:00,1656.25
2020-12-23 17:00:00+00:00,903.25
2020-12-23 18:00:00+00:00,685.0
2020-12-23 19:00:00+00:00,921.0
2020-12-23 20:00:00+00:00,910.0
2020-12-23 21:00:00+00:00,632.75
2020-12-23 22:00:00+00:00,470.75
2020-12-23 23:00:00+00:00,514.0
2020-12-24 00:00:00+00:00,444.5
2020-12-24 01:00:00+00:00,305.75
2020-12-24 02:00:00+00:00,301.0
2020-12-24 03:00:00+00:00,349.0
2020-12-24 04:00:00+00:00,393.0
2020-12-24 05:00:00+00:00,567.0
2020-12-24 06:00:00+00:00,521.25
2020-12-24 07:00:00+00:00,891.0
2020-12-24 08:00:00+00:00,585.5
2020-12-24 09:00:00+00:00,2857.0
2020-12-24 10:00:00+00:00,2668.0
2020-12-24 11:00:00+00:00,1101.5
2020-12-24 12:00:00+00:00,1065.5
2020-12-24 13:00:00+00:00,1059.25
2020-12-24 14:00:00+00:00,5610.25
2020-12-24 15:00:00+00:00,3751.0
2020-12-24 16:00:00+00:00,1005.5
2020-12-24 17:00:00+00:00,626.0
2020-12-24 18:00:00+00:00,4277.25
2020-12-24 19:00:00+00:00,921.25
2020-12-24 20:00:00+00:00,837.0
2020-12-24 21:00:00+00:00,808.75
2020-12-24 22:00:00+00:00,605.25
2020-12-24 23:00:00+00:00,367.0
2020-12-25 00:00:00+00:00,343.25
2020-12-25 01:00:00+00:00,371.5
2020-12-25 02:00:00+00:00,341.5
2020-12-25 03:00:00+00:00,341.3333333333333
2020-12-25 04:00:00+00:00,419.75
2020-12-25 05:00:00+00:00,526.5
2020-12-25 06:00:00+00:00,669.5
2020-12-25 07:00:00+00:00,658.5
2020-12-25 08:00:00+00:00,285.75
2020-12-25 09:00:00+00:00,-336.25
2020-12-25 10:00:00+00:00,-646.0
2020-12-25 11:00:00+00:00,48.25
2020-12-25 12:00:00+00:00,1188.5
2020-12-25 13:00:00+00:00,1333.25
2020-12-25 14:00:00+00:00,3461.5
2020-12-25 15:00:00+00:00,3875.75
2020-12-25 16:00:00+00:00,1363.0
2020-12-25 17:00:00+00:00,996.0
2020-12-25 18:00:00+00:00,2340.5
2020-12-25 19:00:00+00:00,983.25
2020-12-25 20:00:00+00:00,765.75
2020-12-25 21:00:00+00:00,702.25
2020-12-25 22:00:00+00:00,625.0
2020-12-25 23:00:00+00:00,470.0
2020-12-26 00:00:00+00:00,328.5
2020-12-26 01:00:00+00:00,353.0
2020-12-26 02:00:00+00:00,352.0
2020-12-26 03:00:00+00:00,378.25
2020-12-26 04:00:00+00:00,521.0
2020-12-26 05:00:00+00:00,432.75
2020-12-26 06:00:00+00:00,388.5
2020-12-26 07:00:00+00:00,94.5
2020-12-26 08:00:00+00:00,-400.0
2020-12-26 09:00:00+00:00,-1157.0
2020-12-26 10:00:00+00:00,-438.5
2020-12-26 11:00:00+00:00,928.0
2020-12-26 12:00:00+00:00,694.75
2020-12-26 13:00:00+00:00,600.5
2020-12-26 14:00:00+00:00,833.75
2020-12-26 15:00:00+00:00,1120.5
2020-12-26 16:00:00+00:00,4152.5
2020-12-26 17:00:00+00:00,4458.5
2020-12-26 18:00:00+00:00,4498.5
2020-12-26 19:00:00+00:00,1762.25
2020-12-26 20:00:00+00:00,1326.75
2020-12-26 21:00:00+00:00,1039.5
2020-12-26 22:00:00+00:00,847.5
2020-12-26 23:00:00+00:00,894.75
2020-12-27 00:00:00+00:00,702.75
2020-12-27 01:00:00+00:00,843.0
2020-12-27 02:00:00+00:00,733.0
2020-12-27 03:00:00+00:00,648.0
2020-12-27 04:00:00+00:00,872.0
2020-12-27 05:00:00+00:00,962.75
2020-12-27 06:00:00+00:00,1515.5
2020-12-27 07:00:00+00:00,1211.0
2020-12-27 08:00:00+00:00,868.25
2020-12-27 09:00:00+00:00,310.25
2020-12-27 10:00:00+00:00,1010.25
2020-12-27 11:00:00+00:00,-30.0
2020-12-27 12:00:00+00:00,-321.75
2020-12-27 13:00:00+00:00,2424.5
2020-12-27 14:00:00+00:00,1856.0
2020-12-27 15:00:00+00:00,1528.0
2020-12-27 16:00:00+00:00,1270.5
2020-12-27 17:00:00+00:00,1645.25
2020-12-27 18:00:00+00:00,2069.75
2020-12-27 19:00:00+00:00,6332.5
2020-12-27 20:00:00+00:00,2454.25
2020-12-27 21:00:00+00:00,926.75
2020-12-27 22:00:00+00:00,737.25
2020-12-27 23:00:00+00:00,679.75
2020-12-28 00:00:00+00:00,689.0
2020-12-28 01:00:00+00:00,678.75
2020-12-28 02:00:00+00:00,750.25
2020-12-28 03:00:00+00:00,1232.75
2020-12-28 04:00:00+00:00,925.75
2020-12-28 05:00:00+00:00,1271.0
2020-12-28 06:00:00+00:00,947.25
2020-12-28 07:00:00+00:00,931.25
2020-12-28 08:00:00+00:00,551.75
2020-12-28 09:00:00+00:00,-539.5
2020-12-28 10:00:00+00:00,298.25
2020-12-28 11:00:00+00:00,424.25
2020-12-28 12:00:00+00:00,1073.0
2020-12-28 13:00:00+00:00,1436.0
2020-12-28 14:00:00+00:00,2450.75
2020-12-28 15:00:00+00:00,6367.75
2020-12-28 16:00:00+00:00,1749.25
2020-12-28 17:00:00+00:00,1633.25
2020-12-28 18:00:00+00:00,1211.25
2020-12-28 19:00:00+00:00,1440.0
2020-12-28 20:00:00+00:00,1261.0
2020-12-28 21:00:00+00:00,1280.75
2020-12-28 22:00:00+00:00,852.25
2020-12-28 23:00:00+00:00,734.0
2020-12-29 00:00:00+00:00,699.5
2020-12-29 01:00:00+00:00,658.75
2020-12-29 02:00:00+00:00,678.25
2020-12-29 03:00:00+00:00,802.5
2020-12-29 04:00:00+00:00,921.25
2020-12-29 05:00:00+00:00,1070.0
2020-12-29 06:00:00+00:00,3469.0
2020-12-29 07:00:00+00:00,1967.0
2020-12-29 08:00:00+00:00,698.5
2020-12-29 09:00:00+00:00,982.5
2020-12-29 10:00:00+00:00,678.5
2020-12-29 11:00:00+00:00,187.0
2020-12-29 12:00:00+00:00,1510.75
2020-12-29 13:00:00+00:00,1278.5
2020-12-29 14:00:00+00:00,233.5
2020-12-29 15:00:00+00:00,1340.75
2020-12-29 16:00:00+00:00,1933.0
2020-12-29 17:00:00+00:00,1407.0
2020-12-29 18:00:00+00:00,1723.5
2020-12-29 19:00:00+00:00,1381.5
2020-12-29 20:00:00+00:00,1059.75
2020-12-29 21:00:00+00:00,861.5
2020-12-29 22:00:00+00:00,761.5
2020-12-29 23:00:00+00:00,800.75
2020-12-30 00:00:00+00:00,723.0
2020-12-30 01:00:00+00:00,679.0
2020-12-30 02:00:00+00:00,685.5
2020-12-30 03:00:00+00:00,599.5
2020-12-30 04:00:00+00:00,763.0
2020-12-30 05:00:00+00:00,796.75
2020-12-30 06:00:00+00:00,998.5
2020-12-30 07:00:00+00:00,1542.0
2020-12-30 08:00:00+00:00,208.5
2020-12-30 09:00:00+00:00,-1631.5
2020-12-30 10:00:00+00:00,-818.0
2020-12-30 11:00:00+00:00,-1009.5
2020-12-30 12:00:00+00:00,-232.75
2020-12-30 13:00:00+00:00,312.5
2020-12-30 14:00:00+00:00,480.75
2020-12-30 15:00:00+00:00,2559.75
2020-12-30 16:00:00+00:00,5558.5
2020-12-30 17:00:00+00:00,3133.25
2020-12-30 18:00:00+00:00,1850.25
2020-12-30 19:00:00+00:00,1944.25
2020-12-30 20:00:00+00:00,1668.5
2020-12-30 21:00:00+00:00,1064.25
2020-12-30 22:00:00+00:00,705.75
2020-12-30 23:00:00+00:00,650.75
2020-12-31 00:00:00+00:00,675.25
2020-12-31 01:00:00+00:00,658.0
2020-12-31 02:00:00+00:00,679.5
2020-12-31 03:00:00+00:00,530.25
2020-12-31 04:00:00+00:00,839.5
2020-12-31 05:00:00+00:00,1205.0
2020-12-31 06:00:00+00:00,957.75
2020-12-31 07:00:00+00:00,902.75
2020-12-31 08:00:00+00:00,707.5
2020-12-31 09:00:00+00:00,-1972.0
2020-12-31 10:00:00+00:00,-2783.75
2020-12-31 11:00:00+00:00,-2104.0
2020-12-31 12:00:00+00:00,-964.25
2020-12-31 13:00:00+00:00,131.5
2020-12-31 14:00:00+00:00,2314.75
2020-12-31 15:00:00+00:00,1401.5
2020-12-31 16:00:00+00:00,4921.25
2020-12-31 17:00:00+00:00,1885.25
2020-12-31 18:00:00+00:00,3850.25
2020-12-31 19:00:00+00:00,1504.75
2020-12-31 20:00:00+00:00,1022.75
2020-12-31 21:00:00+00:00,1059.25
2020-12-31 22:00:00+00:00,1079.0
